Name,Course Number,Course Title
STUDENT_B6F95FF73515,CCB0EDD,COURSE_CCB0EDDCF252
STUDENT_B6F95FF73515,B2EED57,COURSE_B2EED574D766
STUDENT_B6F95FF73515,3895DF1,COURSE_3895DF1B2396
STUDENT_B6F95FF73515,6C418F3,COURSE_6C418F3F4ACC
STUDENT_B6F95FF73515,165B6EC,COURSE_165B6EC64386
STUDENT_B6F95FF73515,A9C3CE0,COURSE_A9C3CE099531
STUDENT_968EB3AA90AE,CCB0EDD,COURSE_CCB0EDDCF252
STUDENT_968EB3AA90AE,B2EED57,COURSE_B2EED574D766
STUDENT_968EB3AA90AE,3895DF1,COURSE_3895DF1B2396
STUDENT_968EB3AA90AE,6C418F3,COURSE_6C418F3F4ACC
STUDENT_968EB3AA90AE,165B6EC,COURSE_165B6EC64386
STUDENT_968EB3AA90AE,A9C3CE0,COURSE_A9C3CE099531
STUDENT_9CB5EE685C38,CCB0EDD,COURSE_CCB0EDDCF252
STUDENT_9CB5EE685C38,B2EED57,COURSE_B2EED574D766
STUDENT_9CB5EE685C38,3895DF1,COURSE_3895DF1B2396
STUDENT_9CB5EE685C38,6C418F3,COURSE_6C418F3F4ACC
STUDENT_9CB5EE685C38,48F4CC0,COURSE_48F4CC02AA5A
STUDENT_9CB5EE685C38,4E4632B,COURSE_4E4632BBE56E
STUDENT_9B76F184B844,CCB0EDD,COURSE_CCB0EDDCF252
STUDENT_9B76F184B844,B2EED57,COURSE_B2EED574D766
STUDENT_9B76F184B844,3895DF1,COURSE_3895DF1B2396
STUDENT_9B76F184B844,6C418F3,COURSE_6C418F3F4ACC
STUDENT_9B76F184B844,48F4CC0,COURSE_48F4CC02AA5A
STUDENT_9B76F184B844,4E4632B,COURSE_4E4632BBE56E
STUDENT_10E5B083EB0E,CCB0EDD,COURSE_CCB0EDDCF252
STUDENT_10E5B083EB0E,B2EED57,COURSE_B2EED574D766
STUDENT_10E5B083EB0E,3895DF1,COURSE_3895DF1B2396
STUDENT_10E5B083EB0E,6C418F3,COURSE_6C418F3F4ACC
STUDENT_10E5B083EB0E,165B6EC,COURSE_165B6EC64386
STUDENT_10E5B083EB0E,A9C3CE0,COURSE_A9C3CE099531
STUDENT_E061302ED482,CCB0EDD,COURSE_CCB0EDDCF252
STUDENT_E061302ED482,B2EED57,COURSE_B2EED574D766
STUDENT_E061302ED482,3895DF1,COURSE_3895DF1B2396
STUDENT_E061302ED482,6C418F3,COURSE_6C418F3F4ACC
STUDENT_E061302ED482,48F4CC0,COURSE_48F4CC02AA5A
STUDENT_E061302ED482,4E4632B,COURSE_4E4632BBE56E
STUDENT_87B1C96087BB,CCB0EDD,COURSE_CCB0EDDCF252
STUDENT_87B1C96087BB,B2EED57,COURSE_B2EED574D766
STUDENT_87B1C96087BB,3895DF1,COURSE_3895DF1B2396
STUDENT_87B1C96087BB,6C418F3,COURSE_6C418F3F4ACC
STUDENT_87B1C96087BB,48F4CC0,COURSE_48F4CC02AA5A
STUDENT_87B1C96087BB,4E4632B,COURSE_4E4632BBE56E
STUDENT_0CF9E628CA08,CCB0EDD,COURSE_CCB0EDDCF252
STUDENT_0CF9E628CA08,B2EED57,COURSE_B2EED574D766
STUDENT_0CF9E628CA08,3895DF1,COURSE_3895DF1B2396
STUDENT_0CF9E628CA08,6C418F3,COURSE_6C418F3F4ACC
STUDENT_0CF9E628CA08,48F4CC0,COURSE_48F4CC02AA5A
STUDENT_0CF9E628CA08,4E4632B,COURSE_4E4632BBE56E
STUDENT_2C3165C5C484,CCB0EDD,COURSE_CCB0EDDCF252
STUDENT_2C3165C5C484,B2EED57,COURSE_B2EED574D766
STUDENT_2C3165C5C484,3895DF1,COURSE_3895DF1B2396
STUDENT_2C3165C5C484,6C418F3,COURSE_6C418F3F4ACC
STUDENT_2C3165C5C484,48F4CC0,COURSE_48F4CC02AA5A
STUDENT_2C3165C5C484,4E4632B,COURSE_4E4632BBE56E
STUDENT_AAA668A8807B,CCB0EDD,COURSE_CCB0EDDCF252
STUDENT_AAA668A8807B,B2EED57,COURSE_B2EED574D766
STUDENT_AAA668A8807B,3895DF1,COURSE_3895DF1B2396
STUDENT_AAA668A8807B,6C418F3,COURSE_6C418F3F4ACC
STUDENT_AAA668A8807B,48F4CC0,COURSE_48F4CC02AA5A
STUDENT_AAA668A8807B,4E4632B,COURSE_4E4632BBE56E
STUDENT_6D597C64E949,CCB0EDD,COURSE_CCB0EDDCF252
STUDENT_6D597C64E949,B2EED57,COURSE_B2EED574D766
STUDENT_6D597C64E949,3895DF1,COURSE_3895DF1B2396
STUDENT_6D597C64E949,6C418F3,COURSE_6C418F3F4ACC
STUDENT_6D597C64E949,48F4CC0,COURSE_48F4CC02AA5A
STUDENT_6D597C64E949,4E4632B,COURSE_4E4632BBE56E
STUDENT_B9BD92086118,CCB0EDD,COURSE_CCB0EDDCF252
STUDENT_B9BD92086118,B2EED57,COURSE_B2EED574D766
STUDENT_B9BD92086118,3895DF1,COURSE_3895DF1B2396
STUDENT_B9BD92086118,6C418F3,COURSE_6C418F3F4ACC
STUDENT_B9BD92086118,48F4CC0,COURSE_48F4CC02AA5A
STUDENT_B9BD92086118,4E4632B,COURSE_4E4632BBE56E
STUDENT_EEDA3B8F7C62,CCB0EDD,COURSE_CCB0EDDCF252
STUDENT_EEDA3B8F7C62,B2EED57,COURSE_B2EED574D766
STUDENT_EEDA3B8F7C62,3895DF1,COURSE_3895DF1B2396
STUDENT_EEDA3B8F7C62,6C418F3,COURSE_6C418F3F4ACC
STUDENT_EEDA3B8F7C62,165B6EC,COURSE_165B6EC64386
STUDENT_EEDA3B8F7C62,A9C3CE0,COURSE_A9C3CE099531
STUDENT_896695AEFFAF,CCB0EDD,COURSE_CCB0EDDCF252
STUDENT_896695AEFFAF,B2EED57,COURSE_B2EED574D766
STUDENT_896695AEFFAF,3895DF1,COURSE_3895DF1B2396
STUDENT_896695AEFFAF,6C418F3,COURSE_6C418F3F4ACC
STUDENT_896695AEFFAF,500C8E8,COURSE_500C8E8E485C
STUDENT_896695AEFFAF,47510C7,COURSE_47510C7D6B2A
STUDENT_896695AEFFAF,165B6EC,COURSE_165B6EC64386
STUDENT_D196644F1CD3,500C8E8,COURSE_500C8E8E485C
STUDENT_D196644F1CD3,47510C7,COURSE_47510C7D6B2A
STUDENT_D196644F1CD3,48F4CC0,COURSE_48F4CC02AA5A
STUDENT_D196644F1CD3,4E4632B,COURSE_4E4632BBE56E
STUDENT_D196644F1CD3,165B6EC,COURSE_165B6EC64386
STUDENT_D196644F1CD3,A9C3CE0,COURSE_A9C3CE099531
STUDENT_541E6FCD85CD,CCB0EDD,COURSE_CCB0EDDCF252
STUDENT_541E6FCD85CD,B2EED57,COURSE_B2EED574D766
STUDENT_541E6FCD85CD,165B6EC,COURSE_165B6EC64386
STUDENT_541E6FCD85CD,A9C3CE0,COURSE_A9C3CE099531
STUDENT_541E6FCD85CD,2962003,COURSE_2962003E8EB8
STUDENT_541E6FCD85CD,986F248,COURSE_986F248A2D8A
STUDENT_948089238065,CCB0EDD,COURSE_CCB0EDDCF252
STUDENT_948089238065,B2EED57,COURSE_B2EED574D766
STUDENT_948089238065,3895DF1,COURSE_3895DF1B2396
STUDENT_948089238065,6C418F3,COURSE_6C418F3F4ACC
STUDENT_948089238065,48F4CC0,COURSE_48F4CC02AA5A
STUDENT_948089238065,4E4632B,COURSE_4E4632BBE56E
STUDENT_2859E2517408,CCB0EDD,COURSE_CCB0EDDCF252
STUDENT_2859E2517408,B2EED57,COURSE_B2EED574D766
STUDENT_2859E2517408,3895DF1,COURSE_3895DF1B2396
STUDENT_2859E2517408,6C418F3,COURSE_6C418F3F4ACC
STUDENT_2859E2517408,48F4CC0,COURSE_48F4CC02AA5A
STUDENT_2859E2517408,4E4632B,COURSE_4E4632BBE56E
STUDENT_21CE3E336B71,CCB0EDD,COURSE_CCB0EDDCF252
STUDENT_21CE3E336B71,B2EED57,COURSE_B2EED574D766
STUDENT_21CE3E336B71,3895DF1,COURSE_3895DF1B2396
STUDENT_21CE3E336B71,6C418F3,COURSE_6C418F3F4ACC
STUDENT_21CE3E336B71,48F4CC0,COURSE_48F4CC02AA5A
STUDENT_21CE3E336B71,4E4632B,COURSE_4E4632BBE56E
STUDENT_8EDE7ECBC685,CCB0EDD,COURSE_CCB0EDDCF252
STUDENT_8EDE7ECBC685,B2EED57,COURSE_B2EED574D766
STUDENT_8EDE7ECBC685,500C8E8,COURSE_500C8E8E485C
STUDENT_8EDE7ECBC685,47510C7,COURSE_47510C7D6B2A
STUDENT_8EDE7ECBC685,165B6EC,COURSE_165B6EC64386
STUDENT_8EDE7ECBC685,A9C3CE0,COURSE_A9C3CE099531
STUDENT_623EAA67085A,CCB0EDD,COURSE_CCB0EDDCF252
STUDENT_623EAA67085A,B2EED57,COURSE_B2EED574D766
STUDENT_623EAA67085A,3895DF1,COURSE_3895DF1B2396
STUDENT_623EAA67085A,6C418F3,COURSE_6C418F3F4ACC
STUDENT_623EAA67085A,48F4CC0,COURSE_48F4CC02AA5A
STUDENT_623EAA67085A,4E4632B,COURSE_4E4632BBE56E
STUDENT_7ABDED3AAC15,CCB0EDD,COURSE_CCB0EDDCF252
STUDENT_7ABDED3AAC15,B2EED57,COURSE_B2EED574D766
STUDENT_7ABDED3AAC15,3895DF1,COURSE_3895DF1B2396
STUDENT_7ABDED3AAC15,6C418F3,COURSE_6C418F3F4ACC
STUDENT_7ABDED3AAC15,48F4CC0,COURSE_48F4CC02AA5A
STUDENT_7ABDED3AAC15,4E4632B,COURSE_4E4632BBE56E
STUDENT_3E2E527F340E,CCB0EDD,COURSE_CCB0EDDCF252
STUDENT_3E2E527F340E,B2EED57,COURSE_B2EED574D766
STUDENT_3E2E527F340E,165B6EC,COURSE_165B6EC64386
STUDENT_3E2E527F340E,A9C3CE0,COURSE_A9C3CE099531
STUDENT_3E2E527F340E,2962003,COURSE_2962003E8EB8
STUDENT_3E2E527F340E,986F248,COURSE_986F248A2D8A
STUDENT_FCCF077B0382,CCB0EDD,COURSE_CCB0EDDCF252
STUDENT_FCCF077B0382,B2EED57,COURSE_B2EED574D766
STUDENT_FCCF077B0382,3895DF1,COURSE_3895DF1B2396
STUDENT_FCCF077B0382,6C418F3,COURSE_6C418F3F4ACC
STUDENT_FCCF077B0382,48F4CC0,COURSE_48F4CC02AA5A
STUDENT_FCCF077B0382,4E4632B,COURSE_4E4632BBE56E
STUDENT_B648001736E4,CCB0EDD,COURSE_CCB0EDDCF252
STUDENT_B648001736E4,B2EED57,COURSE_B2EED574D766
STUDENT_B648001736E4,3895DF1,COURSE_3895DF1B2396
STUDENT_B648001736E4,6C418F3,COURSE_6C418F3F4ACC
STUDENT_B648001736E4,48F4CC0,COURSE_48F4CC02AA5A
STUDENT_B648001736E4,4E4632B,COURSE_4E4632BBE56E
STUDENT_A9E7C7333A3D,CCB0EDD,COURSE_CCB0EDDCF252
STUDENT_A9E7C7333A3D,B2EED57,COURSE_B2EED574D766
STUDENT_A9E7C7333A3D,3895DF1,COURSE_3895DF1B2396
STUDENT_A9E7C7333A3D,6C418F3,COURSE_6C418F3F4ACC
STUDENT_A9E7C7333A3D,2962003,COURSE_2962003E8EB8
STUDENT_A9E7C7333A3D,986F248,COURSE_986F248A2D8A
STUDENT_5DA0294EBB06,CCB0EDD,COURSE_CCB0EDDCF252
STUDENT_5DA0294EBB06,B2EED57,COURSE_B2EED574D766
STUDENT_5DA0294EBB06,3895DF1,COURSE_3895DF1B2396
STUDENT_5DA0294EBB06,6C418F3,COURSE_6C418F3F4ACC
STUDENT_5DA0294EBB06,165B6EC,COURSE_165B6EC64386
STUDENT_5DA0294EBB06,A9C3CE0,COURSE_A9C3CE099531
STUDENT_725671D43514,CCB0EDD,COURSE_CCB0EDDCF252
STUDENT_725671D43514,B2EED57,COURSE_B2EED574D766
STUDENT_725671D43514,3895DF1,COURSE_3895DF1B2396
STUDENT_725671D43514,6C418F3,COURSE_6C418F3F4ACC
STUDENT_725671D43514,500C8E8,COURSE_500C8E8E485C
STUDENT_725671D43514,47510C7,COURSE_47510C7D6B2A
STUDENT_725671D43514,165B6EC,COURSE_165B6EC64386
STUDENT_E3A9296BCF23,CCB0EDD,COURSE_CCB0EDDCF252
STUDENT_E3A9296BCF23,B2EED57,COURSE_B2EED574D766
STUDENT_E3A9296BCF23,3895DF1,COURSE_3895DF1B2396
STUDENT_E3A9296BCF23,6C418F3,COURSE_6C418F3F4ACC
STUDENT_E3A9296BCF23,48F4CC0,COURSE_48F4CC02AA5A
STUDENT_E3A9296BCF23,4E4632B,COURSE_4E4632BBE56E
STUDENT_57875BC725D2,CCB0EDD,COURSE_CCB0EDDCF252
STUDENT_57875BC725D2,B2EED57,COURSE_B2EED574D766
STUDENT_57875BC725D2,3895DF1,COURSE_3895DF1B2396
STUDENT_57875BC725D2,6C418F3,COURSE_6C418F3F4ACC
STUDENT_57875BC725D2,48F4CC0,COURSE_48F4CC02AA5A
STUDENT_57875BC725D2,4E4632B,COURSE_4E4632BBE56E
STUDENT_23A65F09D679,CCB0EDD,COURSE_CCB0EDDCF252
STUDENT_23A65F09D679,B2EED57,COURSE_B2EED574D766
STUDENT_23A65F09D679,3895DF1,COURSE_3895DF1B2396
STUDENT_23A65F09D679,6C418F3,COURSE_6C418F3F4ACC
STUDENT_23A65F09D679,48F4CC0,COURSE_48F4CC02AA5A
STUDENT_23A65F09D679,4E4632B,COURSE_4E4632BBE56E
STUDENT_C4B922E2EEB5,CCB0EDD,COURSE_CCB0EDDCF252
STUDENT_C4B922E2EEB5,B2EED57,COURSE_B2EED574D766
STUDENT_C4B922E2EEB5,3895DF1,COURSE_3895DF1B2396
STUDENT_C4B922E2EEB5,6C418F3,COURSE_6C418F3F4ACC
STUDENT_C4B922E2EEB5,48F4CC0,COURSE_48F4CC02AA5A
STUDENT_C4B922E2EEB5,4E4632B,COURSE_4E4632BBE56E
STUDENT_90A13622EFC7,CCB0EDD,COURSE_CCB0EDDCF252
STUDENT_90A13622EFC7,B2EED57,COURSE_B2EED574D766
STUDENT_90A13622EFC7,3895DF1,COURSE_3895DF1B2396
STUDENT_90A13622EFC7,6C418F3,COURSE_6C418F3F4ACC
STUDENT_90A13622EFC7,48F4CC0,COURSE_48F4CC02AA5A
STUDENT_90A13622EFC7,4E4632B,COURSE_4E4632BBE56E
STUDENT_F3892DF14442,CCB0EDD,COURSE_CCB0EDDCF252
STUDENT_F3892DF14442,B2EED57,COURSE_B2EED574D766
STUDENT_F3892DF14442,500C8E8,COURSE_500C8E8E485C
STUDENT_F3892DF14442,47510C7,COURSE_47510C7D6B2A
STUDENT_F3892DF14442,48F4CC0,COURSE_48F4CC02AA5A
STUDENT_F3892DF14442,4E4632B,COURSE_4E4632BBE56E
STUDENT_F3892DF14442,165B6EC,COURSE_165B6EC64386
STUDENT_0139062A588B,CCB0EDD,COURSE_CCB0EDDCF252
STUDENT_0139062A588B,B2EED57,COURSE_B2EED574D766
STUDENT_0139062A588B,3895DF1,COURSE_3895DF1B2396
STUDENT_0139062A588B,6C418F3,COURSE_6C418F3F4ACC
STUDENT_0139062A588B,48F4CC0,COURSE_48F4CC02AA5A
STUDENT_0139062A588B,4E4632B,COURSE_4E4632BBE56E
STUDENT_E7C618E5AC2A,CCB0EDD,COURSE_CCB0EDDCF252
STUDENT_E7C618E5AC2A,B2EED57,COURSE_B2EED574D766
STUDENT_E7C618E5AC2A,3895DF1,COURSE_3895DF1B2396
STUDENT_E7C618E5AC2A,6C418F3,COURSE_6C418F3F4ACC
STUDENT_E7C618E5AC2A,48F4CC0,COURSE_48F4CC02AA5A
STUDENT_E7C618E5AC2A,4E4632B,COURSE_4E4632BBE56E
STUDENT_8A5E7B380216,CCB0EDD,COURSE_CCB0EDDCF252
STUDENT_8A5E7B380216,B2EED57,COURSE_B2EED574D766
STUDENT_8A5E7B380216,3895DF1,COURSE_3895DF1B2396
STUDENT_8A5E7B380216,6C418F3,COURSE_6C418F3F4ACC
STUDENT_8A5E7B380216,48F4CC0,COURSE_48F4CC02AA5A
STUDENT_8A5E7B380216,4E4632B,COURSE_4E4632BBE56E
STUDENT_AD2F7A574EBE,CCB0EDD,COURSE_CCB0EDDCF252
STUDENT_AD2F7A574EBE,B2EED57,COURSE_B2EED574D766
STUDENT_AD2F7A574EBE,3895DF1,COURSE_3895DF1B2396
STUDENT_AD2F7A574EBE,6C418F3,COURSE_6C418F3F4ACC
STUDENT_AD2F7A574EBE,48F4CC0,COURSE_48F4CC02AA5A
STUDENT_AD2F7A574EBE,4E4632B,COURSE_4E4632BBE56E
STUDENT_94BA4B626DAC,CCB0EDD,COURSE_CCB0EDDCF252
STUDENT_94BA4B626DAC,B2EED57,COURSE_B2EED574D766
STUDENT_94BA4B626DAC,3895DF1,COURSE_3895DF1B2396
STUDENT_94BA4B626DAC,6C418F3,COURSE_6C418F3F4ACC
STUDENT_94BA4B626DAC,48F4CC0,COURSE_48F4CC02AA5A
STUDENT_94BA4B626DAC,4E4632B,COURSE_4E4632BBE56E
STUDENT_67B6E19F2AE2,CCB0EDD,COURSE_CCB0EDDCF252
STUDENT_67B6E19F2AE2,B2EED57,COURSE_B2EED574D766
STUDENT_67B6E19F2AE2,3895DF1,COURSE_3895DF1B2396
STUDENT_67B6E19F2AE2,6C418F3,COURSE_6C418F3F4ACC
STUDENT_67B6E19F2AE2,48F4CC0,COURSE_48F4CC02AA5A
STUDENT_67B6E19F2AE2,4E4632B,COURSE_4E4632BBE56E
STUDENT_E039D26EBCBD,CCB0EDD,COURSE_CCB0EDDCF252
STUDENT_E039D26EBCBD,B2EED57,COURSE_B2EED574D766
STUDENT_E039D26EBCBD,48F4CC0,COURSE_48F4CC02AA5A
STUDENT_E039D26EBCBD,4E4632B,COURSE_4E4632BBE56E
STUDENT_E039D26EBCBD,2962003,COURSE_2962003E8EB8
STUDENT_E039D26EBCBD,986F248,COURSE_986F248A2D8A
STUDENT_1B2952A05514,CCB0EDD,COURSE_CCB0EDDCF252
STUDENT_1B2952A05514,B2EED57,COURSE_B2EED574D766
STUDENT_1B2952A05514,3895DF1,COURSE_3895DF1B2396
STUDENT_1B2952A05514,6C418F3,COURSE_6C418F3F4ACC
STUDENT_1B2952A05514,48F4CC0,COURSE_48F4CC02AA5A
STUDENT_1B2952A05514,4E4632B,COURSE_4E4632BBE56E
STUDENT_E3AD36D15CA0,CCB0EDD,COURSE_CCB0EDDCF252
STUDENT_E3AD36D15CA0,B2EED57,COURSE_B2EED574D766
STUDENT_E3AD36D15CA0,3895DF1,COURSE_3895DF1B2396
STUDENT_E3AD36D15CA0,6C418F3,COURSE_6C418F3F4ACC
STUDENT_E3AD36D15CA0,48F4CC0,COURSE_48F4CC02AA5A
STUDENT_E3AD36D15CA0,4E4632B,COURSE_4E4632BBE56E
STUDENT_2F39A010F648,CCB0EDD,COURSE_CCB0EDDCF252
STUDENT_2F39A010F648,B2EED57,COURSE_B2EED574D766
STUDENT_2F39A010F648,3895DF1,COURSE_3895DF1B2396
STUDENT_2F39A010F648,6C418F3,COURSE_6C418F3F4ACC
STUDENT_2F39A010F648,2962003,COURSE_2962003E8EB8
STUDENT_2F39A010F648,986F248,COURSE_986F248A2D8A
STUDENT_F01525DA4240,CCB0EDD,COURSE_CCB0EDDCF252
STUDENT_F01525DA4240,B2EED57,COURSE_B2EED574D766
STUDENT_F01525DA4240,3895DF1,COURSE_3895DF1B2396
STUDENT_F01525DA4240,6C418F3,COURSE_6C418F3F4ACC
STUDENT_F01525DA4240,48F4CC0,COURSE_48F4CC02AA5A
STUDENT_F01525DA4240,4E4632B,COURSE_4E4632BBE56E
STUDENT_46CDDB5E3FD3,CCB0EDD,COURSE_CCB0EDDCF252
STUDENT_46CDDB5E3FD3,B2EED57,COURSE_B2EED574D766
STUDENT_46CDDB5E3FD3,3895DF1,COURSE_3895DF1B2396
STUDENT_46CDDB5E3FD3,6C418F3,COURSE_6C418F3F4ACC
STUDENT_46CDDB5E3FD3,165B6EC,COURSE_165B6EC64386
STUDENT_46CDDB5E3FD3,A9C3CE0,COURSE_A9C3CE099531
STUDENT_15C3780E828B,CCB0EDD,COURSE_CCB0EDDCF252
STUDENT_15C3780E828B,B2EED57,COURSE_B2EED574D766
STUDENT_15C3780E828B,3895DF1,COURSE_3895DF1B2396
STUDENT_15C3780E828B,6C418F3,COURSE_6C418F3F4ACC
STUDENT_15C3780E828B,48F4CC0,COURSE_48F4CC02AA5A
STUDENT_15C3780E828B,4E4632B,COURSE_4E4632BBE56E
STUDENT_A72BFD74FD7A,CCB0EDD,COURSE_CCB0EDDCF252
STUDENT_A72BFD74FD7A,B2EED57,COURSE_B2EED574D766
STUDENT_A72BFD74FD7A,500C8E8,COURSE_500C8E8E485C
STUDENT_A72BFD74FD7A,47510C7,COURSE_47510C7D6B2A
STUDENT_A72BFD74FD7A,165B6EC,COURSE_165B6EC64386
STUDENT_A72BFD74FD7A,2962003,COURSE_2962003E8EB8
STUDENT_A72BFD74FD7A,986F248,COURSE_986F248A2D8A
STUDENT_482C3E42E79F,CCB0EDD,COURSE_CCB0EDDCF252
STUDENT_482C3E42E79F,B2EED57,COURSE_B2EED574D766
STUDENT_482C3E42E79F,3895DF1,COURSE_3895DF1B2396
STUDENT_482C3E42E79F,6C418F3,COURSE_6C418F3F4ACC
STUDENT_482C3E42E79F,48F4CC0,COURSE_48F4CC02AA5A
STUDENT_482C3E42E79F,4E4632B,COURSE_4E4632BBE56E
STUDENT_60AF91CAFAA9,CCB0EDD,COURSE_CCB0EDDCF252
STUDENT_60AF91CAFAA9,B2EED57,COURSE_B2EED574D766
STUDENT_60AF91CAFAA9,48F4CC0,COURSE_48F4CC02AA5A
STUDENT_60AF91CAFAA9,4E4632B,COURSE_4E4632BBE56E
STUDENT_60AF91CAFAA9,2962003,COURSE_2962003E8EB8
STUDENT_60AF91CAFAA9,986F248,COURSE_986F248A2D8A
STUDENT_FE78850EC48D,CCB0EDD,COURSE_CCB0EDDCF252
STUDENT_FE78850EC48D,B2EED57,COURSE_B2EED574D766
STUDENT_FE78850EC48D,3895DF1,COURSE_3895DF1B2396
STUDENT_FE78850EC48D,6C418F3,COURSE_6C418F3F4ACC
STUDENT_FE78850EC48D,48F4CC0,COURSE_48F4CC02AA5A
STUDENT_FE78850EC48D,4E4632B,COURSE_4E4632BBE56E
STUDENT_7A68336A277A,CCB0EDD,COURSE_CCB0EDDCF252
STUDENT_7A68336A277A,B2EED57,COURSE_B2EED574D766
STUDENT_7A68336A277A,3895DF1,COURSE_3895DF1B2396
STUDENT_7A68336A277A,6C418F3,COURSE_6C418F3F4ACC
STUDENT_7A68336A277A,48F4CC0,COURSE_48F4CC02AA5A
STUDENT_7A68336A277A,4E4632B,COURSE_4E4632BBE56E
STUDENT_2ED6E7ECCB99,CCB0EDD,COURSE_CCB0EDDCF252
STUDENT_2ED6E7ECCB99,B2EED57,COURSE_B2EED574D766
STUDENT_2ED6E7ECCB99,3895DF1,COURSE_3895DF1B2396
STUDENT_2ED6E7ECCB99,6C418F3,COURSE_6C418F3F4ACC
STUDENT_2ED6E7ECCB99,48F4CC0,COURSE_48F4CC02AA5A
STUDENT_2ED6E7ECCB99,4E4632B,COURSE_4E4632BBE56E
STUDENT_C7DD2BF333FA,CCB0EDD,COURSE_CCB0EDDCF252
STUDENT_C7DD2BF333FA,B2EED57,COURSE_B2EED574D766
STUDENT_C7DD2BF333FA,3895DF1,COURSE_3895DF1B2396
STUDENT_C7DD2BF333FA,6C418F3,COURSE_6C418F3F4ACC
STUDENT_C7DD2BF333FA,48F4CC0,COURSE_48F4CC02AA5A
STUDENT_C7DD2BF333FA,4E4632B,COURSE_4E4632BBE56E
STUDENT_CE54083E493F,CCB0EDD,COURSE_CCB0EDDCF252
STUDENT_CE54083E493F,B2EED57,COURSE_B2EED574D766
STUDENT_CE54083E493F,3895DF1,COURSE_3895DF1B2396
STUDENT_CE54083E493F,6C418F3,COURSE_6C418F3F4ACC
STUDENT_CE54083E493F,48F4CC0,COURSE_48F4CC02AA5A
STUDENT_CE54083E493F,4E4632B,COURSE_4E4632BBE56E
STUDENT_35A43686E675,CCB0EDD,COURSE_CCB0EDDCF252
STUDENT_35A43686E675,B2EED57,COURSE_B2EED574D766
STUDENT_35A43686E675,3895DF1,COURSE_3895DF1B2396
STUDENT_35A43686E675,6C418F3,COURSE_6C418F3F4ACC
STUDENT_35A43686E675,48F4CC0,COURSE_48F4CC02AA5A
STUDENT_35A43686E675,4E4632B,COURSE_4E4632BBE56E
STUDENT_6159C5C2095F,CCB0EDD,COURSE_CCB0EDDCF252
STUDENT_6159C5C2095F,B2EED57,COURSE_B2EED574D766
STUDENT_6159C5C2095F,48F4CC0,COURSE_48F4CC02AA5A
STUDENT_6159C5C2095F,4E4632B,COURSE_4E4632BBE56E
STUDENT_6159C5C2095F,165B6EC,COURSE_165B6EC64386
STUDENT_6159C5C2095F,A9C3CE0,COURSE_A9C3CE099531
STUDENT_A1A06328A662,CCB0EDD,COURSE_CCB0EDDCF252
STUDENT_A1A06328A662,B2EED57,COURSE_B2EED574D766
STUDENT_A1A06328A662,3895DF1,COURSE_3895DF1B2396
STUDENT_A1A06328A662,6C418F3,COURSE_6C418F3F4ACC
STUDENT_A1A06328A662,48F4CC0,COURSE_48F4CC02AA5A
STUDENT_A1A06328A662,4E4632B,COURSE_4E4632BBE56E
STUDENT_3822C37D22BB,3895DF1,COURSE_3895DF1B2396
STUDENT_3822C37D22BB,6C418F3,COURSE_6C418F3F4ACC
STUDENT_3822C37D22BB,165B6EC,COURSE_165B6EC64386
STUDENT_3822C37D22BB,A9C3CE0,COURSE_A9C3CE099531
STUDENT_3822C37D22BB,2962003,COURSE_2962003E8EB8
STUDENT_3822C37D22BB,986F248,COURSE_986F248A2D8A
STUDENT_A212048BC90A,CCB0EDD,COURSE_CCB0EDDCF252
STUDENT_A212048BC90A,B2EED57,COURSE_B2EED574D766
STUDENT_A212048BC90A,3895DF1,COURSE_3895DF1B2396
STUDENT_A212048BC90A,6C418F3,COURSE_6C418F3F4ACC
STUDENT_A212048BC90A,48F4CC0,COURSE_48F4CC02AA5A
STUDENT_A212048BC90A,4E4632B,COURSE_4E4632BBE56E
STUDENT_3EAD7A961EC4,CCB0EDD,COURSE_CCB0EDDCF252
STUDENT_3EAD7A961EC4,B2EED57,COURSE_B2EED574D766
STUDENT_3EAD7A961EC4,3895DF1,COURSE_3895DF1B2396
STUDENT_3EAD7A961EC4,6C418F3,COURSE_6C418F3F4ACC
STUDENT_3EAD7A961EC4,48F4CC0,COURSE_48F4CC02AA5A
STUDENT_3EAD7A961EC4,4E4632B,COURSE_4E4632BBE56E
STUDENT_B8176812887E,CCB0EDD,COURSE_CCB0EDDCF252
STUDENT_B8176812887E,B2EED57,COURSE_B2EED574D766
STUDENT_B8176812887E,3895DF1,COURSE_3895DF1B2396
STUDENT_B8176812887E,6C418F3,COURSE_6C418F3F4ACC
STUDENT_B8176812887E,48F4CC0,COURSE_48F4CC02AA5A
STUDENT_B8176812887E,4E4632B,COURSE_4E4632BBE56E
STUDENT_FF59340891A6,CCB0EDD,COURSE_CCB0EDDCF252
STUDENT_FF59340891A6,B2EED57,COURSE_B2EED574D766
STUDENT_FF59340891A6,500C8E8,COURSE_500C8E8E485C
STUDENT_FF59340891A6,47510C7,COURSE_47510C7D6B2A
STUDENT_FF59340891A6,48F4CC0,COURSE_48F4CC02AA5A
STUDENT_FF59340891A6,4E4632B,COURSE_4E4632BBE56E
STUDENT_FF59340891A6,165B6EC,COURSE_165B6EC64386
STUDENT_0ADD07876AB3,3895DF1,COURSE_3895DF1B2396
STUDENT_0ADD07876AB3,6C418F3,COURSE_6C418F3F4ACC
STUDENT_0ADD07876AB3,165B6EC,COURSE_165B6EC64386
STUDENT_0ADD07876AB3,A9C3CE0,COURSE_A9C3CE099531
STUDENT_0ADD07876AB3,2962003,COURSE_2962003E8EB8
STUDENT_0ADD07876AB3,986F248,COURSE_986F248A2D8A
STUDENT_24092B349DBD,CCB0EDD,COURSE_CCB0EDDCF252
STUDENT_24092B349DBD,B2EED57,COURSE_B2EED574D766
STUDENT_24092B349DBD,3895DF1,COURSE_3895DF1B2396
STUDENT_24092B349DBD,6C418F3,COURSE_6C418F3F4ACC
STUDENT_24092B349DBD,48F4CC0,COURSE_48F4CC02AA5A
STUDENT_24092B349DBD,4E4632B,COURSE_4E4632BBE56E
STUDENT_7FFF0350E1EB,3895DF1,COURSE_3895DF1B2396
STUDENT_7FFF0350E1EB,6C418F3,COURSE_6C418F3F4ACC
STUDENT_7FFF0350E1EB,500C8E8,COURSE_500C8E8E485C
STUDENT_7FFF0350E1EB,47510C7,COURSE_47510C7D6B2A
STUDENT_7FFF0350E1EB,165B6EC,COURSE_165B6EC64386
STUDENT_7FFF0350E1EB,A9C3CE0,COURSE_A9C3CE099531
STUDENT_49F446265B46,CCB0EDD,COURSE_CCB0EDDCF252
STUDENT_49F446265B46,B2EED57,COURSE_B2EED574D766
STUDENT_49F446265B46,3895DF1,COURSE_3895DF1B2396
STUDENT_49F446265B46,6C418F3,COURSE_6C418F3F4ACC
STUDENT_49F446265B46,48F4CC0,COURSE_48F4CC02AA5A
STUDENT_49F446265B46,4E4632B,COURSE_4E4632BBE56E
STUDENT_3EB6893CB112,3895DF1,COURSE_3895DF1B2396
STUDENT_3EB6893CB112,6C418F3,COURSE_6C418F3F4ACC
STUDENT_3EB6893CB112,165B6EC,COURSE_165B6EC64386
STUDENT_3EB6893CB112,A9C3CE0,COURSE_A9C3CE099531
STUDENT_3EB6893CB112,2962003,COURSE_2962003E8EB8
STUDENT_3EB6893CB112,986F248,COURSE_986F248A2D8A
STUDENT_82DB44FC9C03,CCB0EDD,COURSE_CCB0EDDCF252
STUDENT_82DB44FC9C03,B2EED57,COURSE_B2EED574D766
STUDENT_82DB44FC9C03,3895DF1,COURSE_3895DF1B2396
STUDENT_82DB44FC9C03,6C418F3,COURSE_6C418F3F4ACC
STUDENT_82DB44FC9C03,48F4CC0,COURSE_48F4CC02AA5A
STUDENT_82DB44FC9C03,4E4632B,COURSE_4E4632BBE56E
STUDENT_0C72B091F2B9,CCB0EDD,COURSE_CCB0EDDCF252
STUDENT_0C72B091F2B9,B2EED57,COURSE_B2EED574D766
STUDENT_0C72B091F2B9,3895DF1,COURSE_3895DF1B2396
STUDENT_0C72B091F2B9,6C418F3,COURSE_6C418F3F4ACC
STUDENT_0C72B091F2B9,48F4CC0,COURSE_48F4CC02AA5A
STUDENT_0C72B091F2B9,4E4632B,COURSE_4E4632BBE56E
STUDENT_DDEEA0C4AED3,CCB0EDD,COURSE_CCB0EDDCF252
STUDENT_DDEEA0C4AED3,B2EED57,COURSE_B2EED574D766
STUDENT_DDEEA0C4AED3,3895DF1,COURSE_3895DF1B2396
STUDENT_DDEEA0C4AED3,6C418F3,COURSE_6C418F3F4ACC
STUDENT_DDEEA0C4AED3,48F4CC0,COURSE_48F4CC02AA5A
STUDENT_DDEEA0C4AED3,4E4632B,COURSE_4E4632BBE56E
STUDENT_6ADD22DBB29A,CCB0EDD,COURSE_CCB0EDDCF252
STUDENT_6ADD22DBB29A,B2EED57,COURSE_B2EED574D766
STUDENT_6ADD22DBB29A,3895DF1,COURSE_3895DF1B2396
STUDENT_6ADD22DBB29A,6C418F3,COURSE_6C418F3F4ACC
STUDENT_6ADD22DBB29A,48F4CC0,COURSE_48F4CC02AA5A
STUDENT_6ADD22DBB29A,4E4632B,COURSE_4E4632BBE56E
STUDENT_DC00B659166C,CCB0EDD,COURSE_CCB0EDDCF252
STUDENT_DC00B659166C,B2EED57,COURSE_B2EED574D766
STUDENT_DC00B659166C,3895DF1,COURSE_3895DF1B2396
STUDENT_DC00B659166C,6C418F3,COURSE_6C418F3F4ACC
STUDENT_DC00B659166C,48F4CC0,COURSE_48F4CC02AA5A
STUDENT_DC00B659166C,4E4632B,COURSE_4E4632BBE56E
STUDENT_951FBB87C3E3,CCB0EDD,COURSE_CCB0EDDCF252
STUDENT_951FBB87C3E3,B2EED57,COURSE_B2EED574D766
STUDENT_951FBB87C3E3,3895DF1,COURSE_3895DF1B2396
STUDENT_951FBB87C3E3,6C418F3,COURSE_6C418F3F4ACC
STUDENT_951FBB87C3E3,48F4CC0,COURSE_48F4CC02AA5A
STUDENT_951FBB87C3E3,4E4632B,COURSE_4E4632BBE56E
STUDENT_0CAC9E6881D1,3895DF1,COURSE_3895DF1B2396
STUDENT_0CAC9E6881D1,6C418F3,COURSE_6C418F3F4ACC
STUDENT_0CAC9E6881D1,500C8E8,COURSE_500C8E8E485C
STUDENT_0CAC9E6881D1,47510C7,COURSE_47510C7D6B2A
STUDENT_0CAC9E6881D1,165B6EC,COURSE_165B6EC64386
STUDENT_0CAC9E6881D1,A9C3CE0,COURSE_A9C3CE099531
STUDENT_438A213E8115,3895DF1,COURSE_3895DF1B2396
STUDENT_438A213E8115,6C418F3,COURSE_6C418F3F4ACC
STUDENT_438A213E8115,48F4CC0,COURSE_48F4CC02AA5A
STUDENT_438A213E8115,4E4632B,COURSE_4E4632BBE56E
STUDENT_438A213E8115,2962003,COURSE_2962003E8EB8
STUDENT_438A213E8115,986F248,COURSE_986F248A2D8A
STUDENT_05BD34FB0ACD,3895DF1,COURSE_3895DF1B2396
STUDENT_05BD34FB0ACD,6C418F3,COURSE_6C418F3F4ACC
STUDENT_05BD34FB0ACD,48F4CC0,COURSE_48F4CC02AA5A
STUDENT_05BD34FB0ACD,4E4632B,COURSE_4E4632BBE56E
STUDENT_05BD34FB0ACD,2962003,COURSE_2962003E8EB8
STUDENT_05BD34FB0ACD,986F248,COURSE_986F248A2D8A
STUDENT_6071823C06BE,CCB0EDD,COURSE_CCB0EDDCF252
STUDENT_6071823C06BE,B2EED57,COURSE_B2EED574D766
STUDENT_6071823C06BE,3895DF1,COURSE_3895DF1B2396
STUDENT_6071823C06BE,6C418F3,COURSE_6C418F3F4ACC
STUDENT_6071823C06BE,48F4CC0,COURSE_48F4CC02AA5A
STUDENT_6071823C06BE,4E4632B,COURSE_4E4632BBE56E
STUDENT_875C86F195F9,CCB0EDD,COURSE_CCB0EDDCF252
STUDENT_875C86F195F9,B2EED57,COURSE_B2EED574D766
STUDENT_875C86F195F9,3895DF1,COURSE_3895DF1B2396
STUDENT_875C86F195F9,6C418F3,COURSE_6C418F3F4ACC
STUDENT_875C86F195F9,48F4CC0,COURSE_48F4CC02AA5A
STUDENT_875C86F195F9,4E4632B,COURSE_4E4632BBE56E
STUDENT_2502A5AFC822,CCB0EDD,COURSE_CCB0EDDCF252
STUDENT_2502A5AFC822,B2EED57,COURSE_B2EED574D766
STUDENT_2502A5AFC822,3895DF1,COURSE_3895DF1B2396
STUDENT_2502A5AFC822,6C418F3,COURSE_6C418F3F4ACC
STUDENT_2502A5AFC822,48F4CC0,COURSE_48F4CC02AA5A
STUDENT_2502A5AFC822,4E4632B,COURSE_4E4632BBE56E
STUDENT_E2AA43BD4EE0,3895DF1,COURSE_3895DF1B2396
STUDENT_E2AA43BD4EE0,6C418F3,COURSE_6C418F3F4ACC
STUDENT_E2AA43BD4EE0,48F4CC0,COURSE_48F4CC02AA5A
STUDENT_E2AA43BD4EE0,4E4632B,COURSE_4E4632BBE56E
STUDENT_E2AA43BD4EE0,165B6EC,COURSE_165B6EC64386
STUDENT_E2AA43BD4EE0,A9C3CE0,COURSE_A9C3CE099531
STUDENT_EAF72E165119,CCB0EDD,COURSE_CCB0EDDCF252
STUDENT_EAF72E165119,B2EED57,COURSE_B2EED574D766
STUDENT_EAF72E165119,3895DF1,COURSE_3895DF1B2396
STUDENT_EAF72E165119,6C418F3,COURSE_6C418F3F4ACC
STUDENT_EAF72E165119,48F4CC0,COURSE_48F4CC02AA5A
STUDENT_EAF72E165119,4E4632B,COURSE_4E4632BBE56E
STUDENT_FB3E6F2C46EE,CCB0EDD,COURSE_CCB0EDDCF252
STUDENT_FB3E6F2C46EE,B2EED57,COURSE_B2EED574D766
STUDENT_FB3E6F2C46EE,3895DF1,COURSE_3895DF1B2396
STUDENT_FB3E6F2C46EE,6C418F3,COURSE_6C418F3F4ACC
STUDENT_FB3E6F2C46EE,48F4CC0,COURSE_48F4CC02AA5A
STUDENT_FB3E6F2C46EE,4E4632B,COURSE_4E4632BBE56E
STUDENT_8889524ADFD7,CCB0EDD,COURSE_CCB0EDDCF252
STUDENT_8889524ADFD7,B2EED57,COURSE_B2EED574D766
STUDENT_8889524ADFD7,3895DF1,COURSE_3895DF1B2396
STUDENT_8889524ADFD7,6C418F3,COURSE_6C418F3F4ACC
STUDENT_8889524ADFD7,48F4CC0,COURSE_48F4CC02AA5A
STUDENT_8889524ADFD7,4E4632B,COURSE_4E4632BBE56E
STUDENT_0CA341932B00,CCB0EDD,COURSE_CCB0EDDCF252
STUDENT_0CA341932B00,B2EED57,COURSE_B2EED574D766
STUDENT_0CA341932B00,500C8E8,COURSE_500C8E8E485C
STUDENT_0CA341932B00,47510C7,COURSE_47510C7D6B2A
STUDENT_0CA341932B00,48F4CC0,COURSE_48F4CC02AA5A
STUDENT_0CA341932B00,4E4632B,COURSE_4E4632BBE56E
STUDENT_0CA341932B00,165B6EC,COURSE_165B6EC64386
STUDENT_818A215A61C1,CCB0EDD,COURSE_CCB0EDDCF252
STUDENT_818A215A61C1,B2EED57,COURSE_B2EED574D766
STUDENT_818A215A61C1,3895DF1,COURSE_3895DF1B2396
STUDENT_818A215A61C1,6C418F3,COURSE_6C418F3F4ACC
STUDENT_818A215A61C1,500C8E8,COURSE_500C8E8E485C
STUDENT_818A215A61C1,47510C7,COURSE_47510C7D6B2A
STUDENT_818A215A61C1,165B6EC,COURSE_165B6EC64386
STUDENT_352EB98A1091,CCB0EDD,COURSE_CCB0EDDCF252
STUDENT_352EB98A1091,B2EED57,COURSE_B2EED574D766
STUDENT_352EB98A1091,3895DF1,COURSE_3895DF1B2396
STUDENT_352EB98A1091,6C418F3,COURSE_6C418F3F4ACC
STUDENT_352EB98A1091,48F4CC0,COURSE_48F4CC02AA5A
STUDENT_352EB98A1091,4E4632B,COURSE_4E4632BBE56E
STUDENT_6D13B4AD91DC,3895DF1,COURSE_3895DF1B2396
STUDENT_6D13B4AD91DC,6C418F3,COURSE_6C418F3F4ACC
STUDENT_6D13B4AD91DC,165B6EC,COURSE_165B6EC64386
STUDENT_6D13B4AD91DC,A9C3CE0,COURSE_A9C3CE099531
STUDENT_6D13B4AD91DC,2962003,COURSE_2962003E8EB8
STUDENT_6D13B4AD91DC,986F248,COURSE_986F248A2D8A
STUDENT_BA30B25547DE,3895DF1,COURSE_3895DF1B2396
STUDENT_BA30B25547DE,6C418F3,COURSE_6C418F3F4ACC
STUDENT_BA30B25547DE,165B6EC,COURSE_165B6EC64386
STUDENT_BA30B25547DE,A9C3CE0,COURSE_A9C3CE099531
STUDENT_BA30B25547DE,2962003,COURSE_2962003E8EB8
STUDENT_BA30B25547DE,986F248,COURSE_986F248A2D8A
STUDENT_7EFE12CE7E61,CCB0EDD,COURSE_CCB0EDDCF252
STUDENT_7EFE12CE7E61,B2EED57,COURSE_B2EED574D766
STUDENT_7EFE12CE7E61,3895DF1,COURSE_3895DF1B2396
STUDENT_7EFE12CE7E61,6C418F3,COURSE_6C418F3F4ACC
STUDENT_7EFE12CE7E61,48F4CC0,COURSE_48F4CC02AA5A
STUDENT_7EFE12CE7E61,4E4632B,COURSE_4E4632BBE56E
STUDENT_D64A4059ACB3,CCB0EDD,COURSE_CCB0EDDCF252
STUDENT_D64A4059ACB3,B2EED57,COURSE_B2EED574D766
STUDENT_D64A4059ACB3,3895DF1,COURSE_3895DF1B2396
STUDENT_D64A4059ACB3,6C418F3,COURSE_6C418F3F4ACC
STUDENT_D64A4059ACB3,48F4CC0,COURSE_48F4CC02AA5A
STUDENT_D64A4059ACB3,4E4632B,COURSE_4E4632BBE56E
STUDENT_519B81A0CBDB,CCB0EDD,COURSE_CCB0EDDCF252
STUDENT_519B81A0CBDB,B2EED57,COURSE_B2EED574D766
STUDENT_519B81A0CBDB,3895DF1,COURSE_3895DF1B2396
STUDENT_519B81A0CBDB,6C418F3,COURSE_6C418F3F4ACC
STUDENT_519B81A0CBDB,48F4CC0,COURSE_48F4CC02AA5A
STUDENT_519B81A0CBDB,4E4632B,COURSE_4E4632BBE56E
STUDENT_AAB73B84B8DB,CCB0EDD,COURSE_CCB0EDDCF252
STUDENT_AAB73B84B8DB,B2EED57,COURSE_B2EED574D766
STUDENT_AAB73B84B8DB,500C8E8,COURSE_500C8E8E485C
STUDENT_AAB73B84B8DB,47510C7,COURSE_47510C7D6B2A
STUDENT_AAB73B84B8DB,48F4CC0,COURSE_48F4CC02AA5A
STUDENT_AAB73B84B8DB,4E4632B,COURSE_4E4632BBE56E
STUDENT_AAB73B84B8DB,165B6EC,COURSE_165B6EC64386
STUDENT_CE5844DB7A10,CCB0EDD,COURSE_CCB0EDDCF252
STUDENT_CE5844DB7A10,B2EED57,COURSE_B2EED574D766
STUDENT_CE5844DB7A10,500C8E8,COURSE_500C8E8E485C
STUDENT_CE5844DB7A10,47510C7,COURSE_47510C7D6B2A
STUDENT_CE5844DB7A10,48F4CC0,COURSE_48F4CC02AA5A
STUDENT_CE5844DB7A10,4E4632B,COURSE_4E4632BBE56E
STUDENT_CE5844DB7A10,165B6EC,COURSE_165B6EC64386
STUDENT_211852B9B144,3895DF1,COURSE_3895DF1B2396
STUDENT_211852B9B144,6C418F3,COURSE_6C418F3F4ACC
STUDENT_211852B9B144,500C8E8,COURSE_500C8E8E485C
STUDENT_211852B9B144,47510C7,COURSE_47510C7D6B2A
STUDENT_211852B9B144,165B6EC,COURSE_165B6EC64386
STUDENT_211852B9B144,A9C3CE0,COURSE_A9C3CE099531
STUDENT_44F5B9007158,CCB0EDD,COURSE_CCB0EDDCF252
STUDENT_44F5B9007158,B2EED57,COURSE_B2EED574D766
STUDENT_44F5B9007158,3895DF1,COURSE_3895DF1B2396
STUDENT_44F5B9007158,6C418F3,COURSE_6C418F3F4ACC
STUDENT_44F5B9007158,48F4CC0,COURSE_48F4CC02AA5A
STUDENT_44F5B9007158,4E4632B,COURSE_4E4632BBE56E
STUDENT_5037216C38C7,3895DF1,COURSE_3895DF1B2396
STUDENT_5037216C38C7,6C418F3,COURSE_6C418F3F4ACC
STUDENT_5037216C38C7,48F4CC0,COURSE_48F4CC02AA5A
STUDENT_5037216C38C7,4E4632B,COURSE_4E4632BBE56E
STUDENT_5037216C38C7,165B6EC,COURSE_165B6EC64386
STUDENT_5037216C38C7,A9C3CE0,COURSE_A9C3CE099531
STUDENT_F413336DF5ED,CCB0EDD,COURSE_CCB0EDDCF252
STUDENT_F413336DF5ED,B2EED57,COURSE_B2EED574D766
STUDENT_F413336DF5ED,3895DF1,COURSE_3895DF1B2396
STUDENT_F413336DF5ED,6C418F3,COURSE_6C418F3F4ACC
STUDENT_F413336DF5ED,48F4CC0,COURSE_48F4CC02AA5A
STUDENT_F413336DF5ED,4E4632B,COURSE_4E4632BBE56E
STUDENT_01EC5D35D5E5,3895DF1,COURSE_3895DF1B2396
STUDENT_01EC5D35D5E5,6C418F3,COURSE_6C418F3F4ACC
STUDENT_01EC5D35D5E5,165B6EC,COURSE_165B6EC64386
STUDENT_01EC5D35D5E5,A9C3CE0,COURSE_A9C3CE099531
STUDENT_01EC5D35D5E5,2962003,COURSE_2962003E8EB8
STUDENT_01EC5D35D5E5,986F248,COURSE_986F248A2D8A
STUDENT_0B15E124EC8F,CCB0EDD,COURSE_CCB0EDDCF252
STUDENT_0B15E124EC8F,B2EED57,COURSE_B2EED574D766
STUDENT_0B15E124EC8F,3895DF1,COURSE_3895DF1B2396
STUDENT_0B15E124EC8F,6C418F3,COURSE_6C418F3F4ACC
STUDENT_0B15E124EC8F,48F4CC0,COURSE_48F4CC02AA5A
STUDENT_0B15E124EC8F,4E4632B,COURSE_4E4632BBE56E
STUDENT_97ED912D2F8A,CCB0EDD,COURSE_CCB0EDDCF252
STUDENT_97ED912D2F8A,B2EED57,COURSE_B2EED574D766
STUDENT_97ED912D2F8A,3895DF1,COURSE_3895DF1B2396
STUDENT_97ED912D2F8A,6C418F3,COURSE_6C418F3F4ACC
STUDENT_97ED912D2F8A,48F4CC0,COURSE_48F4CC02AA5A
STUDENT_97ED912D2F8A,4E4632B,COURSE_4E4632BBE56E
STUDENT_F9F3640E25EC,CCB0EDD,COURSE_CCB0EDDCF252
STUDENT_F9F3640E25EC,B2EED57,COURSE_B2EED574D766
STUDENT_F9F3640E25EC,3895DF1,COURSE_3895DF1B2396
STUDENT_F9F3640E25EC,6C418F3,COURSE_6C418F3F4ACC
STUDENT_F9F3640E25EC,500C8E8,COURSE_500C8E8E485C
STUDENT_F9F3640E25EC,47510C7,COURSE_47510C7D6B2A
STUDENT_F9F3640E25EC,165B6EC,COURSE_165B6EC64386
STUDENT_1B3ECB0236AA,3895DF1,COURSE_3895DF1B2396
STUDENT_1B3ECB0236AA,6C418F3,COURSE_6C418F3F4ACC
STUDENT_1B3ECB0236AA,165B6EC,COURSE_165B6EC64386
STUDENT_1B3ECB0236AA,A9C3CE0,COURSE_A9C3CE099531
STUDENT_1B3ECB0236AA,2962003,COURSE_2962003E8EB8
STUDENT_1B3ECB0236AA,986F248,COURSE_986F248A2D8A
STUDENT_B28CDFD72167,3895DF1,COURSE_3895DF1B2396
STUDENT_B28CDFD72167,6C418F3,COURSE_6C418F3F4ACC
STUDENT_B28CDFD72167,500C8E8,COURSE_500C8E8E485C
STUDENT_B28CDFD72167,47510C7,COURSE_47510C7D6B2A
STUDENT_B28CDFD72167,48F4CC0,COURSE_48F4CC02AA5A
STUDENT_B28CDFD72167,4E4632B,COURSE_4E4632BBE56E
STUDENT_B28CDFD72167,165B6EC,COURSE_165B6EC64386
STUDENT_1332DCBD3726,3895DF1,COURSE_3895DF1B2396
STUDENT_1332DCBD3726,6C418F3,COURSE_6C418F3F4ACC
STUDENT_1332DCBD3726,48F4CC0,COURSE_48F4CC02AA5A
STUDENT_1332DCBD3726,4E4632B,COURSE_4E4632BBE56E
STUDENT_1332DCBD3726,2962003,COURSE_2962003E8EB8
STUDENT_1332DCBD3726,986F248,COURSE_986F248A2D8A
STUDENT_C260488E2B65,CCB0EDD,COURSE_CCB0EDDCF252
STUDENT_C260488E2B65,B2EED57,COURSE_B2EED574D766
STUDENT_C260488E2B65,3895DF1,COURSE_3895DF1B2396
STUDENT_C260488E2B65,6C418F3,COURSE_6C418F3F4ACC
STUDENT_C260488E2B65,48F4CC0,COURSE_48F4CC02AA5A
STUDENT_C260488E2B65,4E4632B,COURSE_4E4632BBE56E
STUDENT_7F50450A12FE,3895DF1,COURSE_3895DF1B2396
STUDENT_7F50450A12FE,6C418F3,COURSE_6C418F3F4ACC
STUDENT_7F50450A12FE,48F4CC0,COURSE_48F4CC02AA5A
STUDENT_7F50450A12FE,4E4632B,COURSE_4E4632BBE56E
STUDENT_7F50450A12FE,2962003,COURSE_2962003E8EB8
STUDENT_7F50450A12FE,986F248,COURSE_986F248A2D8A
STUDENT_37EC301F02D4,CCB0EDD,COURSE_CCB0EDDCF252
STUDENT_37EC301F02D4,B2EED57,COURSE_B2EED574D766
STUDENT_37EC301F02D4,3895DF1,COURSE_3895DF1B2396
STUDENT_37EC301F02D4,6C418F3,COURSE_6C418F3F4ACC
STUDENT_37EC301F02D4,48F4CC0,COURSE_48F4CC02AA5A
STUDENT_37EC301F02D4,4E4632B,COURSE_4E4632BBE56E
STUDENT_55CBDFAEB4B7,3895DF1,COURSE_3895DF1B2396
STUDENT_55CBDFAEB4B7,6C418F3,COURSE_6C418F3F4ACC
STUDENT_55CBDFAEB4B7,500C8E8,COURSE_500C8E8E485C
STUDENT_55CBDFAEB4B7,47510C7,COURSE_47510C7D6B2A
STUDENT_55CBDFAEB4B7,165B6EC,COURSE_165B6EC64386
STUDENT_55CBDFAEB4B7,A9C3CE0,COURSE_A9C3CE099531
STUDENT_67DAD5E4B5BC,CCB0EDD,COURSE_CCB0EDDCF252
STUDENT_67DAD5E4B5BC,B2EED57,COURSE_B2EED574D766
STUDENT_67DAD5E4B5BC,3895DF1,COURSE_3895DF1B2396
STUDENT_67DAD5E4B5BC,6C418F3,COURSE_6C418F3F4ACC
STUDENT_67DAD5E4B5BC,48F4CC0,COURSE_48F4CC02AA5A
STUDENT_67DAD5E4B5BC,4E4632B,COURSE_4E4632BBE56E
STUDENT_33FB9507E111,3895DF1,COURSE_3895DF1B2396
STUDENT_33FB9507E111,6C418F3,COURSE_6C418F3F4ACC
STUDENT_33FB9507E111,165B6EC,COURSE_165B6EC64386
STUDENT_33FB9507E111,A9C3CE0,COURSE_A9C3CE099531
STUDENT_33FB9507E111,2962003,COURSE_2962003E8EB8
STUDENT_33FB9507E111,986F248,COURSE_986F248A2D8A
STUDENT_1836B4149804,48F4CC0,COURSE_48F4CC02AA5A
STUDENT_1836B4149804,4E4632B,COURSE_4E4632BBE56E
STUDENT_1836B4149804,165B6EC,COURSE_165B6EC64386
STUDENT_1836B4149804,A9C3CE0,COURSE_A9C3CE099531
STUDENT_1836B4149804,2962003,COURSE_2962003E8EB8
STUDENT_1836B4149804,986F248,COURSE_986F248A2D8A
STUDENT_97178B13314B,3895DF1,COURSE_3895DF1B2396
STUDENT_97178B13314B,6C418F3,COURSE_6C418F3F4ACC
STUDENT_97178B13314B,48F4CC0,COURSE_48F4CC02AA5A
STUDENT_97178B13314B,4E4632B,COURSE_4E4632BBE56E
STUDENT_97178B13314B,165B6EC,COURSE_165B6EC64386
STUDENT_97178B13314B,A9C3CE0,COURSE_A9C3CE099531
STUDENT_B7631362EAC6,CCB0EDD,COURSE_CCB0EDDCF252
STUDENT_B7631362EAC6,B2EED57,COURSE_B2EED574D766
STUDENT_B7631362EAC6,3895DF1,COURSE_3895DF1B2396
STUDENT_B7631362EAC6,6C418F3,COURSE_6C418F3F4ACC
STUDENT_B7631362EAC6,48F4CC0,COURSE_48F4CC02AA5A
STUDENT_B7631362EAC6,4E4632B,COURSE_4E4632BBE56E
STUDENT_46C9A64D7C86,48F4CC0,COURSE_48F4CC02AA5A
STUDENT_46C9A64D7C86,4E4632B,COURSE_4E4632BBE56E
STUDENT_46C9A64D7C86,165B6EC,COURSE_165B6EC64386
STUDENT_46C9A64D7C86,A9C3CE0,COURSE_A9C3CE099531
STUDENT_46C9A64D7C86,2962003,COURSE_2962003E8EB8
STUDENT_46C9A64D7C86,986F248,COURSE_986F248A2D8A
STUDENT_ACED850F19DB,48F4CC0,COURSE_48F4CC02AA5A
STUDENT_ACED850F19DB,4E4632B,COURSE_4E4632BBE56E
STUDENT_ACED850F19DB,165B6EC,COURSE_165B6EC64386
STUDENT_ACED850F19DB,A9C3CE0,COURSE_A9C3CE099531
STUDENT_ACED850F19DB,2962003,COURSE_2962003E8EB8
STUDENT_ACED850F19DB,986F248,COURSE_986F248A2D8A
STUDENT_92A8D960869B,CCB0EDD,COURSE_CCB0EDDCF252
STUDENT_92A8D960869B,B2EED57,COURSE_B2EED574D766
STUDENT_92A8D960869B,3895DF1,COURSE_3895DF1B2396
STUDENT_92A8D960869B,6C418F3,COURSE_6C418F3F4ACC
STUDENT_92A8D960869B,48F4CC0,COURSE_48F4CC02AA5A
STUDENT_92A8D960869B,4E4632B,COURSE_4E4632BBE56E
STUDENT_D2A20B53CA35,500C8E8,COURSE_500C8E8E485C
STUDENT_D2A20B53CA35,47510C7,COURSE_47510C7D6B2A
STUDENT_D2A20B53CA35,48F4CC0,COURSE_48F4CC02AA5A
STUDENT_D2A20B53CA35,4E4632B,COURSE_4E4632BBE56E
STUDENT_D2A20B53CA35,165B6EC,COURSE_165B6EC64386
STUDENT_D2A20B53CA35,2962003,COURSE_2962003E8EB8
STUDENT_D2A20B53CA35,986F248,COURSE_986F248A2D8A
STUDENT_F3F5456C68C8,48F4CC0,COURSE_48F4CC02AA5A
STUDENT_F3F5456C68C8,4E4632B,COURSE_4E4632BBE56E
STUDENT_F3F5456C68C8,165B6EC,COURSE_165B6EC64386
STUDENT_F3F5456C68C8,A9C3CE0,COURSE_A9C3CE099531
STUDENT_F3F5456C68C8,2962003,COURSE_2962003E8EB8
STUDENT_F3F5456C68C8,986F248,COURSE_986F248A2D8A
STUDENT_F8DA36477954,48F4CC0,COURSE_48F4CC02AA5A
STUDENT_F8DA36477954,4E4632B,COURSE_4E4632BBE56E
STUDENT_F8DA36477954,165B6EC,COURSE_165B6EC64386
STUDENT_F8DA36477954,A9C3CE0,COURSE_A9C3CE099531
STUDENT_F8DA36477954,2962003,COURSE_2962003E8EB8
STUDENT_F8DA36477954,986F248,COURSE_986F248A2D8A
STUDENT_274AC9EAA388,500C8E8,COURSE_500C8E8E485C
STUDENT_274AC9EAA388,47510C7,COURSE_47510C7D6B2A
STUDENT_274AC9EAA388,165B6EC,COURSE_165B6EC64386
STUDENT_274AC9EAA388,A9C3CE0,COURSE_A9C3CE099531
STUDENT_274AC9EAA388,2962003,COURSE_2962003E8EB8
STUDENT_274AC9EAA388,986F248,COURSE_986F248A2D8A
STUDENT_2C835C9CDF5D,CCB0EDD,COURSE_CCB0EDDCF252
STUDENT_2C835C9CDF5D,B2EED57,COURSE_B2EED574D766
STUDENT_2C835C9CDF5D,3895DF1,COURSE_3895DF1B2396
STUDENT_2C835C9CDF5D,6C418F3,COURSE_6C418F3F4ACC
STUDENT_2C835C9CDF5D,48F4CC0,COURSE_48F4CC02AA5A
STUDENT_2C835C9CDF5D,4E4632B,COURSE_4E4632BBE56E
STUDENT_52E419C056A8,3895DF1,COURSE_3895DF1B2396
STUDENT_52E419C056A8,6C418F3,COURSE_6C418F3F4ACC
STUDENT_52E419C056A8,165B6EC,COURSE_165B6EC64386
STUDENT_52E419C056A8,A9C3CE0,COURSE_A9C3CE099531
STUDENT_52E419C056A8,2962003,COURSE_2962003E8EB8
STUDENT_52E419C056A8,986F248,COURSE_986F248A2D8A
STUDENT_1C03D84D5EA8,48F4CC0,COURSE_48F4CC02AA5A
STUDENT_1C03D84D5EA8,4E4632B,COURSE_4E4632BBE56E
STUDENT_1C03D84D5EA8,165B6EC,COURSE_165B6EC64386
STUDENT_1C03D84D5EA8,A9C3CE0,COURSE_A9C3CE099531
STUDENT_1C03D84D5EA8,2962003,COURSE_2962003E8EB8
STUDENT_1C03D84D5EA8,986F248,COURSE_986F248A2D8A
STUDENT_8E03F8D7DA0D,3895DF1,COURSE_3895DF1B2396
STUDENT_8E03F8D7DA0D,6C418F3,COURSE_6C418F3F4ACC
STUDENT_8E03F8D7DA0D,165B6EC,COURSE_165B6EC64386
STUDENT_8E03F8D7DA0D,A9C3CE0,COURSE_A9C3CE099531
STUDENT_8E03F8D7DA0D,2962003,COURSE_2962003E8EB8
STUDENT_8E03F8D7DA0D,986F248,COURSE_986F248A2D8A
STUDENT_18D03A3E00CD,3895DF1,COURSE_3895DF1B2396
STUDENT_18D03A3E00CD,6C418F3,COURSE_6C418F3F4ACC
STUDENT_18D03A3E00CD,48F4CC0,COURSE_48F4CC02AA5A
STUDENT_18D03A3E00CD,4E4632B,COURSE_4E4632BBE56E
STUDENT_18D03A3E00CD,165B6EC,COURSE_165B6EC64386
STUDENT_18D03A3E00CD,A9C3CE0,COURSE_A9C3CE099531
STUDENT_7D8D2482AB87,CCB0EDD,COURSE_CCB0EDDCF252
STUDENT_7D8D2482AB87,B2EED57,COURSE_B2EED574D766
STUDENT_7D8D2482AB87,3895DF1,COURSE_3895DF1B2396
STUDENT_7D8D2482AB87,6C418F3,COURSE_6C418F3F4ACC
STUDENT_7D8D2482AB87,48F4CC0,COURSE_48F4CC02AA5A
STUDENT_7D8D2482AB87,4E4632B,COURSE_4E4632BBE56E
STUDENT_604EDF643FDB,3895DF1,COURSE_3895DF1B2396
STUDENT_604EDF643FDB,6C418F3,COURSE_6C418F3F4ACC
STUDENT_604EDF643FDB,48F4CC0,COURSE_48F4CC02AA5A
STUDENT_604EDF643FDB,4E4632B,COURSE_4E4632BBE56E
STUDENT_604EDF643FDB,2962003,COURSE_2962003E8EB8
STUDENT_604EDF643FDB,986F248,COURSE_986F248A2D8A
STUDENT_D989A7548AF3,48F4CC0,COURSE_48F4CC02AA5A
STUDENT_D989A7548AF3,4E4632B,COURSE_4E4632BBE56E
STUDENT_D989A7548AF3,165B6EC,COURSE_165B6EC64386
STUDENT_D989A7548AF3,A9C3CE0,COURSE_A9C3CE099531
STUDENT_D989A7548AF3,2962003,COURSE_2962003E8EB8
STUDENT_D989A7548AF3,986F248,COURSE_986F248A2D8A
STUDENT_109C10D1B26A,48F4CC0,COURSE_48F4CC02AA5A
STUDENT_109C10D1B26A,4E4632B,COURSE_4E4632BBE56E
STUDENT_109C10D1B26A,165B6EC,COURSE_165B6EC64386
STUDENT_109C10D1B26A,A9C3CE0,COURSE_A9C3CE099531
STUDENT_109C10D1B26A,2962003,COURSE_2962003E8EB8
STUDENT_109C10D1B26A,986F248,COURSE_986F248A2D8A
STUDENT_DD987ECA37A8,48F4CC0,COURSE_48F4CC02AA5A
STUDENT_DD987ECA37A8,4E4632B,COURSE_4E4632BBE56E
STUDENT_DD987ECA37A8,165B6EC,COURSE_165B6EC64386
STUDENT_DD987ECA37A8,A9C3CE0,COURSE_A9C3CE099531
STUDENT_DD987ECA37A8,2962003,COURSE_2962003E8EB8
STUDENT_DD987ECA37A8,986F248,COURSE_986F248A2D8A
STUDENT_6055D4A767A1,48F4CC0,COURSE_48F4CC02AA5A
STUDENT_6055D4A767A1,4E4632B,COURSE_4E4632BBE56E
STUDENT_6055D4A767A1,165B6EC,COURSE_165B6EC64386
STUDENT_6055D4A767A1,A9C3CE0,COURSE_A9C3CE099531
STUDENT_6055D4A767A1,2962003,COURSE_2962003E8EB8
STUDENT_6055D4A767A1,986F248,COURSE_986F248A2D8A
STUDENT_0BD7222B037A,48F4CC0,COURSE_48F4CC02AA5A
STUDENT_0BD7222B037A,4E4632B,COURSE_4E4632BBE56E
STUDENT_0BD7222B037A,165B6EC,COURSE_165B6EC64386
STUDENT_0BD7222B037A,A9C3CE0,COURSE_A9C3CE099531
STUDENT_0BD7222B037A,2962003,COURSE_2962003E8EB8
STUDENT_0BD7222B037A,986F248,COURSE_986F248A2D8A
STUDENT_3582C8020FBC,48F4CC0,COURSE_48F4CC02AA5A
STUDENT_3582C8020FBC,4E4632B,COURSE_4E4632BBE56E
STUDENT_3582C8020FBC,165B6EC,COURSE_165B6EC64386
STUDENT_3582C8020FBC,A9C3CE0,COURSE_A9C3CE099531
STUDENT_3582C8020FBC,2962003,COURSE_2962003E8EB8
STUDENT_3582C8020FBC,986F248,COURSE_986F248A2D8A
STUDENT_5C83F9BDC186,500C8E8,COURSE_500C8E8E485C
STUDENT_5C83F9BDC186,47510C7,COURSE_47510C7D6B2A
STUDENT_5C83F9BDC186,48F4CC0,COURSE_48F4CC02AA5A
STUDENT_5C83F9BDC186,4E4632B,COURSE_4E4632BBE56E
STUDENT_5C83F9BDC186,165B6EC,COURSE_165B6EC64386
STUDENT_5C83F9BDC186,A9C3CE0,COURSE_A9C3CE099531
STUDENT_A10D3A2ACD81,500C8E8,COURSE_500C8E8E485C
STUDENT_A10D3A2ACD81,47510C7,COURSE_47510C7D6B2A
STUDENT_A10D3A2ACD81,165B6EC,COURSE_165B6EC64386
STUDENT_A10D3A2ACD81,A9C3CE0,COURSE_A9C3CE099531
STUDENT_A10D3A2ACD81,2962003,COURSE_2962003E8EB8
STUDENT_A10D3A2ACD81,986F248,COURSE_986F248A2D8A
STUDENT_E7C94C7D86CA,48F4CC0,COURSE_48F4CC02AA5A
STUDENT_E7C94C7D86CA,4E4632B,COURSE_4E4632BBE56E
STUDENT_E7C94C7D86CA,165B6EC,COURSE_165B6EC64386
STUDENT_E7C94C7D86CA,A9C3CE0,COURSE_A9C3CE099531
STUDENT_E7C94C7D86CA,2962003,COURSE_2962003E8EB8
STUDENT_E7C94C7D86CA,986F248,COURSE_986F248A2D8A
STUDENT_AE32C1D9EE2B,48F4CC0,COURSE_48F4CC02AA5A
STUDENT_AE32C1D9EE2B,4E4632B,COURSE_4E4632BBE56E
STUDENT_AE32C1D9EE2B,165B6EC,COURSE_165B6EC64386
STUDENT_AE32C1D9EE2B,A9C3CE0,COURSE_A9C3CE099531
STUDENT_AE32C1D9EE2B,2962003,COURSE_2962003E8EB8
STUDENT_AE32C1D9EE2B,986F248,COURSE_986F248A2D8A
STUDENT_9718DCB0C385,CCB0EDD,COURSE_CCB0EDDCF252
STUDENT_9718DCB0C385,B2EED57,COURSE_B2EED574D766
STUDENT_9718DCB0C385,3895DF1,COURSE_3895DF1B2396
STUDENT_9718DCB0C385,6C418F3,COURSE_6C418F3F4ACC
STUDENT_9718DCB0C385,48F4CC0,COURSE_48F4CC02AA5A
STUDENT_9718DCB0C385,4E4632B,COURSE_4E4632BBE56E
STUDENT_21E4FADF3894,48F4CC0,COURSE_48F4CC02AA5A
STUDENT_21E4FADF3894,4E4632B,COURSE_4E4632BBE56E
STUDENT_21E4FADF3894,165B6EC,COURSE_165B6EC64386
STUDENT_21E4FADF3894,A9C3CE0,COURSE_A9C3CE099531
STUDENT_21E4FADF3894,2962003,COURSE_2962003E8EB8
STUDENT_21E4FADF3894,986F248,COURSE_986F248A2D8A
STUDENT_EF3640F7F4D0,500C8E8,COURSE_500C8E8E485C
STUDENT_EF3640F7F4D0,47510C7,COURSE_47510C7D6B2A
STUDENT_EF3640F7F4D0,165B6EC,COURSE_165B6EC64386
STUDENT_EF3640F7F4D0,A9C3CE0,COURSE_A9C3CE099531
STUDENT_EF3640F7F4D0,2962003,COURSE_2962003E8EB8
STUDENT_EF3640F7F4D0,986F248,COURSE_986F248A2D8A
STUDENT_8CB1C6BA41AD,500C8E8,COURSE_500C8E8E485C
STUDENT_8CB1C6BA41AD,47510C7,COURSE_47510C7D6B2A
STUDENT_8CB1C6BA41AD,48F4CC0,COURSE_48F4CC02AA5A
STUDENT_8CB1C6BA41AD,4E4632B,COURSE_4E4632BBE56E
STUDENT_8CB1C6BA41AD,165B6EC,COURSE_165B6EC64386
STUDENT_8CB1C6BA41AD,2962003,COURSE_2962003E8EB8
STUDENT_8CB1C6BA41AD,986F248,COURSE_986F248A2D8A
STUDENT_0E7945E64E44,500C8E8,COURSE_500C8E8E485C
STUDENT_0E7945E64E44,47510C7,COURSE_47510C7D6B2A
STUDENT_0E7945E64E44,165B6EC,COURSE_165B6EC64386
STUDENT_0E7945E64E44,A9C3CE0,COURSE_A9C3CE099531
STUDENT_0E7945E64E44,2962003,COURSE_2962003E8EB8
STUDENT_0E7945E64E44,986F248,COURSE_986F248A2D8A
STUDENT_503A103CFED7,500C8E8,COURSE_500C8E8E485C
STUDENT_503A103CFED7,47510C7,COURSE_47510C7D6B2A
STUDENT_503A103CFED7,165B6EC,COURSE_165B6EC64386
STUDENT_503A103CFED7,A9C3CE0,COURSE_A9C3CE099531
STUDENT_503A103CFED7,2962003,COURSE_2962003E8EB8
STUDENT_503A103CFED7,986F248,COURSE_986F248A2D8A
STUDENT_20531977F426,500C8E8,COURSE_500C8E8E485C
STUDENT_20531977F426,47510C7,COURSE_47510C7D6B2A
STUDENT_20531977F426,165B6EC,COURSE_165B6EC64386
STUDENT_20531977F426,A9C3CE0,COURSE_A9C3CE099531
STUDENT_20531977F426,2962003,COURSE_2962003E8EB8
STUDENT_20531977F426,986F248,COURSE_986F248A2D8A
STUDENT_54CAE3AE4193,500C8E8,COURSE_500C8E8E485C
STUDENT_54CAE3AE4193,47510C7,COURSE_47510C7D6B2A
STUDENT_54CAE3AE4193,48F4CC0,COURSE_48F4CC02AA5A
STUDENT_54CAE3AE4193,4E4632B,COURSE_4E4632BBE56E
STUDENT_54CAE3AE4193,165B6EC,COURSE_165B6EC64386
STUDENT_54CAE3AE4193,2962003,COURSE_2962003E8EB8
STUDENT_54CAE3AE4193,986F248,COURSE_986F248A2D8A
STUDENT_F8961F718E5F,500C8E8,COURSE_500C8E8E485C
STUDENT_F8961F718E5F,47510C7,COURSE_47510C7D6B2A
STUDENT_F8961F718E5F,48F4CC0,COURSE_48F4CC02AA5A
STUDENT_F8961F718E5F,4E4632B,COURSE_4E4632BBE56E
STUDENT_F8961F718E5F,165B6EC,COURSE_165B6EC64386
STUDENT_F8961F718E5F,A9C3CE0,COURSE_A9C3CE099531
STUDENT_169D5D303BB3,3895DF1,COURSE_3895DF1B2396
STUDENT_169D5D303BB3,6C418F3,COURSE_6C418F3F4ACC
STUDENT_169D5D303BB3,48F4CC0,COURSE_48F4CC02AA5A
STUDENT_169D5D303BB3,4E4632B,COURSE_4E4632BBE56E
STUDENT_169D5D303BB3,165B6EC,COURSE_165B6EC64386
STUDENT_169D5D303BB3,A9C3CE0,COURSE_A9C3CE099531
STUDENT_3EEF4E1FD783,500C8E8,COURSE_500C8E8E485C
STUDENT_3EEF4E1FD783,47510C7,COURSE_47510C7D6B2A
STUDENT_3EEF4E1FD783,165B6EC,COURSE_165B6EC64386
STUDENT_3EEF4E1FD783,A9C3CE0,COURSE_A9C3CE099531
STUDENT_3EEF4E1FD783,2962003,COURSE_2962003E8EB8
STUDENT_3EEF4E1FD783,986F248,COURSE_986F248A2D8A
STUDENT_74775D14C791,500C8E8,COURSE_500C8E8E485C
STUDENT_74775D14C791,47510C7,COURSE_47510C7D6B2A
STUDENT_74775D14C791,48F4CC0,COURSE_48F4CC02AA5A
STUDENT_74775D14C791,4E4632B,COURSE_4E4632BBE56E
STUDENT_74775D14C791,165B6EC,COURSE_165B6EC64386
STUDENT_74775D14C791,A9C3CE0,COURSE_A9C3CE099531
STUDENT_8A23B2A2D70A,500C8E8,COURSE_500C8E8E485C
STUDENT_8A23B2A2D70A,47510C7,COURSE_47510C7D6B2A
STUDENT_8A23B2A2D70A,165B6EC,COURSE_165B6EC64386
STUDENT_8A23B2A2D70A,A9C3CE0,COURSE_A9C3CE099531
STUDENT_8A23B2A2D70A,2962003,COURSE_2962003E8EB8
STUDENT_8A23B2A2D70A,986F248,COURSE_986F248A2D8A
STUDENT_96EF8F1C6BEF,500C8E8,COURSE_500C8E8E485C
STUDENT_96EF8F1C6BEF,47510C7,COURSE_47510C7D6B2A
STUDENT_96EF8F1C6BEF,48F4CC0,COURSE_48F4CC02AA5A
STUDENT_96EF8F1C6BEF,4E4632B,COURSE_4E4632BBE56E
STUDENT_96EF8F1C6BEF,165B6EC,COURSE_165B6EC64386
STUDENT_96EF8F1C6BEF,A9C3CE0,COURSE_A9C3CE099531
STUDENT_580A8D661CF6,48F4CC0,COURSE_48F4CC02AA5A
STUDENT_580A8D661CF6,4E4632B,COURSE_4E4632BBE56E
STUDENT_580A8D661CF6,165B6EC,COURSE_165B6EC64386
STUDENT_580A8D661CF6,A9C3CE0,COURSE_A9C3CE099531
STUDENT_580A8D661CF6,2962003,COURSE_2962003E8EB8
STUDENT_580A8D661CF6,986F248,COURSE_986F248A2D8A
STUDENT_48401C1D701C,48F4CC0,COURSE_48F4CC02AA5A
STUDENT_48401C1D701C,4E4632B,COURSE_4E4632BBE56E
STUDENT_48401C1D701C,165B6EC,COURSE_165B6EC64386
STUDENT_48401C1D701C,A9C3CE0,COURSE_A9C3CE099531
STUDENT_48401C1D701C,2962003,COURSE_2962003E8EB8
STUDENT_48401C1D701C,986F248,COURSE_986F248A2D8A
STUDENT_E8DA7D2B51FE,48F4CC0,COURSE_48F4CC02AA5A
STUDENT_E8DA7D2B51FE,4E4632B,COURSE_4E4632BBE56E
STUDENT_E8DA7D2B51FE,165B6EC,COURSE_165B6EC64386
STUDENT_E8DA7D2B51FE,A9C3CE0,COURSE_A9C3CE099531
STUDENT_E8DA7D2B51FE,2962003,COURSE_2962003E8EB8
STUDENT_E8DA7D2B51FE,986F248,COURSE_986F248A2D8A
STUDENT_7D6694D83A0A,500C8E8,COURSE_500C8E8E485C
STUDENT_7D6694D83A0A,47510C7,COURSE_47510C7D6B2A
STUDENT_7D6694D83A0A,165B6EC,COURSE_165B6EC64386
STUDENT_7D6694D83A0A,A9C3CE0,COURSE_A9C3CE099531
STUDENT_7D6694D83A0A,2962003,COURSE_2962003E8EB8
STUDENT_7D6694D83A0A,986F248,COURSE_986F248A2D8A
STUDENT_98D58B1D137A,3895DF1,COURSE_3895DF1B2396
STUDENT_98D58B1D137A,6C418F3,COURSE_6C418F3F4ACC
STUDENT_98D58B1D137A,165B6EC,COURSE_165B6EC64386
STUDENT_98D58B1D137A,A9C3CE0,COURSE_A9C3CE099531
STUDENT_98D58B1D137A,2962003,COURSE_2962003E8EB8
STUDENT_98D58B1D137A,986F248,COURSE_986F248A2D8A
STUDENT_7D29855A7324,48F4CC0,COURSE_48F4CC02AA5A
STUDENT_7D29855A7324,4E4632B,COURSE_4E4632BBE56E
STUDENT_7D29855A7324,165B6EC,COURSE_165B6EC64386
STUDENT_7D29855A7324,A9C3CE0,COURSE_A9C3CE099531
STUDENT_7D29855A7324,2962003,COURSE_2962003E8EB8
STUDENT_7D29855A7324,986F248,COURSE_986F248A2D8A
STUDENT_3059AB1E0D2A,500C8E8,COURSE_500C8E8E485C
STUDENT_3059AB1E0D2A,47510C7,COURSE_47510C7D6B2A
STUDENT_3059AB1E0D2A,165B6EC,COURSE_165B6EC64386
STUDENT_3059AB1E0D2A,A9C3CE0,COURSE_A9C3CE099531
STUDENT_3059AB1E0D2A,2962003,COURSE_2962003E8EB8
STUDENT_3059AB1E0D2A,986F248,COURSE_986F248A2D8A
STUDENT_58ED1D09AFF0,48F4CC0,COURSE_48F4CC02AA5A
STUDENT_58ED1D09AFF0,4E4632B,COURSE_4E4632BBE56E
STUDENT_58ED1D09AFF0,165B6EC,COURSE_165B6EC64386
STUDENT_58ED1D09AFF0,A9C3CE0,COURSE_A9C3CE099531
STUDENT_58ED1D09AFF0,2962003,COURSE_2962003E8EB8
STUDENT_58ED1D09AFF0,986F248,COURSE_986F248A2D8A
STUDENT_B9CAB4BD594F,48F4CC0,COURSE_48F4CC02AA5A
STUDENT_B9CAB4BD594F,4E4632B,COURSE_4E4632BBE56E
STUDENT_B9CAB4BD594F,165B6EC,COURSE_165B6EC64386
STUDENT_B9CAB4BD594F,A9C3CE0,COURSE_A9C3CE099531
STUDENT_B9CAB4BD594F,2962003,COURSE_2962003E8EB8
STUDENT_B9CAB4BD594F,986F248,COURSE_986F248A2D8A
STUDENT_9F747B5AA2A8,500C8E8,COURSE_500C8E8E485C
STUDENT_9F747B5AA2A8,47510C7,COURSE_47510C7D6B2A
STUDENT_9F747B5AA2A8,165B6EC,COURSE_165B6EC64386
STUDENT_9F747B5AA2A8,A9C3CE0,COURSE_A9C3CE099531
STUDENT_9F747B5AA2A8,2962003,COURSE_2962003E8EB8
STUDENT_9F747B5AA2A8,986F248,COURSE_986F248A2D8A
STUDENT_730C22A08FC0,48F4CC0,COURSE_48F4CC02AA5A
STUDENT_730C22A08FC0,4E4632B,COURSE_4E4632BBE56E
STUDENT_730C22A08FC0,165B6EC,COURSE_165B6EC64386
STUDENT_730C22A08FC0,A9C3CE0,COURSE_A9C3CE099531
STUDENT_730C22A08FC0,2962003,COURSE_2962003E8EB8
STUDENT_730C22A08FC0,986F248,COURSE_986F248A2D8A
STUDENT_DCB259CF5BB4,3895DF1,COURSE_3895DF1B2396
STUDENT_DCB259CF5BB4,6C418F3,COURSE_6C418F3F4ACC
STUDENT_DCB259CF5BB4,165B6EC,COURSE_165B6EC64386
STUDENT_DCB259CF5BB4,A9C3CE0,COURSE_A9C3CE099531
STUDENT_DCB259CF5BB4,2962003,COURSE_2962003E8EB8
STUDENT_DCB259CF5BB4,986F248,COURSE_986F248A2D8A
STUDENT_EC531459BD22,500C8E8,COURSE_500C8E8E485C
STUDENT_EC531459BD22,47510C7,COURSE_47510C7D6B2A
STUDENT_EC531459BD22,165B6EC,COURSE_165B6EC64386
STUDENT_EC531459BD22,A9C3CE0,COURSE_A9C3CE099531
STUDENT_EC531459BD22,2962003,COURSE_2962003E8EB8
STUDENT_EC531459BD22,986F248,COURSE_986F248A2D8A
STUDENT_C48A1D3F4641,500C8E8,COURSE_500C8E8E485C
STUDENT_C48A1D3F4641,47510C7,COURSE_47510C7D6B2A
STUDENT_C48A1D3F4641,165B6EC,COURSE_165B6EC64386
STUDENT_C48A1D3F4641,A9C3CE0,COURSE_A9C3CE099531
STUDENT_C48A1D3F4641,2962003,COURSE_2962003E8EB8
STUDENT_C48A1D3F4641,986F248,COURSE_986F248A2D8A
STUDENT_8F0BBE6B6082,500C8E8,COURSE_500C8E8E485C
STUDENT_8F0BBE6B6082,47510C7,COURSE_47510C7D6B2A
STUDENT_8F0BBE6B6082,165B6EC,COURSE_165B6EC64386
STUDENT_8F0BBE6B6082,A9C3CE0,COURSE_A9C3CE099531
STUDENT_8F0BBE6B6082,2962003,COURSE_2962003E8EB8
STUDENT_8F0BBE6B6082,986F248,COURSE_986F248A2D8A
STUDENT_9ECD2F189F3A,48F4CC0,COURSE_48F4CC02AA5A
STUDENT_9ECD2F189F3A,4E4632B,COURSE_4E4632BBE56E
STUDENT_9ECD2F189F3A,165B6EC,COURSE_165B6EC64386
STUDENT_9ECD2F189F3A,A9C3CE0,COURSE_A9C3CE099531
STUDENT_9ECD2F189F3A,2962003,COURSE_2962003E8EB8
STUDENT_9ECD2F189F3A,986F248,COURSE_986F248A2D8A
STUDENT_3084E6144C30,48F4CC0,COURSE_48F4CC02AA5A
STUDENT_3084E6144C30,4E4632B,COURSE_4E4632BBE56E
STUDENT_3084E6144C30,165B6EC,COURSE_165B6EC64386
STUDENT_3084E6144C30,A9C3CE0,COURSE_A9C3CE099531
STUDENT_3084E6144C30,2962003,COURSE_2962003E8EB8
STUDENT_3084E6144C30,986F248,COURSE_986F248A2D8A
STUDENT_6088EE4AAB65,48F4CC0,COURSE_48F4CC02AA5A
STUDENT_6088EE4AAB65,4E4632B,COURSE_4E4632BBE56E
STUDENT_6088EE4AAB65,165B6EC,COURSE_165B6EC64386
STUDENT_6088EE4AAB65,A9C3CE0,COURSE_A9C3CE099531
STUDENT_6088EE4AAB65,2962003,COURSE_2962003E8EB8
STUDENT_6088EE4AAB65,986F248,COURSE_986F248A2D8A
STUDENT_05A559663C36,500C8E8,COURSE_500C8E8E485C
STUDENT_05A559663C36,47510C7,COURSE_47510C7D6B2A
STUDENT_05A559663C36,165B6EC,COURSE_165B6EC64386
STUDENT_05A559663C36,A9C3CE0,COURSE_A9C3CE099531
STUDENT_05A559663C36,2962003,COURSE_2962003E8EB8
STUDENT_05A559663C36,986F248,COURSE_986F248A2D8A
STUDENT_9FC5535F7DF8,500C8E8,COURSE_500C8E8E485C
STUDENT_9FC5535F7DF8,47510C7,COURSE_47510C7D6B2A
STUDENT_9FC5535F7DF8,165B6EC,COURSE_165B6EC64386
STUDENT_9FC5535F7DF8,A9C3CE0,COURSE_A9C3CE099531
STUDENT_9FC5535F7DF8,2962003,COURSE_2962003E8EB8
STUDENT_9FC5535F7DF8,986F248,COURSE_986F248A2D8A
STUDENT_95079153FAD7,3895DF1,COURSE_3895DF1B2396
STUDENT_95079153FAD7,6C418F3,COURSE_6C418F3F4ACC
STUDENT_95079153FAD7,500C8E8,COURSE_500C8E8E485C
STUDENT_95079153FAD7,47510C7,COURSE_47510C7D6B2A
STUDENT_95079153FAD7,165B6EC,COURSE_165B6EC64386
STUDENT_95079153FAD7,2962003,COURSE_2962003E8EB8
STUDENT_95079153FAD7,986F248,COURSE_986F248A2D8A
STUDENT_54AD6627B6A0,CCB0EDD,COURSE_CCB0EDDCF252
STUDENT_54AD6627B6A0,B2EED57,COURSE_B2EED574D766
STUDENT_54AD6627B6A0,48F4CC0,COURSE_48F4CC02AA5A
STUDENT_54AD6627B6A0,4E4632B,COURSE_4E4632BBE56E
STUDENT_54AD6627B6A0,165B6EC,COURSE_165B6EC64386
STUDENT_54AD6627B6A0,A9C3CE0,COURSE_A9C3CE099531
STUDENT_0320B75B6BB1,500C8E8,COURSE_500C8E8E485C
STUDENT_0320B75B6BB1,47510C7,COURSE_47510C7D6B2A
STUDENT_0320B75B6BB1,165B6EC,COURSE_165B6EC64386
STUDENT_0320B75B6BB1,A9C3CE0,COURSE_A9C3CE099531
STUDENT_0320B75B6BB1,2962003,COURSE_2962003E8EB8
STUDENT_0320B75B6BB1,986F248,COURSE_986F248A2D8A
STUDENT_BFBB9320D653,500C8E8,COURSE_500C8E8E485C
STUDENT_BFBB9320D653,47510C7,COURSE_47510C7D6B2A
STUDENT_BFBB9320D653,165B6EC,COURSE_165B6EC64386
STUDENT_BFBB9320D653,A9C3CE0,COURSE_A9C3CE099531
STUDENT_BFBB9320D653,2962003,COURSE_2962003E8EB8
STUDENT_BFBB9320D653,986F248,COURSE_986F248A2D8A
STUDENT_9FE1AF0CDC52,48F4CC0,COURSE_48F4CC02AA5A
STUDENT_9FE1AF0CDC52,4E4632B,COURSE_4E4632BBE56E
STUDENT_9FE1AF0CDC52,165B6EC,COURSE_165B6EC64386
STUDENT_9FE1AF0CDC52,A9C3CE0,COURSE_A9C3CE099531
STUDENT_9FE1AF0CDC52,2962003,COURSE_2962003E8EB8
STUDENT_9FE1AF0CDC52,986F248,COURSE_986F248A2D8A
STUDENT_A592C986C2EB,3895DF1,COURSE_3895DF1B2396
STUDENT_A592C986C2EB,6C418F3,COURSE_6C418F3F4ACC
STUDENT_A592C986C2EB,48F4CC0,COURSE_48F4CC02AA5A
STUDENT_A592C986C2EB,4E4632B,COURSE_4E4632BBE56E
STUDENT_A592C986C2EB,2962003,COURSE_2962003E8EB8
STUDENT_A592C986C2EB,986F248,COURSE_986F248A2D8A
STUDENT_E12AB5F7060F,3895DF1,COURSE_3895DF1B2396
STUDENT_E12AB5F7060F,6C418F3,COURSE_6C418F3F4ACC
STUDENT_E12AB5F7060F,500C8E8,COURSE_500C8E8E485C
STUDENT_E12AB5F7060F,47510C7,COURSE_47510C7D6B2A
STUDENT_E12AB5F7060F,165B6EC,COURSE_165B6EC64386
STUDENT_E12AB5F7060F,2962003,COURSE_2962003E8EB8
STUDENT_E12AB5F7060F,986F248,COURSE_986F248A2D8A
STUDENT_B96FBEA31A11,500C8E8,COURSE_500C8E8E485C
STUDENT_B96FBEA31A11,47510C7,COURSE_47510C7D6B2A
STUDENT_B96FBEA31A11,165B6EC,COURSE_165B6EC64386
STUDENT_B96FBEA31A11,A9C3CE0,COURSE_A9C3CE099531
STUDENT_B96FBEA31A11,2962003,COURSE_2962003E8EB8
STUDENT_B96FBEA31A11,986F248,COURSE_986F248A2D8A
STUDENT_FD204B4E8E22,CCB0EDD,COURSE_CCB0EDDCF252
STUDENT_FD204B4E8E22,B2EED57,COURSE_B2EED574D766
STUDENT_FD204B4E8E22,3895DF1,COURSE_3895DF1B2396
STUDENT_FD204B4E8E22,6C418F3,COURSE_6C418F3F4ACC
STUDENT_FD204B4E8E22,500C8E8,COURSE_500C8E8E485C
STUDENT_FD204B4E8E22,47510C7,COURSE_47510C7D6B2A
STUDENT_FD204B4E8E22,165B6EC,COURSE_165B6EC64386
STUDENT_702BD67AE47D,48F4CC0,COURSE_48F4CC02AA5A
STUDENT_702BD67AE47D,4E4632B,COURSE_4E4632BBE56E
STUDENT_702BD67AE47D,165B6EC,COURSE_165B6EC64386
STUDENT_702BD67AE47D,A9C3CE0,COURSE_A9C3CE099531
STUDENT_702BD67AE47D,2962003,COURSE_2962003E8EB8
STUDENT_702BD67AE47D,986F248,COURSE_986F248A2D8A
STUDENT_4346AAE1AF4F,500C8E8,COURSE_500C8E8E485C
STUDENT_4346AAE1AF4F,47510C7,COURSE_47510C7D6B2A
STUDENT_4346AAE1AF4F,165B6EC,COURSE_165B6EC64386
STUDENT_4346AAE1AF4F,A9C3CE0,COURSE_A9C3CE099531
STUDENT_4346AAE1AF4F,2962003,COURSE_2962003E8EB8
STUDENT_4346AAE1AF4F,986F248,COURSE_986F248A2D8A
STUDENT_D43DCD0B4408,3895DF1,COURSE_3895DF1B2396
STUDENT_D43DCD0B4408,6C418F3,COURSE_6C418F3F4ACC
STUDENT_D43DCD0B4408,500C8E8,COURSE_500C8E8E485C
STUDENT_D43DCD0B4408,47510C7,COURSE_47510C7D6B2A
STUDENT_D43DCD0B4408,165B6EC,COURSE_165B6EC64386
STUDENT_D43DCD0B4408,2962003,COURSE_2962003E8EB8
STUDENT_D43DCD0B4408,986F248,COURSE_986F248A2D8A
STUDENT_3061FA1AEA71,500C8E8,COURSE_500C8E8E485C
STUDENT_3061FA1AEA71,47510C7,COURSE_47510C7D6B2A
STUDENT_3061FA1AEA71,48F4CC0,COURSE_48F4CC02AA5A
STUDENT_3061FA1AEA71,4E4632B,COURSE_4E4632BBE56E
STUDENT_3061FA1AEA71,165B6EC,COURSE_165B6EC64386
STUDENT_3061FA1AEA71,A9C3CE0,COURSE_A9C3CE099531
STUDENT_D7F4EF72EFE4,500C8E8,COURSE_500C8E8E485C
STUDENT_D7F4EF72EFE4,47510C7,COURSE_47510C7D6B2A
STUDENT_D7F4EF72EFE4,165B6EC,COURSE_165B6EC64386
STUDENT_D7F4EF72EFE4,A9C3CE0,COURSE_A9C3CE099531
STUDENT_D7F4EF72EFE4,2962003,COURSE_2962003E8EB8
STUDENT_D7F4EF72EFE4,986F248,COURSE_986F248A2D8A
STUDENT_6FF101E543E2,500C8E8,COURSE_500C8E8E485C
STUDENT_6FF101E543E2,47510C7,COURSE_47510C7D6B2A
STUDENT_6FF101E543E2,48F4CC0,COURSE_48F4CC02AA5A
STUDENT_6FF101E543E2,4E4632B,COURSE_4E4632BBE56E
STUDENT_6FF101E543E2,165B6EC,COURSE_165B6EC64386
STUDENT_6FF101E543E2,A9C3CE0,COURSE_A9C3CE099531
STUDENT_365D2AE6ACCB,48F4CC0,COURSE_48F4CC02AA5A
STUDENT_365D2AE6ACCB,4E4632B,COURSE_4E4632BBE56E
STUDENT_365D2AE6ACCB,165B6EC,COURSE_165B6EC64386
STUDENT_365D2AE6ACCB,A9C3CE0,COURSE_A9C3CE099531
STUDENT_365D2AE6ACCB,2962003,COURSE_2962003E8EB8
STUDENT_365D2AE6ACCB,986F248,COURSE_986F248A2D8A
STUDENT_74D0079E2AEC,500C8E8,COURSE_500C8E8E485C
STUDENT_74D0079E2AEC,47510C7,COURSE_47510C7D6B2A
STUDENT_74D0079E2AEC,165B6EC,COURSE_165B6EC64386
STUDENT_74D0079E2AEC,A9C3CE0,COURSE_A9C3CE099531
STUDENT_74D0079E2AEC,2962003,COURSE_2962003E8EB8
STUDENT_74D0079E2AEC,986F248,COURSE_986F248A2D8A
STUDENT_F31E855C516C,500C8E8,COURSE_500C8E8E485C
STUDENT_F31E855C516C,47510C7,COURSE_47510C7D6B2A
STUDENT_F31E855C516C,165B6EC,COURSE_165B6EC64386
STUDENT_F31E855C516C,A9C3CE0,COURSE_A9C3CE099531
STUDENT_F31E855C516C,2962003,COURSE_2962003E8EB8
STUDENT_F31E855C516C,986F248,COURSE_986F248A2D8A
STUDENT_25DF70EBE75B,500C8E8,COURSE_500C8E8E485C
STUDENT_25DF70EBE75B,47510C7,COURSE_47510C7D6B2A
STUDENT_25DF70EBE75B,48F4CC0,COURSE_48F4CC02AA5A
STUDENT_25DF70EBE75B,4E4632B,COURSE_4E4632BBE56E
STUDENT_25DF70EBE75B,165B6EC,COURSE_165B6EC64386
STUDENT_25DF70EBE75B,A9C3CE0,COURSE_A9C3CE099531
STUDENT_DB9151CEE1B0,500C8E8,COURSE_500C8E8E485C
STUDENT_DB9151CEE1B0,47510C7,COURSE_47510C7D6B2A
STUDENT_DB9151CEE1B0,165B6EC,COURSE_165B6EC64386
STUDENT_DB9151CEE1B0,A9C3CE0,COURSE_A9C3CE099531
STUDENT_DB9151CEE1B0,2962003,COURSE_2962003E8EB8
STUDENT_DB9151CEE1B0,986F248,COURSE_986F248A2D8A
STUDENT_FF75E8D81AB5,500C8E8,COURSE_500C8E8E485C
STUDENT_FF75E8D81AB5,47510C7,COURSE_47510C7D6B2A
STUDENT_FF75E8D81AB5,48F4CC0,COURSE_48F4CC02AA5A
STUDENT_FF75E8D81AB5,4E4632B,COURSE_4E4632BBE56E
STUDENT_FF75E8D81AB5,165B6EC,COURSE_165B6EC64386
STUDENT_FF75E8D81AB5,2962003,COURSE_2962003E8EB8
STUDENT_FF75E8D81AB5,986F248,COURSE_986F248A2D8A
STUDENT_6F78E2985C22,3895DF1,COURSE_3895DF1B2396
STUDENT_6F78E2985C22,6C418F3,COURSE_6C418F3F4ACC
STUDENT_6F78E2985C22,500C8E8,COURSE_500C8E8E485C
STUDENT_6F78E2985C22,47510C7,COURSE_47510C7D6B2A
STUDENT_6F78E2985C22,48F4CC0,COURSE_48F4CC02AA5A
STUDENT_6F78E2985C22,4E4632B,COURSE_4E4632BBE56E
STUDENT_6F78E2985C22,165B6EC,COURSE_165B6EC64386
STUDENT_CBDAF8DCFCDD,500C8E8,COURSE_500C8E8E485C
STUDENT_CBDAF8DCFCDD,47510C7,COURSE_47510C7D6B2A
STUDENT_CBDAF8DCFCDD,165B6EC,COURSE_165B6EC64386
STUDENT_CBDAF8DCFCDD,A9C3CE0,COURSE_A9C3CE099531
STUDENT_CBDAF8DCFCDD,2962003,COURSE_2962003E8EB8
STUDENT_CBDAF8DCFCDD,986F248,COURSE_986F248A2D8A
STUDENT_7836F1F4814A,500C8E8,COURSE_500C8E8E485C
STUDENT_7836F1F4814A,47510C7,COURSE_47510C7D6B2A
STUDENT_7836F1F4814A,48F4CC0,COURSE_48F4CC02AA5A
STUDENT_7836F1F4814A,4E4632B,COURSE_4E4632BBE56E
STUDENT_7836F1F4814A,165B6EC,COURSE_165B6EC64386
STUDENT_7836F1F4814A,2962003,COURSE_2962003E8EB8
STUDENT_7836F1F4814A,986F248,COURSE_986F248A2D8A
STUDENT_6C0241F23E30,CCB0EDD,COURSE_CCB0EDDCF252
STUDENT_6C0241F23E30,B2EED57,COURSE_B2EED574D766
STUDENT_6C0241F23E30,48F4CC0,COURSE_48F4CC02AA5A
STUDENT_6C0241F23E30,4E4632B,COURSE_4E4632BBE56E
STUDENT_6C0241F23E30,165B6EC,COURSE_165B6EC64386
STUDENT_6C0241F23E30,A9C3CE0,COURSE_A9C3CE099531
STUDENT_DA68FBE072A4,500C8E8,COURSE_500C8E8E485C
STUDENT_DA68FBE072A4,47510C7,COURSE_47510C7D6B2A
STUDENT_DA68FBE072A4,165B6EC,COURSE_165B6EC64386
STUDENT_DA68FBE072A4,A9C3CE0,COURSE_A9C3CE099531
STUDENT_DA68FBE072A4,2962003,COURSE_2962003E8EB8
STUDENT_DA68FBE072A4,986F248,COURSE_986F248A2D8A
STUDENT_7268E15C1231,500C8E8,COURSE_500C8E8E485C
STUDENT_7268E15C1231,47510C7,COURSE_47510C7D6B2A
STUDENT_7268E15C1231,165B6EC,COURSE_165B6EC64386
STUDENT_7268E15C1231,A9C3CE0,COURSE_A9C3CE099531
STUDENT_7268E15C1231,2962003,COURSE_2962003E8EB8
STUDENT_7268E15C1231,986F248,COURSE_986F248A2D8A
STUDENT_4D72611143F6,3895DF1,COURSE_3895DF1B2396
STUDENT_4D72611143F6,6C418F3,COURSE_6C418F3F4ACC
STUDENT_4D72611143F6,165B6EC,COURSE_165B6EC64386
STUDENT_4D72611143F6,A9C3CE0,COURSE_A9C3CE099531
STUDENT_4D72611143F6,2962003,COURSE_2962003E8EB8
STUDENT_4D72611143F6,986F248,COURSE_986F248A2D8A
STUDENT_9D4D48739712,500C8E8,COURSE_500C8E8E485C
STUDENT_9D4D48739712,47510C7,COURSE_47510C7D6B2A
STUDENT_9D4D48739712,165B6EC,COURSE_165B6EC64386
STUDENT_9D4D48739712,A9C3CE0,COURSE_A9C3CE099531
STUDENT_9D4D48739712,2962003,COURSE_2962003E8EB8
STUDENT_9D4D48739712,986F248,COURSE_986F248A2D8A
STUDENT_355808654C33,500C8E8,COURSE_500C8E8E485C
STUDENT_355808654C33,47510C7,COURSE_47510C7D6B2A
STUDENT_355808654C33,165B6EC,COURSE_165B6EC64386
STUDENT_355808654C33,A9C3CE0,COURSE_A9C3CE099531
STUDENT_355808654C33,2962003,COURSE_2962003E8EB8
STUDENT_355808654C33,986F248,COURSE_986F248A2D8A
STUDENT_EBDABC886967,500C8E8,COURSE_500C8E8E485C
STUDENT_EBDABC886967,47510C7,COURSE_47510C7D6B2A
STUDENT_EBDABC886967,165B6EC,COURSE_165B6EC64386
STUDENT_EBDABC886967,A9C3CE0,COURSE_A9C3CE099531
STUDENT_EBDABC886967,2962003,COURSE_2962003E8EB8
STUDENT_EBDABC886967,986F248,COURSE_986F248A2D8A
STUDENT_C7463FD3F310,500C8E8,COURSE_500C8E8E485C
STUDENT_C7463FD3F310,47510C7,COURSE_47510C7D6B2A
STUDENT_C7463FD3F310,165B6EC,COURSE_165B6EC64386
STUDENT_C7463FD3F310,A9C3CE0,COURSE_A9C3CE099531
STUDENT_C7463FD3F310,2962003,COURSE_2962003E8EB8
STUDENT_C7463FD3F310,986F248,COURSE_986F248A2D8A
STUDENT_BD653EBB9708,500C8E8,COURSE_500C8E8E485C
STUDENT_BD653EBB9708,47510C7,COURSE_47510C7D6B2A
STUDENT_BD653EBB9708,165B6EC,COURSE_165B6EC64386
STUDENT_BD653EBB9708,A9C3CE0,COURSE_A9C3CE099531
STUDENT_BD653EBB9708,2962003,COURSE_2962003E8EB8
STUDENT_BD653EBB9708,986F248,COURSE_986F248A2D8A
STUDENT_598AA6D66334,500C8E8,COURSE_500C8E8E485C
STUDENT_598AA6D66334,47510C7,COURSE_47510C7D6B2A
STUDENT_598AA6D66334,165B6EC,COURSE_165B6EC64386
STUDENT_598AA6D66334,A9C3CE0,COURSE_A9C3CE099531
STUDENT_598AA6D66334,2962003,COURSE_2962003E8EB8
STUDENT_598AA6D66334,986F248,COURSE_986F248A2D8A
STUDENT_2D68883D942A,CCB0EDD,COURSE_CCB0EDDCF252
STUDENT_2D68883D942A,B2EED57,COURSE_B2EED574D766
STUDENT_2D68883D942A,3895DF1,COURSE_3895DF1B2396
STUDENT_2D68883D942A,6C418F3,COURSE_6C418F3F4ACC
STUDENT_2D68883D942A,2962003,COURSE_2962003E8EB8
STUDENT_2D68883D942A,986F248,COURSE_986F248A2D8A
STUDENT_C2C28643BA65,CCB0EDD,COURSE_CCB0EDDCF252
STUDENT_C2C28643BA65,B2EED57,COURSE_B2EED574D766
STUDENT_C2C28643BA65,3895DF1,COURSE_3895DF1B2396
STUDENT_C2C28643BA65,6C418F3,COURSE_6C418F3F4ACC
STUDENT_C2C28643BA65,48F4CC0,COURSE_48F4CC02AA5A
STUDENT_C2C28643BA65,4E4632B,COURSE_4E4632BBE56E
STUDENT_EE69169187C1,500C8E8,COURSE_500C8E8E485C
STUDENT_EE69169187C1,47510C7,COURSE_47510C7D6B2A
STUDENT_EE69169187C1,165B6EC,COURSE_165B6EC64386
STUDENT_EE69169187C1,A9C3CE0,COURSE_A9C3CE099531
STUDENT_EE69169187C1,2962003,COURSE_2962003E8EB8
STUDENT_EE69169187C1,986F248,COURSE_986F248A2D8A
STUDENT_6870C9D9AFC4,CCB0EDD,COURSE_CCB0EDDCF252
STUDENT_6870C9D9AFC4,B2EED57,COURSE_B2EED574D766
STUDENT_6870C9D9AFC4,48F4CC0,COURSE_48F4CC02AA5A
STUDENT_6870C9D9AFC4,4E4632B,COURSE_4E4632BBE56E
STUDENT_6870C9D9AFC4,165B6EC,COURSE_165B6EC64386
STUDENT_6870C9D9AFC4,A9C3CE0,COURSE_A9C3CE099531
STUDENT_DE7AFDC7E617,CCB0EDD,COURSE_CCB0EDDCF252
STUDENT_DE7AFDC7E617,B2EED57,COURSE_B2EED574D766
STUDENT_DE7AFDC7E617,3895DF1,COURSE_3895DF1B2396
STUDENT_DE7AFDC7E617,6C418F3,COURSE_6C418F3F4ACC
STUDENT_DE7AFDC7E617,165B6EC,COURSE_165B6EC64386
STUDENT_DE7AFDC7E617,A9C3CE0,COURSE_A9C3CE099531
STUDENT_CC8C7A892BD9,CCB0EDD,COURSE_CCB0EDDCF252
STUDENT_CC8C7A892BD9,B2EED57,COURSE_B2EED574D766
STUDENT_CC8C7A892BD9,500C8E8,COURSE_500C8E8E485C
STUDENT_CC8C7A892BD9,47510C7,COURSE_47510C7D6B2A
STUDENT_CC8C7A892BD9,165B6EC,COURSE_165B6EC64386
STUDENT_CC8C7A892BD9,2962003,COURSE_2962003E8EB8
STUDENT_CC8C7A892BD9,986F248,COURSE_986F248A2D8A
STUDENT_EC4D41E54BCA,500C8E8,COURSE_500C8E8E485C
STUDENT_EC4D41E54BCA,47510C7,COURSE_47510C7D6B2A
STUDENT_EC4D41E54BCA,165B6EC,COURSE_165B6EC64386
STUDENT_EC4D41E54BCA,A9C3CE0,COURSE_A9C3CE099531
STUDENT_EC4D41E54BCA,2962003,COURSE_2962003E8EB8
STUDENT_EC4D41E54BCA,986F248,COURSE_986F248A2D8A
STUDENT_152CB430C5B2,CCB0EDD,COURSE_CCB0EDDCF252
STUDENT_152CB430C5B2,B2EED57,COURSE_B2EED574D766
STUDENT_152CB430C5B2,3895DF1,COURSE_3895DF1B2396
STUDENT_152CB430C5B2,6C418F3,COURSE_6C418F3F4ACC
STUDENT_152CB430C5B2,48F4CC0,COURSE_48F4CC02AA5A
STUDENT_152CB430C5B2,4E4632B,COURSE_4E4632BBE56E
STUDENT_D198E73F5EDC,CCB0EDD,COURSE_CCB0EDDCF252
STUDENT_D198E73F5EDC,B2EED57,COURSE_B2EED574D766
STUDENT_D198E73F5EDC,3895DF1,COURSE_3895DF1B2396
STUDENT_D198E73F5EDC,6C418F3,COURSE_6C418F3F4ACC
STUDENT_D198E73F5EDC,48F4CC0,COURSE_48F4CC02AA5A
STUDENT_D198E73F5EDC,4E4632B,COURSE_4E4632BBE56E
STUDENT_0D09194DA845,500C8E8,COURSE_500C8E8E485C
STUDENT_0D09194DA845,47510C7,COURSE_47510C7D6B2A
STUDENT_0D09194DA845,165B6EC,COURSE_165B6EC64386
STUDENT_0D09194DA845,A9C3CE0,COURSE_A9C3CE099531
STUDENT_0D09194DA845,2962003,COURSE_2962003E8EB8
STUDENT_0D09194DA845,986F248,COURSE_986F248A2D8A
STUDENT_C75A51D7B090,CCB0EDD,COURSE_CCB0EDDCF252
STUDENT_C75A51D7B090,B2EED57,COURSE_B2EED574D766
STUDENT_C75A51D7B090,500C8E8,COURSE_500C8E8E485C
STUDENT_C75A51D7B090,47510C7,COURSE_47510C7D6B2A
STUDENT_C75A51D7B090,48F4CC0,COURSE_48F4CC02AA5A
STUDENT_C75A51D7B090,4E4632B,COURSE_4E4632BBE56E
STUDENT_C75A51D7B090,165B6EC,COURSE_165B6EC64386
STUDENT_A0B6E7545979,CCB0EDD,COURSE_CCB0EDDCF252
STUDENT_A0B6E7545979,B2EED57,COURSE_B2EED574D766
STUDENT_A0B6E7545979,3895DF1,COURSE_3895DF1B2396
STUDENT_A0B6E7545979,6C418F3,COURSE_6C418F3F4ACC
STUDENT_A0B6E7545979,48F4CC0,COURSE_48F4CC02AA5A
STUDENT_A0B6E7545979,4E4632B,COURSE_4E4632BBE56E
STUDENT_48F847FC866C,CCB0EDD,COURSE_CCB0EDDCF252
STUDENT_48F847FC866C,B2EED57,COURSE_B2EED574D766
STUDENT_48F847FC866C,500C8E8,COURSE_500C8E8E485C
STUDENT_48F847FC866C,47510C7,COURSE_47510C7D6B2A
STUDENT_48F847FC866C,48F4CC0,COURSE_48F4CC02AA5A
STUDENT_48F847FC866C,4E4632B,COURSE_4E4632BBE56E
STUDENT_48F847FC866C,165B6EC,COURSE_165B6EC64386
STUDENT_22A0C0B3AA60,CCB0EDD,COURSE_CCB0EDDCF252
STUDENT_22A0C0B3AA60,B2EED57,COURSE_B2EED574D766
STUDENT_22A0C0B3AA60,3895DF1,COURSE_3895DF1B2396
STUDENT_22A0C0B3AA60,6C418F3,COURSE_6C418F3F4ACC
STUDENT_22A0C0B3AA60,48F4CC0,COURSE_48F4CC02AA5A
STUDENT_22A0C0B3AA60,4E4632B,COURSE_4E4632BBE56E
STUDENT_286A224E06A7,CCB0EDD,COURSE_CCB0EDDCF252
STUDENT_286A224E06A7,B2EED57,COURSE_B2EED574D766
STUDENT_286A224E06A7,3895DF1,COURSE_3895DF1B2396
STUDENT_286A224E06A7,6C418F3,COURSE_6C418F3F4ACC
STUDENT_286A224E06A7,48F4CC0,COURSE_48F4CC02AA5A
STUDENT_286A224E06A7,4E4632B,COURSE_4E4632BBE56E
STUDENT_8381BD7FBF1C,CCB0EDD,COURSE_CCB0EDDCF252
STUDENT_8381BD7FBF1C,B2EED57,COURSE_B2EED574D766
STUDENT_8381BD7FBF1C,3895DF1,COURSE_3895DF1B2396
STUDENT_8381BD7FBF1C,6C418F3,COURSE_6C418F3F4ACC
STUDENT_8381BD7FBF1C,48F4CC0,COURSE_48F4CC02AA5A
STUDENT_8381BD7FBF1C,4E4632B,COURSE_4E4632BBE56E
STUDENT_FDCF353BE9B3,CCB0EDD,COURSE_CCB0EDDCF252
STUDENT_FDCF353BE9B3,B2EED57,COURSE_B2EED574D766
STUDENT_FDCF353BE9B3,3895DF1,COURSE_3895DF1B2396
STUDENT_FDCF353BE9B3,6C418F3,COURSE_6C418F3F4ACC
STUDENT_FDCF353BE9B3,48F4CC0,COURSE_48F4CC02AA5A
STUDENT_FDCF353BE9B3,4E4632B,COURSE_4E4632BBE56E
STUDENT_B2B1A9BDAA27,CCB0EDD,COURSE_CCB0EDDCF252
STUDENT_B2B1A9BDAA27,B2EED57,COURSE_B2EED574D766
STUDENT_B2B1A9BDAA27,3895DF1,COURSE_3895DF1B2396
STUDENT_B2B1A9BDAA27,6C418F3,COURSE_6C418F3F4ACC
STUDENT_B2B1A9BDAA27,48F4CC0,COURSE_48F4CC02AA5A
STUDENT_B2B1A9BDAA27,4E4632B,COURSE_4E4632BBE56E
STUDENT_A2988A7A3C44,CCB0EDD,COURSE_CCB0EDDCF252
STUDENT_A2988A7A3C44,B2EED57,COURSE_B2EED574D766
STUDENT_A2988A7A3C44,3895DF1,COURSE_3895DF1B2396
STUDENT_A2988A7A3C44,6C418F3,COURSE_6C418F3F4ACC
STUDENT_A2988A7A3C44,48F4CC0,COURSE_48F4CC02AA5A
STUDENT_A2988A7A3C44,4E4632B,COURSE_4E4632BBE56E
STUDENT_2B1B239159A4,CCB0EDD,COURSE_CCB0EDDCF252
STUDENT_2B1B239159A4,B2EED57,COURSE_B2EED574D766
STUDENT_2B1B239159A4,165B6EC,COURSE_165B6EC64386
STUDENT_2B1B239159A4,A9C3CE0,COURSE_A9C3CE099531
STUDENT_2B1B239159A4,2962003,COURSE_2962003E8EB8
STUDENT_2B1B239159A4,986F248,COURSE_986F248A2D8A
STUDENT_83EBC486E737,CCB0EDD,COURSE_CCB0EDDCF252
STUDENT_83EBC486E737,B2EED57,COURSE_B2EED574D766
STUDENT_83EBC486E737,3895DF1,COURSE_3895DF1B2396
STUDENT_83EBC486E737,6C418F3,COURSE_6C418F3F4ACC
STUDENT_83EBC486E737,48F4CC0,COURSE_48F4CC02AA5A
STUDENT_83EBC486E737,4E4632B,COURSE_4E4632BBE56E
STUDENT_AD379C1397A3,CCB0EDD,COURSE_CCB0EDDCF252
STUDENT_AD379C1397A3,B2EED57,COURSE_B2EED574D766
STUDENT_AD379C1397A3,3895DF1,COURSE_3895DF1B2396
STUDENT_AD379C1397A3,6C418F3,COURSE_6C418F3F4ACC
STUDENT_AD379C1397A3,48F4CC0,COURSE_48F4CC02AA5A
STUDENT_AD379C1397A3,4E4632B,COURSE_4E4632BBE56E
STUDENT_8366016D5746,3895DF1,COURSE_3895DF1B2396
STUDENT_8366016D5746,6C418F3,COURSE_6C418F3F4ACC
STUDENT_8366016D5746,165B6EC,COURSE_165B6EC64386
STUDENT_8366016D5746,A9C3CE0,COURSE_A9C3CE099531
STUDENT_8366016D5746,2962003,COURSE_2962003E8EB8
STUDENT_8366016D5746,986F248,COURSE_986F248A2D8A
STUDENT_EEE98855D4A4,CCB0EDD,COURSE_CCB0EDDCF252
STUDENT_EEE98855D4A4,B2EED57,COURSE_B2EED574D766
STUDENT_EEE98855D4A4,3895DF1,COURSE_3895DF1B2396
STUDENT_EEE98855D4A4,6C418F3,COURSE_6C418F3F4ACC
STUDENT_EEE98855D4A4,48F4CC0,COURSE_48F4CC02AA5A
STUDENT_EEE98855D4A4,4E4632B,COURSE_4E4632BBE56E
STUDENT_4FFBABDB3E65,CCB0EDD,COURSE_CCB0EDDCF252
STUDENT_4FFBABDB3E65,B2EED57,COURSE_B2EED574D766
STUDENT_4FFBABDB3E65,3895DF1,COURSE_3895DF1B2396
STUDENT_4FFBABDB3E65,6C418F3,COURSE_6C418F3F4ACC
STUDENT_4FFBABDB3E65,48F4CC0,COURSE_48F4CC02AA5A
STUDENT_4FFBABDB3E65,4E4632B,COURSE_4E4632BBE56E
STUDENT_3F6DA676B4C3,CCB0EDD,COURSE_CCB0EDDCF252
STUDENT_3F6DA676B4C3,B2EED57,COURSE_B2EED574D766
STUDENT_3F6DA676B4C3,3895DF1,COURSE_3895DF1B2396
STUDENT_3F6DA676B4C3,6C418F3,COURSE_6C418F3F4ACC
STUDENT_3F6DA676B4C3,48F4CC0,COURSE_48F4CC02AA5A
STUDENT_3F6DA676B4C3,4E4632B,COURSE_4E4632BBE56E
STUDENT_194AF088E11D,3895DF1,COURSE_3895DF1B2396
STUDENT_194AF088E11D,6C418F3,COURSE_6C418F3F4ACC
STUDENT_194AF088E11D,48F4CC0,COURSE_48F4CC02AA5A
STUDENT_194AF088E11D,4E4632B,COURSE_4E4632BBE56E
STUDENT_194AF088E11D,165B6EC,COURSE_165B6EC64386
STUDENT_194AF088E11D,A9C3CE0,COURSE_A9C3CE099531
STUDENT_BEF1D660CA95,3895DF1,COURSE_3895DF1B2396
STUDENT_BEF1D660CA95,6C418F3,COURSE_6C418F3F4ACC
STUDENT_BEF1D660CA95,165B6EC,COURSE_165B6EC64386
STUDENT_BEF1D660CA95,A9C3CE0,COURSE_A9C3CE099531
STUDENT_BEF1D660CA95,2962003,COURSE_2962003E8EB8
STUDENT_BEF1D660CA95,986F248,COURSE_986F248A2D8A
STUDENT_AA0552511894,CCB0EDD,COURSE_CCB0EDDCF252
STUDENT_AA0552511894,B2EED57,COURSE_B2EED574D766
STUDENT_AA0552511894,3895DF1,COURSE_3895DF1B2396
STUDENT_AA0552511894,6C418F3,COURSE_6C418F3F4ACC
STUDENT_AA0552511894,48F4CC0,COURSE_48F4CC02AA5A
STUDENT_AA0552511894,4E4632B,COURSE_4E4632BBE56E
STUDENT_A04723E790B0,CCB0EDD,COURSE_CCB0EDDCF252
STUDENT_A04723E790B0,B2EED57,COURSE_B2EED574D766
STUDENT_A04723E790B0,48F4CC0,COURSE_48F4CC02AA5A
STUDENT_A04723E790B0,4E4632B,COURSE_4E4632BBE56E
STUDENT_A04723E790B0,2962003,COURSE_2962003E8EB8
STUDENT_A04723E790B0,986F248,COURSE_986F248A2D8A
STUDENT_6EAD4C4F31DA,CCB0EDD,COURSE_CCB0EDDCF252
STUDENT_6EAD4C4F31DA,B2EED57,COURSE_B2EED574D766
STUDENT_6EAD4C4F31DA,3895DF1,COURSE_3895DF1B2396
STUDENT_6EAD4C4F31DA,6C418F3,COURSE_6C418F3F4ACC
STUDENT_6EAD4C4F31DA,48F4CC0,COURSE_48F4CC02AA5A
STUDENT_6EAD4C4F31DA,4E4632B,COURSE_4E4632BBE56E
STUDENT_422948B4F1B2,CCB0EDD,COURSE_CCB0EDDCF252
STUDENT_422948B4F1B2,B2EED57,COURSE_B2EED574D766
STUDENT_422948B4F1B2,3895DF1,COURSE_3895DF1B2396
STUDENT_422948B4F1B2,6C418F3,COURSE_6C418F3F4ACC
STUDENT_422948B4F1B2,48F4CC0,COURSE_48F4CC02AA5A
STUDENT_422948B4F1B2,4E4632B,COURSE_4E4632BBE56E
STUDENT_651BBF2B86B4,3895DF1,COURSE_3895DF1B2396
STUDENT_651BBF2B86B4,6C418F3,COURSE_6C418F3F4ACC
STUDENT_651BBF2B86B4,500C8E8,COURSE_500C8E8E485C
STUDENT_651BBF2B86B4,47510C7,COURSE_47510C7D6B2A
STUDENT_651BBF2B86B4,165B6EC,COURSE_165B6EC64386
STUDENT_651BBF2B86B4,A9C3CE0,COURSE_A9C3CE099531
STUDENT_B5A6109613B9,CCB0EDD,COURSE_CCB0EDDCF252
STUDENT_B5A6109613B9,B2EED57,COURSE_B2EED574D766
STUDENT_B5A6109613B9,3895DF1,COURSE_3895DF1B2396
STUDENT_B5A6109613B9,6C418F3,COURSE_6C418F3F4ACC
STUDENT_B5A6109613B9,48F4CC0,COURSE_48F4CC02AA5A
STUDENT_B5A6109613B9,4E4632B,COURSE_4E4632BBE56E
STUDENT_C182ABDAC6D2,CCB0EDD,COURSE_CCB0EDDCF252
STUDENT_C182ABDAC6D2,B2EED57,COURSE_B2EED574D766
STUDENT_C182ABDAC6D2,3895DF1,COURSE_3895DF1B2396
STUDENT_C182ABDAC6D2,6C418F3,COURSE_6C418F3F4ACC
STUDENT_C182ABDAC6D2,48F4CC0,COURSE_48F4CC02AA5A
STUDENT_C182ABDAC6D2,4E4632B,COURSE_4E4632BBE56E
STUDENT_8A5341E5C4F5,CCB0EDD,COURSE_CCB0EDDCF252
STUDENT_8A5341E5C4F5,B2EED57,COURSE_B2EED574D766
STUDENT_8A5341E5C4F5,3895DF1,COURSE_3895DF1B2396
STUDENT_8A5341E5C4F5,6C418F3,COURSE_6C418F3F4ACC
STUDENT_8A5341E5C4F5,48F4CC0,COURSE_48F4CC02AA5A
STUDENT_8A5341E5C4F5,4E4632B,COURSE_4E4632BBE56E
STUDENT_5C2E94214054,CCB0EDD,COURSE_CCB0EDDCF252
STUDENT_5C2E94214054,B2EED57,COURSE_B2EED574D766
STUDENT_5C2E94214054,3895DF1,COURSE_3895DF1B2396
STUDENT_5C2E94214054,6C418F3,COURSE_6C418F3F4ACC
STUDENT_5C2E94214054,48F4CC0,COURSE_48F4CC02AA5A
STUDENT_5C2E94214054,4E4632B,COURSE_4E4632BBE56E
STUDENT_1E5A98B2352A,CCB0EDD,COURSE_CCB0EDDCF252
STUDENT_1E5A98B2352A,B2EED57,COURSE_B2EED574D766
STUDENT_1E5A98B2352A,165B6EC,COURSE_165B6EC64386
STUDENT_1E5A98B2352A,A9C3CE0,COURSE_A9C3CE099531
STUDENT_1E5A98B2352A,2962003,COURSE_2962003E8EB8
STUDENT_1E5A98B2352A,986F248,COURSE_986F248A2D8A
STUDENT_14EC0A9B9545,CCB0EDD,COURSE_CCB0EDDCF252
STUDENT_14EC0A9B9545,B2EED57,COURSE_B2EED574D766
STUDENT_14EC0A9B9545,3895DF1,COURSE_3895DF1B2396
STUDENT_14EC0A9B9545,6C418F3,COURSE_6C418F3F4ACC
STUDENT_14EC0A9B9545,48F4CC0,COURSE_48F4CC02AA5A
STUDENT_14EC0A9B9545,4E4632B,COURSE_4E4632BBE56E
STUDENT_8EEBDE33445C,CCB0EDD,COURSE_CCB0EDDCF252
STUDENT_8EEBDE33445C,B2EED57,COURSE_B2EED574D766
STUDENT_8EEBDE33445C,48F4CC0,COURSE_48F4CC02AA5A
STUDENT_8EEBDE33445C,4E4632B,COURSE_4E4632BBE56E
STUDENT_8EEBDE33445C,165B6EC,COURSE_165B6EC64386
STUDENT_8EEBDE33445C,A9C3CE0,COURSE_A9C3CE099531
STUDENT_6FAD96294FBB,CCB0EDD,COURSE_CCB0EDDCF252
STUDENT_6FAD96294FBB,B2EED57,COURSE_B2EED574D766
STUDENT_6FAD96294FBB,3895DF1,COURSE_3895DF1B2396
STUDENT_6FAD96294FBB,6C418F3,COURSE_6C418F3F4ACC
STUDENT_6FAD96294FBB,48F4CC0,COURSE_48F4CC02AA5A
STUDENT_6FAD96294FBB,4E4632B,COURSE_4E4632BBE56E
STUDENT_399451D8F05B,CCB0EDD,COURSE_CCB0EDDCF252
STUDENT_399451D8F05B,B2EED57,COURSE_B2EED574D766
STUDENT_399451D8F05B,3895DF1,COURSE_3895DF1B2396
STUDENT_399451D8F05B,6C418F3,COURSE_6C418F3F4ACC
STUDENT_399451D8F05B,48F4CC0,COURSE_48F4CC02AA5A
STUDENT_399451D8F05B,4E4632B,COURSE_4E4632BBE56E
STUDENT_B9F9A30358E3,CCB0EDD,COURSE_CCB0EDDCF252
STUDENT_B9F9A30358E3,B2EED57,COURSE_B2EED574D766
STUDENT_B9F9A30358E3,3895DF1,COURSE_3895DF1B2396
STUDENT_B9F9A30358E3,6C418F3,COURSE_6C418F3F4ACC
STUDENT_B9F9A30358E3,48F4CC0,COURSE_48F4CC02AA5A
STUDENT_B9F9A30358E3,4E4632B,COURSE_4E4632BBE56E
STUDENT_56E58841ED4B,CCB0EDD,COURSE_CCB0EDDCF252
STUDENT_56E58841ED4B,B2EED57,COURSE_B2EED574D766
STUDENT_56E58841ED4B,3895DF1,COURSE_3895DF1B2396
STUDENT_56E58841ED4B,6C418F3,COURSE_6C418F3F4ACC
STUDENT_56E58841ED4B,48F4CC0,COURSE_48F4CC02AA5A
STUDENT_56E58841ED4B,4E4632B,COURSE_4E4632BBE56E
STUDENT_CDD1DF1ED2FE,CCB0EDD,COURSE_CCB0EDDCF252
STUDENT_CDD1DF1ED2FE,B2EED57,COURSE_B2EED574D766
STUDENT_CDD1DF1ED2FE,3895DF1,COURSE_3895DF1B2396
STUDENT_CDD1DF1ED2FE,6C418F3,COURSE_6C418F3F4ACC
STUDENT_CDD1DF1ED2FE,48F4CC0,COURSE_48F4CC02AA5A
STUDENT_CDD1DF1ED2FE,4E4632B,COURSE_4E4632BBE56E
STUDENT_46F74A077065,CCB0EDD,COURSE_CCB0EDDCF252
STUDENT_46F74A077065,B2EED57,COURSE_B2EED574D766
STUDENT_46F74A077065,3895DF1,COURSE_3895DF1B2396
STUDENT_46F74A077065,6C418F3,COURSE_6C418F3F4ACC
STUDENT_46F74A077065,48F4CC0,COURSE_48F4CC02AA5A
STUDENT_46F74A077065,4E4632B,COURSE_4E4632BBE56E
STUDENT_9BDEE7073E26,CCB0EDD,COURSE_CCB0EDDCF252
STUDENT_9BDEE7073E26,B2EED57,COURSE_B2EED574D766
STUDENT_9BDEE7073E26,3895DF1,COURSE_3895DF1B2396
STUDENT_9BDEE7073E26,6C418F3,COURSE_6C418F3F4ACC
STUDENT_9BDEE7073E26,48F4CC0,COURSE_48F4CC02AA5A
STUDENT_9BDEE7073E26,4E4632B,COURSE_4E4632BBE56E
STUDENT_FE028296EED5,CCB0EDD,COURSE_CCB0EDDCF252
STUDENT_FE028296EED5,B2EED57,COURSE_B2EED574D766
STUDENT_FE028296EED5,3895DF1,COURSE_3895DF1B2396
STUDENT_FE028296EED5,6C418F3,COURSE_6C418F3F4ACC
STUDENT_FE028296EED5,48F4CC0,COURSE_48F4CC02AA5A
STUDENT_FE028296EED5,4E4632B,COURSE_4E4632BBE56E
STUDENT_34408987B46A,D83CCF6,COURSE_D83CCF67F12C
STUDENT_34408987B46A,1955497,COURSE_19554970F628
STUDENT_34408987B46A,500C8E8,COURSE_500C8E8E485C
STUDENT_34408987B46A,47510C7,COURSE_47510C7D6B2A
STUDENT_34408987B46A,5DB4771,COURSE_5DB4771B0A79
STUDENT_34408987B46A,165B6EC,COURSE_165B6EC64386
STUDENT_95A6CC28431E,FF52A45,COURSE_FF52A456A828
STUDENT_95A6CC28431E,AFFC57F,COURSE_AFFC57FABE98
STUDENT_95A6CC28431E,9E6B1F1,COURSE_9E6B1F18531F
STUDENT_95A6CC28431E,AFF1D77,COURSE_AFF1D77BF8D8
STUDENT_95A6CC28431E,190013B,COURSE_190013BFF7C1
STUDENT_95A6CC28431E,3A566B2,COURSE_3A566B2FDF91
STUDENT_C9EB8B9B4091,3F1B128,COURSE_3F1B1281DACC
STUDENT_C9EB8B9B4091,64056FA,COURSE_64056FA06151
STUDENT_C9EB8B9B4091,BB7F370,COURSE_BB7F370548AA
STUDENT_C9EB8B9B4091,0173213,COURSE_0173213F93B6
STUDENT_C9EB8B9B4091,F34ADCC,COURSE_F34ADCCF6010
STUDENT_C9EB8B9B4091,6BF0AA9,COURSE_6BF0AA9F243F
STUDENT_657ED62D5A37,58B4C36,COURSE_58B4C3685A81
STUDENT_657ED62D5A37,B4B5B8E,COURSE_B4B5B8E85C6D
STUDENT_657ED62D5A37,F911ACE,COURSE_F911ACEAA7B5
STUDENT_657ED62D5A37,4457B1D,COURSE_4457B1DB75EA
STUDENT_657ED62D5A37,91BFF3B,COURSE_91BFF3B09E00
STUDENT_657ED62D5A37,81A8D50,COURSE_81A8D508C067
STUDENT_EBE91D931DC2,D83CCF6,COURSE_D83CCF67F12C
STUDENT_EBE91D931DC2,1955497,COURSE_19554970F628
STUDENT_EBE91D931DC2,500C8E8,COURSE_500C8E8E485C
STUDENT_EBE91D931DC2,47510C7,COURSE_47510C7D6B2A
STUDENT_EBE91D931DC2,5DB4771,COURSE_5DB4771B0A79
STUDENT_EBE91D931DC2,165B6EC,COURSE_165B6EC64386
STUDENT_9D2940286FB4,47E4DB4,COURSE_47E4DB4D9F6E
STUDENT_9D2940286FB4,28DA87B,COURSE_28DA87BD0111
STUDENT_9D2940286FB4,3A124DB,COURSE_3A124DB43FF4
STUDENT_9D2940286FB4,4F8DAE0,COURSE_4F8DAE02A7A0
STUDENT_9D2940286FB4,5DB4771,COURSE_5DB4771B0A79
STUDENT_EB867BD07402,47E4DB4,COURSE_47E4DB4D9F6E
STUDENT_EB867BD07402,28DA87B,COURSE_28DA87BD0111
STUDENT_EB867BD07402,3A124DB,COURSE_3A124DB43FF4
STUDENT_EB867BD07402,4F8DAE0,COURSE_4F8DAE02A7A0
STUDENT_EB867BD07402,5DB4771,COURSE_5DB4771B0A79
STUDENT_38121EAD610D,D83CCF6,COURSE_D83CCF67F12C
STUDENT_38121EAD610D,1955497,COURSE_19554970F628
STUDENT_38121EAD610D,500C8E8,COURSE_500C8E8E485C
STUDENT_38121EAD610D,47510C7,COURSE_47510C7D6B2A
STUDENT_38121EAD610D,5DB4771,COURSE_5DB4771B0A79
STUDENT_38121EAD610D,165B6EC,COURSE_165B6EC64386
STUDENT_5E18CCC0DF4A,D83CCF6,COURSE_D83CCF67F12C
STUDENT_5E18CCC0DF4A,1955497,COURSE_19554970F628
STUDENT_5E18CCC0DF4A,500C8E8,COURSE_500C8E8E485C
STUDENT_5E18CCC0DF4A,47510C7,COURSE_47510C7D6B2A
STUDENT_5E18CCC0DF4A,5DB4771,COURSE_5DB4771B0A79
STUDENT_5E18CCC0DF4A,165B6EC,COURSE_165B6EC64386
STUDENT_CC0D29BAAE5F,3895DF1,COURSE_3895DF1B2396
STUDENT_CC0D29BAAE5F,6C418F3,COURSE_6C418F3F4ACC
STUDENT_CC0D29BAAE5F,C79A295,COURSE_C79A295DA02B
STUDENT_CC0D29BAAE5F,3F1B128,COURSE_3F1B1281DACC
STUDENT_CC0D29BAAE5F,2B7ADA6,COURSE_2B7ADA67C898
STUDENT_7A2199383F7B,D83CCF6,COURSE_D83CCF67F12C
STUDENT_7A2199383F7B,1955497,COURSE_19554970F628
STUDENT_7A2199383F7B,500C8E8,COURSE_500C8E8E485C
STUDENT_7A2199383F7B,47510C7,COURSE_47510C7D6B2A
STUDENT_7A2199383F7B,5DB4771,COURSE_5DB4771B0A79
STUDENT_7A2199383F7B,165B6EC,COURSE_165B6EC64386
STUDENT_78B6C81EA04D,C40C59E,COURSE_C40C59E77909
STUDENT_78B6C81EA04D,F911ACE,COURSE_F911ACEAA7B5
STUDENT_78B6C81EA04D,4457B1D,COURSE_4457B1DB75EA
STUDENT_3F4BDAC75DD4,47E4DB4,COURSE_47E4DB4D9F6E
STUDENT_3F4BDAC75DD4,28DA87B,COURSE_28DA87BD0111
STUDENT_3F4BDAC75DD4,3A124DB,COURSE_3A124DB43FF4
STUDENT_3F4BDAC75DD4,4F8DAE0,COURSE_4F8DAE02A7A0
STUDENT_3F4BDAC75DD4,5DB4771,COURSE_5DB4771B0A79
STUDENT_BFC9BDBCCAD8,6E363D6,COURSE_6E363D600BA1
STUDENT_BFC9BDBCCAD8,8928BF4,COURSE_8928BF411C22
STUDENT_BFC9BDBCCAD8,342173B,COURSE_342173B29394
STUDENT_BFC9BDBCCAD8,9772A41,COURSE_9772A418992F
STUDENT_BFC9BDBCCAD8,C40C59E,COURSE_C40C59E77909
STUDENT_7E11631F70E9,A419E04,COURSE_A419E04C917F
STUDENT_7E11631F70E9,9316CD4,COURSE_9316CD4D881E
STUDENT_7E11631F70E9,88A5BB2,COURSE_88A5BB2A9E50
STUDENT_7E11631F70E9,2A9F863,COURSE_2A9F8630D88C
STUDENT_7E11631F70E9,BAFD130,COURSE_BAFD130A3032
STUDENT_52DA721B0F99,D83CCF6,COURSE_D83CCF67F12C
STUDENT_52DA721B0F99,1955497,COURSE_19554970F628
STUDENT_52DA721B0F99,500C8E8,COURSE_500C8E8E485C
STUDENT_52DA721B0F99,47510C7,COURSE_47510C7D6B2A
STUDENT_52DA721B0F99,5DB4771,COURSE_5DB4771B0A79
STUDENT_52DA721B0F99,165B6EC,COURSE_165B6EC64386
STUDENT_56A2B5AE29C0,47E4DB4,COURSE_47E4DB4D9F6E
STUDENT_56A2B5AE29C0,28DA87B,COURSE_28DA87BD0111
STUDENT_56A2B5AE29C0,3A124DB,COURSE_3A124DB43FF4
STUDENT_56A2B5AE29C0,4F8DAE0,COURSE_4F8DAE02A7A0
STUDENT_56A2B5AE29C0,5DB4771,COURSE_5DB4771B0A79
STUDENT_4D94AFB618E5,190013B,COURSE_190013BFF7C1
STUDENT_4D94AFB618E5,3A566B2,COURSE_3A566B2FDF91
STUDENT_4D94AFB618E5,61C7475,COURSE_61C74758B507
STUDENT_4D94AFB618E5,2272A89,COURSE_2272A89A56F1
STUDENT_4D94AFB618E5,28DA87B,COURSE_28DA87BD0111
STUDENT_597E79E8DEF7,D83CCF6,COURSE_D83CCF67F12C
STUDENT_597E79E8DEF7,1955497,COURSE_19554970F628
STUDENT_597E79E8DEF7,500C8E8,COURSE_500C8E8E485C
STUDENT_597E79E8DEF7,47510C7,COURSE_47510C7D6B2A
STUDENT_597E79E8DEF7,5DB4771,COURSE_5DB4771B0A79
STUDENT_597E79E8DEF7,165B6EC,COURSE_165B6EC64386
STUDENT_3AE31E76DA53,DF6FC47,COURSE_DF6FC470A7CD
STUDENT_3AE31E76DA53,DBC12C3,COURSE_DBC12C371F89
STUDENT_3AE31E76DA53,5CB16CB,COURSE_5CB16CB795C3
STUDENT_3AE31E76DA53,66A6CAF,COURSE_66A6CAFEFBDE
STUDENT_3AE31E76DA53,5DCF966,COURSE_5DCF966FA1E3
STUDENT_816BADA1ADDA,D83CCF6,COURSE_D83CCF67F12C
STUDENT_816BADA1ADDA,1955497,COURSE_19554970F628
STUDENT_816BADA1ADDA,500C8E8,COURSE_500C8E8E485C
STUDENT_816BADA1ADDA,47510C7,COURSE_47510C7D6B2A
STUDENT_816BADA1ADDA,5DB4771,COURSE_5DB4771B0A79
STUDENT_816BADA1ADDA,165B6EC,COURSE_165B6EC64386
STUDENT_9A33A7CE14AE,DF6FC47,COURSE_DF6FC470A7CD
STUDENT_9A33A7CE14AE,DBC12C3,COURSE_DBC12C371F89
STUDENT_9A33A7CE14AE,5CB16CB,COURSE_5CB16CB795C3
STUDENT_9A33A7CE14AE,66A6CAF,COURSE_66A6CAFEFBDE
STUDENT_9A33A7CE14AE,5DCF966,COURSE_5DCF966FA1E3
STUDENT_9A33A7CE14AE,1330BF6,COURSE_1330BF611256
STUDENT_11921539EE79,9031CED,COURSE_9031CEDB50FD
STUDENT_11921539EE79,58B4C36,COURSE_58B4C3685A81
STUDENT_11921539EE79,B4B5B8E,COURSE_B4B5B8E85C6D
STUDENT_11921539EE79,F911ACE,COURSE_F911ACEAA7B5
STUDENT_11921539EE79,4457B1D,COURSE_4457B1DB75EA
STUDENT_11921539EE79,91BFF3B,COURSE_91BFF3B09E00
STUDENT_51D1D0A89036,190013B,COURSE_190013BFF7C1
STUDENT_51D1D0A89036,47E4DB4,COURSE_47E4DB4D9F6E
STUDENT_51D1D0A89036,28DA87B,COURSE_28DA87BD0111
STUDENT_51D1D0A89036,3A124DB,COURSE_3A124DB43FF4
STUDENT_51D1D0A89036,5DB4771,COURSE_5DB4771B0A79
STUDENT_68417DCA0303,D83CCF6,COURSE_D83CCF67F12C
STUDENT_68417DCA0303,1955497,COURSE_19554970F628
STUDENT_68417DCA0303,500C8E8,COURSE_500C8E8E485C
STUDENT_68417DCA0303,47510C7,COURSE_47510C7D6B2A
STUDENT_68417DCA0303,5DB4771,COURSE_5DB4771B0A79
STUDENT_68417DCA0303,165B6EC,COURSE_165B6EC64386
STUDENT_EB5262C8EA78,D83CCF6,COURSE_D83CCF67F12C
STUDENT_EB5262C8EA78,1955497,COURSE_19554970F628
STUDENT_EB5262C8EA78,500C8E8,COURSE_500C8E8E485C
STUDENT_EB5262C8EA78,47510C7,COURSE_47510C7D6B2A
STUDENT_EB5262C8EA78,5DB4771,COURSE_5DB4771B0A79
STUDENT_EB5262C8EA78,165B6EC,COURSE_165B6EC64386
STUDENT_97ED10169593,6E363D6,COURSE_6E363D600BA1
STUDENT_97ED10169593,8928BF4,COURSE_8928BF411C22
STUDENT_97ED10169593,342173B,COURSE_342173B29394
STUDENT_97ED10169593,9772A41,COURSE_9772A418992F
STUDENT_97ED10169593,C40C59E,COURSE_C40C59E77909
STUDENT_57CBD5392CA5,6E363D6,COURSE_6E363D600BA1
STUDENT_57CBD5392CA5,8928BF4,COURSE_8928BF411C22
STUDENT_57CBD5392CA5,342173B,COURSE_342173B29394
STUDENT_57CBD5392CA5,9772A41,COURSE_9772A418992F
STUDENT_57CBD5392CA5,C40C59E,COURSE_C40C59E77909
STUDENT_D895A31297CB,D83CCF6,COURSE_D83CCF67F12C
STUDENT_D895A31297CB,1955497,COURSE_19554970F628
STUDENT_D895A31297CB,500C8E8,COURSE_500C8E8E485C
STUDENT_D895A31297CB,47510C7,COURSE_47510C7D6B2A
STUDENT_D895A31297CB,5DB4771,COURSE_5DB4771B0A79
STUDENT_D895A31297CB,165B6EC,COURSE_165B6EC64386
STUDENT_5E0AD91C5DC5,D83CCF6,COURSE_D83CCF67F12C
STUDENT_5E0AD91C5DC5,1955497,COURSE_19554970F628
STUDENT_5E0AD91C5DC5,500C8E8,COURSE_500C8E8E485C
STUDENT_5E0AD91C5DC5,47510C7,COURSE_47510C7D6B2A
STUDENT_5E0AD91C5DC5,5DB4771,COURSE_5DB4771B0A79
STUDENT_5E0AD91C5DC5,165B6EC,COURSE_165B6EC64386
STUDENT_661603F7673F,32D5691,COURSE_32D569186237
STUDENT_661603F7673F,6AE5916,COURSE_6AE5916D0725
STUDENT_836901FECC27,D83CCF6,COURSE_D83CCF67F12C
STUDENT_836901FECC27,1955497,COURSE_19554970F628
STUDENT_836901FECC27,500C8E8,COURSE_500C8E8E485C
STUDENT_836901FECC27,47510C7,COURSE_47510C7D6B2A
STUDENT_836901FECC27,5DB4771,COURSE_5DB4771B0A79
STUDENT_836901FECC27,165B6EC,COURSE_165B6EC64386
STUDENT_F3557A56C74A,258D4B8,COURSE_258D4B85BE0B
STUDENT_F3557A56C74A,FF52A45,COURSE_FF52A456A828
STUDENT_F3557A56C74A,AFFC57F,COURSE_AFFC57FABE98
STUDENT_F3557A56C74A,9E6B1F1,COURSE_9E6B1F18531F
STUDENT_F3557A56C74A,AFF1D77,COURSE_AFF1D77BF8D8
STUDENT_F3557A56C74A,3A566B2,COURSE_3A566B2FDF91
STUDENT_2A0E63C9BE86,D83CCF6,COURSE_D83CCF67F12C
STUDENT_2A0E63C9BE86,1955497,COURSE_19554970F628
STUDENT_2A0E63C9BE86,500C8E8,COURSE_500C8E8E485C
STUDENT_2A0E63C9BE86,47510C7,COURSE_47510C7D6B2A
STUDENT_2A0E63C9BE86,5DB4771,COURSE_5DB4771B0A79
STUDENT_2A0E63C9BE86,165B6EC,COURSE_165B6EC64386
STUDENT_E04077C137AD,6AE5916,COURSE_6AE5916D0725
STUDENT_9E386C4BBEFF,9316CD4,COURSE_9316CD4D881E
STUDENT_9E386C4BBEFF,FF52A45,COURSE_FF52A456A828
STUDENT_9E386C4BBEFF,AFFC57F,COURSE_AFFC57FABE98
STUDENT_9E386C4BBEFF,9E6B1F1,COURSE_9E6B1F18531F
STUDENT_9E386C4BBEFF,AFF1D77,COURSE_AFF1D77BF8D8
STUDENT_9E386C4BBEFF,BAFD130,COURSE_BAFD130A3032
STUDENT_2BD9A48DB151,D83CCF6,COURSE_D83CCF67F12C
STUDENT_2BD9A48DB151,1955497,COURSE_19554970F628
STUDENT_2BD9A48DB151,500C8E8,COURSE_500C8E8E485C
STUDENT_2BD9A48DB151,47510C7,COURSE_47510C7D6B2A
STUDENT_2BD9A48DB151,5DB4771,COURSE_5DB4771B0A79
STUDENT_2BD9A48DB151,165B6EC,COURSE_165B6EC64386
STUDENT_0CCBA62B348E,69DBF44,COURSE_69DBF44B3D90
STUDENT_0CCBA62B348E,121C1E5,COURSE_121C1E5CA81A
STUDENT_0CCBA62B348E,6F2977C,COURSE_6F2977CBA34F
STUDENT_D4E9A27A5DA5,C79A295,COURSE_C79A295DA02B
STUDENT_D4E9A27A5DA5,78104A3,COURSE_78104A3E8A10
STUDENT_E57DAEDD3ED3,258D4B8,COURSE_258D4B85BE0B
STUDENT_E57DAEDD3ED3,FF52A45,COURSE_FF52A456A828
STUDENT_E57DAEDD3ED3,AFFC57F,COURSE_AFFC57FABE98
STUDENT_E57DAEDD3ED3,9E6B1F1,COURSE_9E6B1F18531F
STUDENT_E57DAEDD3ED3,AFF1D77,COURSE_AFF1D77BF8D8
STUDENT_7AC41162960B,157E49E,COURSE_157E49E5EB6E
STUDENT_7AC41162960B,190013B,COURSE_190013BFF7C1
STUDENT_7AC41162960B,3A566B2,COURSE_3A566B2FDF91
STUDENT_7AC41162960B,61C7475,COURSE_61C74758B507
STUDENT_7AC41162960B,2272A89,COURSE_2272A89A56F1
STUDENT_19ECD6167D09,D83CCF6,COURSE_D83CCF67F12C
STUDENT_19ECD6167D09,1955497,COURSE_19554970F628
STUDENT_19ECD6167D09,500C8E8,COURSE_500C8E8E485C
STUDENT_19ECD6167D09,47510C7,COURSE_47510C7D6B2A
STUDENT_19ECD6167D09,5DB4771,COURSE_5DB4771B0A79
STUDENT_19ECD6167D09,165B6EC,COURSE_165B6EC64386
STUDENT_018983C390F8,47E4DB4,COURSE_47E4DB4D9F6E
STUDENT_018983C390F8,28DA87B,COURSE_28DA87BD0111
STUDENT_018983C390F8,3A124DB,COURSE_3A124DB43FF4
STUDENT_018983C390F8,4F8DAE0,COURSE_4F8DAE02A7A0
STUDENT_018983C390F8,5DB4771,COURSE_5DB4771B0A79
STUDENT_12A03056CDAA,64056FA,COURSE_64056FA06151
STUDENT_12A03056CDAA,BB7F370,COURSE_BB7F370548AA
STUDENT_12A03056CDAA,0173213,COURSE_0173213F93B6
STUDENT_12A03056CDAA,2AB210B,COURSE_2AB210BBEC8C
STUDENT_12A03056CDAA,EB9466F,COURSE_EB9466FE229C
STUDENT_32957ECA2430,D83CCF6,COURSE_D83CCF67F12C
STUDENT_32957ECA2430,1955497,COURSE_19554970F628
STUDENT_32957ECA2430,500C8E8,COURSE_500C8E8E485C
STUDENT_32957ECA2430,47510C7,COURSE_47510C7D6B2A
STUDENT_32957ECA2430,5DB4771,COURSE_5DB4771B0A79
STUDENT_32957ECA2430,165B6EC,COURSE_165B6EC64386
STUDENT_4AFD0E53A987,B2EED57,COURSE_B2EED574D766
STUDENT_4AFD0E53A987,1955497,COURSE_19554970F628
STUDENT_4AFD0E53A987,500C8E8,COURSE_500C8E8E485C
STUDENT_4AFD0E53A987,47510C7,COURSE_47510C7D6B2A
STUDENT_4AFD0E53A987,165B6EC,COURSE_165B6EC64386
STUDENT_4AFD0E53A987,A9C3CE0,COURSE_A9C3CE099531
STUDENT_072FC9B3FD2F,D83CCF6,COURSE_D83CCF67F12C
STUDENT_072FC9B3FD2F,1955497,COURSE_19554970F628
STUDENT_072FC9B3FD2F,500C8E8,COURSE_500C8E8E485C
STUDENT_072FC9B3FD2F,47510C7,COURSE_47510C7D6B2A
STUDENT_072FC9B3FD2F,5DB4771,COURSE_5DB4771B0A79
STUDENT_072FC9B3FD2F,165B6EC,COURSE_165B6EC64386
STUDENT_1F562BB51BDA,9316CD4,COURSE_9316CD4D881E
STUDENT_1F562BB51BDA,FF52A45,COURSE_FF52A456A828
STUDENT_1F562BB51BDA,AFFC57F,COURSE_AFFC57FABE98
STUDENT_1F562BB51BDA,9E6B1F1,COURSE_9E6B1F18531F
STUDENT_1F562BB51BDA,AFF1D77,COURSE_AFF1D77BF8D8
STUDENT_B9BCB89C9219,D83CCF6,COURSE_D83CCF67F12C
STUDENT_B9BCB89C9219,1955497,COURSE_19554970F628
STUDENT_B9BCB89C9219,500C8E8,COURSE_500C8E8E485C
STUDENT_B9BCB89C9219,47510C7,COURSE_47510C7D6B2A
STUDENT_B9BCB89C9219,5DB4771,COURSE_5DB4771B0A79
STUDENT_B9BCB89C9219,165B6EC,COURSE_165B6EC64386
STUDENT_92B9D57DAA84,D83CCF6,COURSE_D83CCF67F12C
STUDENT_92B9D57DAA84,1955497,COURSE_19554970F628
STUDENT_92B9D57DAA84,500C8E8,COURSE_500C8E8E485C
STUDENT_92B9D57DAA84,47510C7,COURSE_47510C7D6B2A
STUDENT_92B9D57DAA84,5DB4771,COURSE_5DB4771B0A79
STUDENT_92B9D57DAA84,165B6EC,COURSE_165B6EC64386
STUDENT_BF9CC9E2E7D6,B4B5B8E,COURSE_B4B5B8E85C6D
STUDENT_BF9CC9E2E7D6,F911ACE,COURSE_F911ACEAA7B5
STUDENT_37A30B80C824,D83CCF6,COURSE_D83CCF67F12C
STUDENT_37A30B80C824,1955497,COURSE_19554970F628
STUDENT_37A30B80C824,500C8E8,COURSE_500C8E8E485C
STUDENT_37A30B80C824,47510C7,COURSE_47510C7D6B2A
STUDENT_37A30B80C824,5DB4771,COURSE_5DB4771B0A79
STUDENT_37A30B80C824,165B6EC,COURSE_165B6EC64386
STUDENT_DB21876E04EE,D83CCF6,COURSE_D83CCF67F12C
STUDENT_DB21876E04EE,1955497,COURSE_19554970F628
STUDENT_DB21876E04EE,500C8E8,COURSE_500C8E8E485C
STUDENT_DB21876E04EE,47510C7,COURSE_47510C7D6B2A
STUDENT_DB21876E04EE,5DB4771,COURSE_5DB4771B0A79
STUDENT_DB21876E04EE,165B6EC,COURSE_165B6EC64386
STUDENT_3F840C9CAF76,BAFD130,COURSE_BAFD130A3032
STUDENT_A96C762911ED,D83CCF6,COURSE_D83CCF67F12C
STUDENT_A96C762911ED,1955497,COURSE_19554970F628
STUDENT_A96C762911ED,500C8E8,COURSE_500C8E8E485C
STUDENT_A96C762911ED,47510C7,COURSE_47510C7D6B2A
STUDENT_A96C762911ED,5DB4771,COURSE_5DB4771B0A79
STUDENT_A96C762911ED,165B6EC,COURSE_165B6EC64386
STUDENT_816D89FA7CC5,9316CD4,COURSE_9316CD4D881E
STUDENT_816D89FA7CC5,190013B,COURSE_190013BFF7C1
STUDENT_816D89FA7CC5,3A566B2,COURSE_3A566B2FDF91
STUDENT_816D89FA7CC5,61C7475,COURSE_61C74758B507
STUDENT_816D89FA7CC5,2272A89,COURSE_2272A89A56F1
STUDENT_7CB971AF46B9,D83CCF6,COURSE_D83CCF67F12C
STUDENT_7CB971AF46B9,1955497,COURSE_19554970F628
STUDENT_7CB971AF46B9,500C8E8,COURSE_500C8E8E485C
STUDENT_7CB971AF46B9,47510C7,COURSE_47510C7D6B2A
STUDENT_7CB971AF46B9,5DB4771,COURSE_5DB4771B0A79
STUDENT_7CB971AF46B9,165B6EC,COURSE_165B6EC64386
STUDENT_EBBF807A587D,258D4B8,COURSE_258D4B85BE0B
STUDENT_EBBF807A587D,DF6FC47,COURSE_DF6FC470A7CD
STUDENT_EBBF807A587D,DBC12C3,COURSE_DBC12C371F89
STUDENT_EBBF807A587D,5CB16CB,COURSE_5CB16CB795C3
STUDENT_EBBF807A587D,66A6CAF,COURSE_66A6CAFEFBDE
STUDENT_6F1CF774C319,1AA2066,COURSE_1AA20669074A
STUDENT_6F1CF774C319,121C1E5,COURSE_121C1E5CA81A
STUDENT_6F1CF774C319,4DFDBD5,COURSE_4DFDBD5A1EAB
STUDENT_6F1CF774C319,6F2977C,COURSE_6F2977CBA34F
STUDENT_6F1CF774C319,4E2B40A,COURSE_4E2B40A02EA8
STUDENT_6F1CF774C319,1C5D6A5,COURSE_1C5D6A56EC25
STUDENT_271AC6A4AE77,80EAE88,COURSE_80EAE885256A
STUDENT_271AC6A4AE77,250D49A,COURSE_250D49A6137B
STUDENT_271AC6A4AE77,32D5691,COURSE_32D569186237
STUDENT_271AC6A4AE77,24A18A5,COURSE_24A18A5B3FF2
STUDENT_271AC6A4AE77,F2EB940,COURSE_F2EB940C16DE
STUDENT_AF4E53F7655E,90C1B72,COURSE_90C1B7254FDD
STUDENT_AF4E53F7655E,645A680,COURSE_645A680E52B7
STUDENT_AF4E53F7655E,0186BC3,COURSE_0186BC3B6640
STUDENT_AF4E53F7655E,F2EB940,COURSE_F2EB940C16DE
STUDENT_1470162A0172,D83CCF6,COURSE_D83CCF67F12C
STUDENT_1470162A0172,1955497,COURSE_19554970F628
STUDENT_1470162A0172,500C8E8,COURSE_500C8E8E485C
STUDENT_1470162A0172,47510C7,COURSE_47510C7D6B2A
STUDENT_1470162A0172,5DB4771,COURSE_5DB4771B0A79
STUDENT_1470162A0172,165B6EC,COURSE_165B6EC64386
STUDENT_561C31E8CEAA,D83CCF6,COURSE_D83CCF67F12C
STUDENT_561C31E8CEAA,1955497,COURSE_19554970F628
STUDENT_561C31E8CEAA,500C8E8,COURSE_500C8E8E485C
STUDENT_561C31E8CEAA,47510C7,COURSE_47510C7D6B2A
STUDENT_561C31E8CEAA,5DB4771,COURSE_5DB4771B0A79
STUDENT_561C31E8CEAA,165B6EC,COURSE_165B6EC64386
STUDENT_F95E0ED138E4,FF52A45,COURSE_FF52A456A828
STUDENT_F95E0ED138E4,AFFC57F,COURSE_AFFC57FABE98
STUDENT_F95E0ED138E4,9E6B1F1,COURSE_9E6B1F18531F
STUDENT_F95E0ED138E4,AFF1D77,COURSE_AFF1D77BF8D8
STUDENT_F95E0ED138E4,3A566B2,COURSE_3A566B2FDF91
STUDENT_DFF6FB9EA5AE,D83CCF6,COURSE_D83CCF67F12C
STUDENT_DFF6FB9EA5AE,1955497,COURSE_19554970F628
STUDENT_DFF6FB9EA5AE,500C8E8,COURSE_500C8E8E485C
STUDENT_DFF6FB9EA5AE,47510C7,COURSE_47510C7D6B2A
STUDENT_DFF6FB9EA5AE,5DB4771,COURSE_5DB4771B0A79
STUDENT_DFF6FB9EA5AE,165B6EC,COURSE_165B6EC64386
STUDENT_09C16F713433,6E363D6,COURSE_6E363D600BA1
STUDENT_09C16F713433,8928BF4,COURSE_8928BF411C22
STUDENT_09C16F713433,342173B,COURSE_342173B29394
STUDENT_09C16F713433,80EAE88,COURSE_80EAE885256A
STUDENT_09C16F713433,E00D025,COURSE_E00D02523E87
STUDENT_A59F5EF0DEBD,C79A295,COURSE_C79A295DA02B
STUDENT_A59F5EF0DEBD,3F1B128,COURSE_3F1B1281DACC
STUDENT_A59F5EF0DEBD,2B7ADA6,COURSE_2B7ADA67C898
STUDENT_A59F5EF0DEBD,355947D,COURSE_355947D15102
STUDENT_A59F5EF0DEBD,3544086,COURSE_354408622855
STUDENT_A59F5EF0DEBD,3A124DB,COURSE_3A124DB43FF4
STUDENT_B2533033635C,C40C59E,COURSE_C40C59E77909
STUDENT_B2533033635C,B4B5B8E,COURSE_B4B5B8E85C6D
STUDENT_B2533033635C,4457B1D,COURSE_4457B1DB75EA
STUDENT_B939F63FD04B,D83CCF6,COURSE_D83CCF67F12C
STUDENT_B939F63FD04B,1955497,COURSE_19554970F628
STUDENT_B939F63FD04B,500C8E8,COURSE_500C8E8E485C
STUDENT_B939F63FD04B,47510C7,COURSE_47510C7D6B2A
STUDENT_B939F63FD04B,5DB4771,COURSE_5DB4771B0A79
STUDENT_B939F63FD04B,165B6EC,COURSE_165B6EC64386
STUDENT_E4AB18E5C7F1,F2EB940,COURSE_F2EB940C16DE
STUDENT_C24D13F903CF,6AE5916,COURSE_6AE5916D0725
STUDENT_7F8D63108801,AFFC57F,COURSE_AFFC57FABE98
STUDENT_7F8D63108801,88A5BB2,COURSE_88A5BB2A9E50
STUDENT_7F8D63108801,2A9F863,COURSE_2A9F8630D88C
STUDENT_7F8D63108801,BAFD130,COURSE_BAFD130A3032
STUDENT_7F8D63108801,2271E57,COURSE_2271E57A6113
STUDENT_7F8D63108801,07FFBA6,COURSE_07FFBA646CB9
STUDENT_34DED4DD0F0F,58B4C36,COURSE_58B4C3685A81
STUDENT_34DED4DD0F0F,B4B5B8E,COURSE_B4B5B8E85C6D
STUDENT_34DED4DD0F0F,F911ACE,COURSE_F911ACEAA7B5
STUDENT_34DED4DD0F0F,4457B1D,COURSE_4457B1DB75EA
STUDENT_34DED4DD0F0F,91BFF3B,COURSE_91BFF3B09E00
STUDENT_34DED4DD0F0F,C40C59E,COURSE_C40C59E77909
STUDENT_109AC4EDC907,FCF20E6,COURSE_FCF20E6D19D8
STUDENT_109AC4EDC907,64056FA,COURSE_64056FA06151
STUDENT_109AC4EDC907,BB7F370,COURSE_BB7F370548AA
STUDENT_109AC4EDC907,0173213,COURSE_0173213F93B6
STUDENT_109AC4EDC907,F34ADCC,COURSE_F34ADCCF6010
STUDENT_93DEA215C36A,D83CCF6,COURSE_D83CCF67F12C
STUDENT_93DEA215C36A,1955497,COURSE_19554970F628
STUDENT_93DEA215C36A,500C8E8,COURSE_500C8E8E485C
STUDENT_93DEA215C36A,47510C7,COURSE_47510C7D6B2A
STUDENT_93DEA215C36A,5DB4771,COURSE_5DB4771B0A79
STUDENT_93DEA215C36A,165B6EC,COURSE_165B6EC64386
STUDENT_537B407D5E7E,D83CCF6,COURSE_D83CCF67F12C
STUDENT_537B407D5E7E,1955497,COURSE_19554970F628
STUDENT_537B407D5E7E,500C8E8,COURSE_500C8E8E485C
STUDENT_537B407D5E7E,47510C7,COURSE_47510C7D6B2A
STUDENT_537B407D5E7E,5DB4771,COURSE_5DB4771B0A79
STUDENT_537B407D5E7E,165B6EC,COURSE_165B6EC64386
STUDENT_4AD5858F360A,258D4B8,COURSE_258D4B85BE0B
STUDENT_4AD5858F360A,FF52A45,COURSE_FF52A456A828
STUDENT_4AD5858F360A,AFFC57F,COURSE_AFFC57FABE98
STUDENT_4AD5858F360A,9E6B1F1,COURSE_9E6B1F18531F
STUDENT_4AD5858F360A,AFF1D77,COURSE_AFF1D77BF8D8
STUDENT_8B864542A60D,D83CCF6,COURSE_D83CCF67F12C
STUDENT_8B864542A60D,1955497,COURSE_19554970F628
STUDENT_8B864542A60D,500C8E8,COURSE_500C8E8E485C
STUDENT_8B864542A60D,47510C7,COURSE_47510C7D6B2A
STUDENT_8B864542A60D,5DB4771,COURSE_5DB4771B0A79
STUDENT_8B864542A60D,165B6EC,COURSE_165B6EC64386
STUDENT_AD6AB060BB3C,6C418F3,COURSE_6C418F3F4ACC
STUDENT_ABB4A21252B9,D83CCF6,COURSE_D83CCF67F12C
STUDENT_ABB4A21252B9,1955497,COURSE_19554970F628
STUDENT_ABB4A21252B9,500C8E8,COURSE_500C8E8E485C
STUDENT_ABB4A21252B9,47510C7,COURSE_47510C7D6B2A
STUDENT_ABB4A21252B9,5DB4771,COURSE_5DB4771B0A79
STUDENT_ABB4A21252B9,165B6EC,COURSE_165B6EC64386
STUDENT_EF607D9E785D,8928BF4,COURSE_8928BF411C22
STUDENT_EF607D9E785D,C79A295,COURSE_C79A295DA02B
STUDENT_EF607D9E785D,3F1B128,COURSE_3F1B1281DACC
STUDENT_EF607D9E785D,2B7ADA6,COURSE_2B7ADA67C898
STUDENT_EF607D9E785D,355947D,COURSE_355947D15102
STUDENT_E76C76947E5E,D83CCF6,COURSE_D83CCF67F12C
STUDENT_E76C76947E5E,1955497,COURSE_19554970F628
STUDENT_E76C76947E5E,500C8E8,COURSE_500C8E8E485C
STUDENT_E76C76947E5E,47510C7,COURSE_47510C7D6B2A
STUDENT_E76C76947E5E,5DB4771,COURSE_5DB4771B0A79
STUDENT_E76C76947E5E,165B6EC,COURSE_165B6EC64386
STUDENT_01ABEA7A4F06,D83CCF6,COURSE_D83CCF67F12C
STUDENT_01ABEA7A4F06,1955497,COURSE_19554970F628
STUDENT_01ABEA7A4F06,500C8E8,COURSE_500C8E8E485C
STUDENT_01ABEA7A4F06,47510C7,COURSE_47510C7D6B2A
STUDENT_01ABEA7A4F06,5DB4771,COURSE_5DB4771B0A79
STUDENT_01ABEA7A4F06,165B6EC,COURSE_165B6EC64386
STUDENT_50236E3D1DFF,58B4C36,COURSE_58B4C3685A81
STUDENT_50236E3D1DFF,B4B5B8E,COURSE_B4B5B8E85C6D
STUDENT_50236E3D1DFF,F911ACE,COURSE_F911ACEAA7B5
STUDENT_50236E3D1DFF,4457B1D,COURSE_4457B1DB75EA
STUDENT_50236E3D1DFF,91BFF3B,COURSE_91BFF3B09E00
STUDENT_50236E3D1DFF,C40C59E,COURSE_C40C59E77909
STUDENT_9FA479D964A1,D83CCF6,COURSE_D83CCF67F12C
STUDENT_9FA479D964A1,1955497,COURSE_19554970F628
STUDENT_9FA479D964A1,500C8E8,COURSE_500C8E8E485C
STUDENT_9FA479D964A1,47510C7,COURSE_47510C7D6B2A
STUDENT_9FA479D964A1,5DB4771,COURSE_5DB4771B0A79
STUDENT_9FA479D964A1,165B6EC,COURSE_165B6EC64386
STUDENT_E606E06C19B3,C79A295,COURSE_C79A295DA02B
STUDENT_E606E06C19B3,2B7ADA6,COURSE_2B7ADA67C898
STUDENT_E606E06C19B3,47E4DB4,COURSE_47E4DB4D9F6E
STUDENT_E606E06C19B3,28DA87B,COURSE_28DA87BD0111
STUDENT_E606E06C19B3,3A124DB,COURSE_3A124DB43FF4
STUDENT_E606E06C19B3,5DB4771,COURSE_5DB4771B0A79
STUDENT_EDAE899FA50D,83D7482,COURSE_83D748271771
STUDENT_EDAE899FA50D,190013B,COURSE_190013BFF7C1
STUDENT_EDAE899FA50D,3A566B2,COURSE_3A566B2FDF91
STUDENT_EDAE899FA50D,61C7475,COURSE_61C74758B507
STUDENT_EDAE899FA50D,2272A89,COURSE_2272A89A56F1
STUDENT_3A066BBC95C9,9E6B1F1,COURSE_9E6B1F18531F
STUDENT_3A066BBC95C9,190013B,COURSE_190013BFF7C1
STUDENT_3A066BBC95C9,3A566B2,COURSE_3A566B2FDF91
STUDENT_3A066BBC95C9,61C7475,COURSE_61C74758B507
STUDENT_3A066BBC95C9,2272A89,COURSE_2272A89A56F1
STUDENT_587BACBE46BC,69DBF44,COURSE_69DBF44B3D90
STUDENT_587BACBE46BC,258D4B8,COURSE_258D4B85BE0B
STUDENT_587BACBE46BC,30902F4,COURSE_30902F436CC4
STUDENT_3AEA1BC6A25A,9031CED,COURSE_9031CEDB50FD
STUDENT_3AEA1BC6A25A,58B4C36,COURSE_58B4C3685A81
STUDENT_3AEA1BC6A25A,B4B5B8E,COURSE_B4B5B8E85C6D
STUDENT_3AEA1BC6A25A,F911ACE,COURSE_F911ACEAA7B5
STUDENT_3AEA1BC6A25A,4457B1D,COURSE_4457B1DB75EA
STUDENT_3AEA1BC6A25A,91BFF3B,COURSE_91BFF3B09E00
STUDENT_81CF275958EB,D83CCF6,COURSE_D83CCF67F12C
STUDENT_81CF275958EB,1955497,COURSE_19554970F628
STUDENT_81CF275958EB,500C8E8,COURSE_500C8E8E485C
STUDENT_81CF275958EB,47510C7,COURSE_47510C7D6B2A
STUDENT_81CF275958EB,5DB4771,COURSE_5DB4771B0A79
STUDENT_81CF275958EB,165B6EC,COURSE_165B6EC64386
STUDENT_0E77C587F581,80EAE88,COURSE_80EAE885256A
STUDENT_0E77C587F581,250D49A,COURSE_250D49A6137B
STUDENT_0E77C587F581,32D5691,COURSE_32D569186237
STUDENT_0E77C587F581,24A18A5,COURSE_24A18A5B3FF2
STUDENT_0E77C587F581,F2EB940,COURSE_F2EB940C16DE
STUDENT_88E75EDE7561,90C1B72,COURSE_90C1B7254FDD
STUDENT_88E75EDE7561,0186BC3,COURSE_0186BC3B6640
STUDENT_88E75EDE7561,FCF20E6,COURSE_FCF20E6D19D8
STUDENT_D9BBDDD98F31,D83CCF6,COURSE_D83CCF67F12C
STUDENT_D9BBDDD98F31,1955497,COURSE_19554970F628
STUDENT_D9BBDDD98F31,500C8E8,COURSE_500C8E8E485C
STUDENT_D9BBDDD98F31,47510C7,COURSE_47510C7D6B2A
STUDENT_D9BBDDD98F31,5DB4771,COURSE_5DB4771B0A79
STUDENT_D9BBDDD98F31,165B6EC,COURSE_165B6EC64386
STUDENT_F49D0345142D,342173B,COURSE_342173B29394
STUDENT_F49D0345142D,9772A41,COURSE_9772A418992F
STUDENT_92438029D035,58B4C36,COURSE_58B4C3685A81
STUDENT_92438029D035,B4B5B8E,COURSE_B4B5B8E85C6D
STUDENT_92438029D035,F911ACE,COURSE_F911ACEAA7B5
STUDENT_92438029D035,4457B1D,COURSE_4457B1DB75EA
STUDENT_92438029D035,91BFF3B,COURSE_91BFF3B09E00
STUDENT_92438029D035,D5957F4,COURSE_D5957F457326
STUDENT_C2D711E84D8F,DF6FC47,COURSE_DF6FC470A7CD
STUDENT_C2D711E84D8F,DBC12C3,COURSE_DBC12C371F89
STUDENT_C2D711E84D8F,5CB16CB,COURSE_5CB16CB795C3
STUDENT_C2D711E84D8F,66A6CAF,COURSE_66A6CAFEFBDE
STUDENT_1087EBE32AAC,FCF20E6,COURSE_FCF20E6D19D8
STUDENT_1087EBE32AAC,64056FA,COURSE_64056FA06151
STUDENT_1087EBE32AAC,BB7F370,COURSE_BB7F370548AA
STUDENT_1087EBE32AAC,0173213,COURSE_0173213F93B6
STUDENT_1087EBE32AAC,78104A3,COURSE_78104A3E8A10
STUDENT_FBD4EA7463CD,5DCF966,COURSE_5DCF966FA1E3
STUDENT_B8A9E16C8692,D83CCF6,COURSE_D83CCF67F12C
STUDENT_B8A9E16C8692,1955497,COURSE_19554970F628
STUDENT_B8A9E16C8692,500C8E8,COURSE_500C8E8E485C
STUDENT_B8A9E16C8692,47510C7,COURSE_47510C7D6B2A
STUDENT_B8A9E16C8692,5DB4771,COURSE_5DB4771B0A79
STUDENT_B8A9E16C8692,165B6EC,COURSE_165B6EC64386
STUDENT_6DE3571A9C60,258D4B8,COURSE_258D4B85BE0B
STUDENT_6DE3571A9C60,6B4B9A8,COURSE_6B4B9A851F21
STUDENT_6DE3571A9C60,195AC94,COURSE_195AC942FF0E
STUDENT_BAF224E6849E,A0EFB23,COURSE_A0EFB237A2A4
STUDENT_BAF224E6849E,1EB8DAB,COURSE_1EB8DABCEE22
STUDENT_BAF224E6849E,EC38A74,COURSE_EC38A741879B
STUDENT_BAF224E6849E,6AE5916,COURSE_6AE5916D0725
STUDENT_BAF224E6849E,9F8E751,COURSE_9F8E7511D62C
STUDENT_BAF224E6849E,9C6DF31,COURSE_9C6DF318F006
STUDENT_33A0DA6BCBD7,A419E04,COURSE_A419E04C917F
STUDENT_33A0DA6BCBD7,9316CD4,COURSE_9316CD4D881E
STUDENT_33A0DA6BCBD7,88A5BB2,COURSE_88A5BB2A9E50
STUDENT_33A0DA6BCBD7,2A9F863,COURSE_2A9F8630D88C
STUDENT_33A0DA6BCBD7,BAFD130,COURSE_BAFD130A3032
STUDENT_3B8FF8510152,6E363D6,COURSE_6E363D600BA1
STUDENT_3B8FF8510152,8928BF4,COURSE_8928BF411C22
STUDENT_3B8FF8510152,342173B,COURSE_342173B29394
STUDENT_3B8FF8510152,9772A41,COURSE_9772A418992F
STUDENT_3B8FF8510152,C40C59E,COURSE_C40C59E77909
STUDENT_6617848F2065,BAFD130,COURSE_BAFD130A3032
STUDENT_A90F1E43BCA3,64056FA,COURSE_64056FA06151
STUDENT_A90F1E43BCA3,BB7F370,COURSE_BB7F370548AA
STUDENT_A90F1E43BCA3,0173213,COURSE_0173213F93B6
STUDENT_A90F1E43BCA3,2AB210B,COURSE_2AB210BBEC8C
STUDENT_A90F1E43BCA3,F34ADCC,COURSE_F34ADCCF6010
STUDENT_09F649F52BB9,AFFC57F,COURSE_AFFC57FABE98
STUDENT_09F649F52BB9,88A5BB2,COURSE_88A5BB2A9E50
STUDENT_09F649F52BB9,2A9F863,COURSE_2A9F8630D88C
STUDENT_09F649F52BB9,BAFD130,COURSE_BAFD130A3032
STUDENT_09F649F52BB9,49EFDEC,COURSE_49EFDEC4AD22
STUDENT_09F649F52BB9,A50759E,COURSE_A50759E88C40
STUDENT_9751A7C7D14E,0173213,COURSE_0173213F93B6
STUDENT_9751A7C7D14E,9B598F9,COURSE_9B598F9EC811
STUDENT_9751A7C7D14E,A0EFB23,COURSE_A0EFB237A2A4
STUDENT_9751A7C7D14E,9F8E751,COURSE_9F8E7511D62C
STUDENT_ED3C5E95764B,D83CCF6,COURSE_D83CCF67F12C
STUDENT_ED3C5E95764B,1955497,COURSE_19554970F628
STUDENT_ED3C5E95764B,500C8E8,COURSE_500C8E8E485C
STUDENT_ED3C5E95764B,47510C7,COURSE_47510C7D6B2A
STUDENT_ED3C5E95764B,5DB4771,COURSE_5DB4771B0A79
STUDENT_ED3C5E95764B,165B6EC,COURSE_165B6EC64386
STUDENT_8789EF0BC916,EC38A74,COURSE_EC38A741879B
STUDENT_A1F9BE336ACF,83D7482,COURSE_83D748271771
STUDENT_A1F9BE336ACF,190013B,COURSE_190013BFF7C1
STUDENT_A1F9BE336ACF,3A566B2,COURSE_3A566B2FDF91
STUDENT_A1F9BE336ACF,61C7475,COURSE_61C74758B507
STUDENT_A1F9BE336ACF,2272A89,COURSE_2272A89A56F1
STUDENT_72F20E225BB9,D83CCF6,COURSE_D83CCF67F12C
STUDENT_72F20E225BB9,1955497,COURSE_19554970F628
STUDENT_72F20E225BB9,500C8E8,COURSE_500C8E8E485C
STUDENT_72F20E225BB9,47510C7,COURSE_47510C7D6B2A
STUDENT_72F20E225BB9,5DB4771,COURSE_5DB4771B0A79
STUDENT_72F20E225BB9,165B6EC,COURSE_165B6EC64386
STUDENT_250FBF2815D4,6E363D6,COURSE_6E363D600BA1
STUDENT_250FBF2815D4,9772A41,COURSE_9772A418992F
STUDENT_56703F9DD779,190013B,COURSE_190013BFF7C1
STUDENT_56703F9DD779,47E4DB4,COURSE_47E4DB4D9F6E
STUDENT_56703F9DD779,28DA87B,COURSE_28DA87BD0111
STUDENT_56703F9DD779,3A124DB,COURSE_3A124DB43FF4
STUDENT_56703F9DD779,5DB4771,COURSE_5DB4771B0A79
STUDENT_7D2ADBD1BAD1,6E363D6,COURSE_6E363D600BA1
STUDENT_7D2ADBD1BAD1,8928BF4,COURSE_8928BF411C22
STUDENT_7D2ADBD1BAD1,342173B,COURSE_342173B29394
STUDENT_7D2ADBD1BAD1,9772A41,COURSE_9772A418992F
STUDENT_7D2ADBD1BAD1,C40C59E,COURSE_C40C59E77909
STUDENT_21843465AAC8,88A5BB2,COURSE_88A5BB2A9E50
STUDENT_21843465AAC8,2A9F863,COURSE_2A9F8630D88C
STUDENT_21843465AAC8,BAFD130,COURSE_BAFD130A3032
STUDENT_21843465AAC8,47510C7,COURSE_47510C7D6B2A
STUDENT_21843465AAC8,165B6EC,COURSE_165B6EC64386
STUDENT_21843465AAC8,07FFBA6,COURSE_07FFBA646CB9
STUDENT_21843465AAC8,A50759E,COURSE_A50759E88C40
STUDENT_87CF75004FAD,A419E04,COURSE_A419E04C917F
STUDENT_87CF75004FAD,69DBF44,COURSE_69DBF44B3D90
STUDENT_87CF75004FAD,258D4B8,COURSE_258D4B85BE0B
STUDENT_87CF75004FAD,9316CD4,COURSE_9316CD4D881E
STUDENT_87CF75004FAD,BAFD130,COURSE_BAFD130A3032
STUDENT_52C90A89F6B2,D83CCF6,COURSE_D83CCF67F12C
STUDENT_52C90A89F6B2,1955497,COURSE_19554970F628
STUDENT_52C90A89F6B2,500C8E8,COURSE_500C8E8E485C
STUDENT_52C90A89F6B2,47510C7,COURSE_47510C7D6B2A
STUDENT_52C90A89F6B2,5DB4771,COURSE_5DB4771B0A79
STUDENT_52C90A89F6B2,165B6EC,COURSE_165B6EC64386
STUDENT_D3571E9D65BF,4DFDBD5,COURSE_4DFDBD5A1EAB
STUDENT_D3571E9D65BF,6F2977C,COURSE_6F2977CBA34F
STUDENT_D3571E9D65BF,C0809A7,COURSE_C0809A768480
STUDENT_D3571E9D65BF,4E2B40A,COURSE_4E2B40A02EA8
STUDENT_D3571E9D65BF,C834FC6,COURSE_C834FC623CA7
STUDENT_D3571E9D65BF,49EFDEC,COURSE_49EFDEC4AD22
STUDENT_500CEE06D37E,D83CCF6,COURSE_D83CCF67F12C
STUDENT_500CEE06D37E,1955497,COURSE_19554970F628
STUDENT_500CEE06D37E,500C8E8,COURSE_500C8E8E485C
STUDENT_500CEE06D37E,47510C7,COURSE_47510C7D6B2A
STUDENT_500CEE06D37E,5DB4771,COURSE_5DB4771B0A79
STUDENT_500CEE06D37E,165B6EC,COURSE_165B6EC64386
STUDENT_9FF7DE200376,D4B3043,COURSE_D4B30433AFFD
STUDENT_9FF7DE200376,6513E08,COURSE_6513E08F6B17
STUDENT_394DD1682C0C,D83CCF6,COURSE_D83CCF67F12C
STUDENT_394DD1682C0C,1955497,COURSE_19554970F628
STUDENT_394DD1682C0C,500C8E8,COURSE_500C8E8E485C
STUDENT_394DD1682C0C,47510C7,COURSE_47510C7D6B2A
STUDENT_394DD1682C0C,5DB4771,COURSE_5DB4771B0A79
STUDENT_394DD1682C0C,165B6EC,COURSE_165B6EC64386
STUDENT_5CB105F4CFE9,258D4B8,COURSE_258D4B85BE0B
STUDENT_5CB105F4CFE9,9316CD4,COURSE_9316CD4D881E
STUDENT_5CB105F4CFE9,AFFC57F,COURSE_AFFC57FABE98
STUDENT_5CB105F4CFE9,88A5BB2,COURSE_88A5BB2A9E50
STUDENT_5CB105F4CFE9,2A9F863,COURSE_2A9F8630D88C
STUDENT_5CB105F4CFE9,BAFD130,COURSE_BAFD130A3032
STUDENT_9BB9A881C81B,6E363D6,COURSE_6E363D600BA1
STUDENT_9BB9A881C81B,8928BF4,COURSE_8928BF411C22
STUDENT_9BB9A881C81B,342173B,COURSE_342173B29394
STUDENT_9BB9A881C81B,80EAE88,COURSE_80EAE885256A
STUDENT_9BB9A881C81B,9772A41,COURSE_9772A418992F
STUDENT_41AC75FBDCBB,6E363D6,COURSE_6E363D600BA1
STUDENT_41AC75FBDCBB,9772A41,COURSE_9772A418992F
STUDENT_41AC75FBDCBB,C40C59E,COURSE_C40C59E77909
STUDENT_41AC75FBDCBB,9031CED,COURSE_9031CEDB50FD
STUDENT_40DA7FEBFD37,D83CCF6,COURSE_D83CCF67F12C
STUDENT_40DA7FEBFD37,1955497,COURSE_19554970F628
STUDENT_40DA7FEBFD37,500C8E8,COURSE_500C8E8E485C
STUDENT_40DA7FEBFD37,47510C7,COURSE_47510C7D6B2A
STUDENT_40DA7FEBFD37,5DB4771,COURSE_5DB4771B0A79
STUDENT_40DA7FEBFD37,165B6EC,COURSE_165B6EC64386
STUDENT_4461EB8E5AED,157E49E,COURSE_157E49E5EB6E
STUDENT_4461EB8E5AED,A419E04,COURSE_A419E04C917F
STUDENT_4461EB8E5AED,9316CD4,COURSE_9316CD4D881E
STUDENT_4461EB8E5AED,30902F4,COURSE_30902F436CC4
STUDENT_E9295514527C,6E363D6,COURSE_6E363D600BA1
STUDENT_E9295514527C,8928BF4,COURSE_8928BF411C22
STUDENT_E9295514527C,342173B,COURSE_342173B29394
STUDENT_E9295514527C,80EAE88,COURSE_80EAE885256A
STUDENT_E9295514527C,9772A41,COURSE_9772A418992F
STUDENT_91D2AFD934B9,A419E04,COURSE_A419E04C917F
STUDENT_91D2AFD934B9,69DBF44,COURSE_69DBF44B3D90
STUDENT_91D2AFD934B9,258D4B8,COURSE_258D4B85BE0B
STUDENT_91D2AFD934B9,9316CD4,COURSE_9316CD4D881E
STUDENT_91D2AFD934B9,F2EB940,COURSE_F2EB940C16DE
STUDENT_48D2E678E596,58B4C36,COURSE_58B4C3685A81
STUDENT_48D2E678E596,B4B5B8E,COURSE_B4B5B8E85C6D
STUDENT_48D2E678E596,F911ACE,COURSE_F911ACEAA7B5
STUDENT_48D2E678E596,4457B1D,COURSE_4457B1DB75EA
STUDENT_48D2E678E596,91BFF3B,COURSE_91BFF3B09E00
STUDENT_48D2E678E596,24A18A5,COURSE_24A18A5B3FF2
STUDENT_188B19E40530,58B4C36,COURSE_58B4C3685A81
STUDENT_188B19E40530,B4B5B8E,COURSE_B4B5B8E85C6D
STUDENT_188B19E40530,F911ACE,COURSE_F911ACEAA7B5
STUDENT_188B19E40530,4457B1D,COURSE_4457B1DB75EA
STUDENT_188B19E40530,91BFF3B,COURSE_91BFF3B09E00
STUDENT_188B19E40530,2AB210B,COURSE_2AB210BBEC8C
STUDENT_C0F8D228050A,6E363D6,COURSE_6E363D600BA1
STUDENT_C0F8D228050A,8928BF4,COURSE_8928BF411C22
STUDENT_C0F8D228050A,342173B,COURSE_342173B29394
STUDENT_C0F8D228050A,80EAE88,COURSE_80EAE885256A
STUDENT_C0F8D228050A,9772A41,COURSE_9772A418992F
STUDENT_32E8D9DC75E0,258D4B8,COURSE_258D4B85BE0B
STUDENT_32E8D9DC75E0,FF52A45,COURSE_FF52A456A828
STUDENT_32E8D9DC75E0,AFFC57F,COURSE_AFFC57FABE98
STUDENT_32E8D9DC75E0,9E6B1F1,COURSE_9E6B1F18531F
STUDENT_32E8D9DC75E0,AFF1D77,COURSE_AFF1D77BF8D8
STUDENT_A2D2311AACF8,0173213,COURSE_0173213F93B6
STUDENT_A2D2311AACF8,9B598F9,COURSE_9B598F9EC811
STUDENT_A2D2311AACF8,A0EFB23,COURSE_A0EFB237A2A4
STUDENT_A2D2311AACF8,D4B3043,COURSE_D4B30433AFFD
STUDENT_66F9A4EFA4FB,0173213,COURSE_0173213F93B6
STUDENT_66F9A4EFA4FB,9B598F9,COURSE_9B598F9EC811
STUDENT_66F9A4EFA4FB,A0EFB23,COURSE_A0EFB237A2A4
STUDENT_66F9A4EFA4FB,FCF20E6,COURSE_FCF20E6D19D8
STUDENT_A8C9F9C1894A,A419E04,COURSE_A419E04C917F
STUDENT_A8C9F9C1894A,69DBF44,COURSE_69DBF44B3D90
STUDENT_A8C9F9C1894A,258D4B8,COURSE_258D4B85BE0B
STUDENT_A8C9F9C1894A,9316CD4,COURSE_9316CD4D881E
STUDENT_A8C9F9C1894A,28DA87B,COURSE_28DA87BD0111
STUDENT_44DA94717B92,47E4DB4,COURSE_47E4DB4D9F6E
STUDENT_44DA94717B92,28DA87B,COURSE_28DA87BD0111
STUDENT_44DA94717B92,3A124DB,COURSE_3A124DB43FF4
STUDENT_44DA94717B92,4F8DAE0,COURSE_4F8DAE02A7A0
STUDENT_44DA94717B92,5DB4771,COURSE_5DB4771B0A79
STUDENT_F3228B7BF80A,80EAE88,COURSE_80EAE885256A
STUDENT_F3228B7BF80A,250D49A,COURSE_250D49A6137B
STUDENT_F3228B7BF80A,32D5691,COURSE_32D569186237
STUDENT_F3228B7BF80A,24A18A5,COURSE_24A18A5B3FF2
STUDENT_F3228B7BF80A,F2EB940,COURSE_F2EB940C16DE
STUDENT_66533C1E1DAD,91BFF3B,COURSE_91BFF3B09E00
STUDENT_D4B811F513A7,5D48D2E,COURSE_5D48D2E51549
STUDENT_D4B811F513A7,383B616,COURSE_383B6165A0C6
STUDENT_D4B811F513A7,195AC94,COURSE_195AC942FF0E
STUDENT_5EC18FB25B6B,3895DF1,COURSE_3895DF1B2396
STUDENT_5EC18FB25B6B,EC38A74,COURSE_EC38A741879B
STUDENT_88BC02D7963A,D83CCF6,COURSE_D83CCF67F12C
STUDENT_88BC02D7963A,1955497,COURSE_19554970F628
STUDENT_88BC02D7963A,500C8E8,COURSE_500C8E8E485C
STUDENT_88BC02D7963A,47510C7,COURSE_47510C7D6B2A
STUDENT_88BC02D7963A,5DB4771,COURSE_5DB4771B0A79
STUDENT_88BC02D7963A,165B6EC,COURSE_165B6EC64386
STUDENT_CF2464624665,D83CCF6,COURSE_D83CCF67F12C
STUDENT_CF2464624665,1955497,COURSE_19554970F628
STUDENT_CF2464624665,500C8E8,COURSE_500C8E8E485C
STUDENT_CF2464624665,47510C7,COURSE_47510C7D6B2A
STUDENT_CF2464624665,5DB4771,COURSE_5DB4771B0A79
STUDENT_CF2464624665,165B6EC,COURSE_165B6EC64386
STUDENT_68BA39AA3A98,4DFDBD5,COURSE_4DFDBD5A1EAB
STUDENT_68BA39AA3A98,195AC94,COURSE_195AC942FF0E
STUDENT_4700FAD0B939,6AE5916,COURSE_6AE5916D0725
STUDENT_5EA4E1140667,DF6FC47,COURSE_DF6FC470A7CD
STUDENT_5EA4E1140667,DBC12C3,COURSE_DBC12C371F89
STUDENT_5EA4E1140667,5CB16CB,COURSE_5CB16CB795C3
STUDENT_5EA4E1140667,66A6CAF,COURSE_66A6CAFEFBDE
STUDENT_5EA4E1140667,07FFBA6,COURSE_07FFBA646CB9
STUDENT_996474E74869,9031CED,COURSE_9031CEDB50FD
STUDENT_996474E74869,58B4C36,COURSE_58B4C3685A81
STUDENT_996474E74869,B4B5B8E,COURSE_B4B5B8E85C6D
STUDENT_996474E74869,F911ACE,COURSE_F911ACEAA7B5
STUDENT_996474E74869,91BFF3B,COURSE_91BFF3B09E00
STUDENT_996474E74869,24A18A5,COURSE_24A18A5B3FF2
STUDENT_5503262EE73D,258D4B8,COURSE_258D4B85BE0B
STUDENT_5503262EE73D,FF52A45,COURSE_FF52A456A828
STUDENT_5503262EE73D,AFFC57F,COURSE_AFFC57FABE98
STUDENT_5503262EE73D,9E6B1F1,COURSE_9E6B1F18531F
STUDENT_5503262EE73D,AFF1D77,COURSE_AFF1D77BF8D8
STUDENT_0952C280E5EE,D83CCF6,COURSE_D83CCF67F12C
STUDENT_0952C280E5EE,1955497,COURSE_19554970F628
STUDENT_0952C280E5EE,500C8E8,COURSE_500C8E8E485C
STUDENT_0952C280E5EE,47510C7,COURSE_47510C7D6B2A
STUDENT_0952C280E5EE,5DB4771,COURSE_5DB4771B0A79
STUDENT_0952C280E5EE,165B6EC,COURSE_165B6EC64386
STUDENT_49A7165E97CA,D83CCF6,COURSE_D83CCF67F12C
STUDENT_49A7165E97CA,1955497,COURSE_19554970F628
STUDENT_49A7165E97CA,500C8E8,COURSE_500C8E8E485C
STUDENT_49A7165E97CA,47510C7,COURSE_47510C7D6B2A
STUDENT_49A7165E97CA,5DB4771,COURSE_5DB4771B0A79
STUDENT_49A7165E97CA,165B6EC,COURSE_165B6EC64386
STUDENT_BC10D3806F42,64056FA,COURSE_64056FA06151
STUDENT_BC10D3806F42,BB7F370,COURSE_BB7F370548AA
STUDENT_BC10D3806F42,0173213,COURSE_0173213F93B6
STUDENT_BC10D3806F42,F34ADCC,COURSE_F34ADCCF6010
STUDENT_BC10D3806F42,3444FA0,COURSE_3444FA0063FE
STUDENT_4558648BB17A,258D4B8,COURSE_258D4B85BE0B
STUDENT_4558648BB17A,FF52A45,COURSE_FF52A456A828
STUDENT_4558648BB17A,AFFC57F,COURSE_AFFC57FABE98
STUDENT_4558648BB17A,9E6B1F1,COURSE_9E6B1F18531F
STUDENT_4558648BB17A,AFF1D77,COURSE_AFF1D77BF8D8
STUDENT_D7A114A4D75F,500C8E8,COURSE_500C8E8E485C
STUDENT_D7A114A4D75F,47510C7,COURSE_47510C7D6B2A
STUDENT_D7A114A4D75F,5DB4771,COURSE_5DB4771B0A79
STUDENT_D7A114A4D75F,165B6EC,COURSE_165B6EC64386
STUDENT_D7A114A4D75F,A9C3CE0,COURSE_A9C3CE099531
STUDENT_D7A114A4D75F,986F248,COURSE_986F248A2D8A
STUDENT_B35E050F4AAA,9F8E751,COURSE_9F8E7511D62C
STUDENT_B35E050F4AAA,D4B3043,COURSE_D4B30433AFFD
STUDENT_62B7F9B891BB,D83CCF6,COURSE_D83CCF67F12C
STUDENT_62B7F9B891BB,1955497,COURSE_19554970F628
STUDENT_62B7F9B891BB,500C8E8,COURSE_500C8E8E485C
STUDENT_62B7F9B891BB,47510C7,COURSE_47510C7D6B2A
STUDENT_62B7F9B891BB,5DB4771,COURSE_5DB4771B0A79
STUDENT_62B7F9B891BB,165B6EC,COURSE_165B6EC64386
STUDENT_48F34A414677,D83CCF6,COURSE_D83CCF67F12C
STUDENT_48F34A414677,1955497,COURSE_19554970F628
STUDENT_48F34A414677,500C8E8,COURSE_500C8E8E485C
STUDENT_48F34A414677,47510C7,COURSE_47510C7D6B2A
STUDENT_48F34A414677,5DB4771,COURSE_5DB4771B0A79
STUDENT_48F34A414677,165B6EC,COURSE_165B6EC64386
STUDENT_E17060096010,FF52A45,COURSE_FF52A456A828
STUDENT_E17060096010,88A5BB2,COURSE_88A5BB2A9E50
STUDENT_E17060096010,2A9F863,COURSE_2A9F8630D88C
STUDENT_E17060096010,BAFD130,COURSE_BAFD130A3032
STUDENT_E17060096010,6513E08,COURSE_6513E08F6B17
STUDENT_E17060096010,0D5AE07,COURSE_0D5AE07010E3
STUDENT_C14AFECEC567,D83CCF6,COURSE_D83CCF67F12C
STUDENT_C14AFECEC567,1955497,COURSE_19554970F628
STUDENT_C14AFECEC567,500C8E8,COURSE_500C8E8E485C
STUDENT_C14AFECEC567,47510C7,COURSE_47510C7D6B2A
STUDENT_C14AFECEC567,5DB4771,COURSE_5DB4771B0A79
STUDENT_C14AFECEC567,165B6EC,COURSE_165B6EC64386
STUDENT_6B3CAD53865B,DF6FC47,COURSE_DF6FC470A7CD
STUDENT_6B3CAD53865B,DBC12C3,COURSE_DBC12C371F89
STUDENT_6B3CAD53865B,5CB16CB,COURSE_5CB16CB795C3
STUDENT_6B3CAD53865B,66A6CAF,COURSE_66A6CAFEFBDE
STUDENT_6B3CAD53865B,099DA73,COURSE_099DA73E98E3
STUDENT_784DC810A627,0186BC3,COURSE_0186BC3B6640
STUDENT_784DC810A627,383B616,COURSE_383B6165A0C6
STUDENT_784DC810A627,6B4B9A8,COURSE_6B4B9A851F21
STUDENT_B7FC1B7E165C,88A5BB2,COURSE_88A5BB2A9E50
STUDENT_B7FC1B7E165C,2A9F863,COURSE_2A9F8630D88C
STUDENT_B7FC1B7E165C,BAFD130,COURSE_BAFD130A3032
STUDENT_B7FC1B7E165C,9F8E751,COURSE_9F8E7511D62C
STUDENT_B7FC1B7E165C,D4B3043,COURSE_D4B30433AFFD
STUDENT_A4A662D6FEDE,58B4C36,COURSE_58B4C3685A81
STUDENT_A4A662D6FEDE,B4B5B8E,COURSE_B4B5B8E85C6D
STUDENT_A4A662D6FEDE,F911ACE,COURSE_F911ACEAA7B5
STUDENT_A4A662D6FEDE,4457B1D,COURSE_4457B1DB75EA
STUDENT_A4A662D6FEDE,91BFF3B,COURSE_91BFF3B09E00
STUDENT_A4A662D6FEDE,80EAE88,COURSE_80EAE885256A
STUDENT_47E696F64CE1,9031CED,COURSE_9031CEDB50FD
STUDENT_47E696F64CE1,58B4C36,COURSE_58B4C3685A81
STUDENT_47E696F64CE1,B4B5B8E,COURSE_B4B5B8E85C6D
STUDENT_47E696F64CE1,4457B1D,COURSE_4457B1DB75EA
STUDENT_47E696F64CE1,91BFF3B,COURSE_91BFF3B09E00
STUDENT_47E696F64CE1,3444FA0,COURSE_3444FA0063FE
STUDENT_982B3DA1E3FF,58B4C36,COURSE_58B4C3685A81
STUDENT_982B3DA1E3FF,B4B5B8E,COURSE_B4B5B8E85C6D
STUDENT_982B3DA1E3FF,F911ACE,COURSE_F911ACEAA7B5
STUDENT_982B3DA1E3FF,4457B1D,COURSE_4457B1DB75EA
STUDENT_982B3DA1E3FF,91BFF3B,COURSE_91BFF3B09E00
STUDENT_982B3DA1E3FF,32D5691,COURSE_32D569186237
STUDENT_982B3DA1E3FF,D60A15E,COURSE_D60A15E39D9C
STUDENT_22BDF2D4BA29,C40C59E,COURSE_C40C59E77909
STUDENT_22BDF2D4BA29,F911ACE,COURSE_F911ACEAA7B5
STUDENT_22BDF2D4BA29,4457B1D,COURSE_4457B1DB75EA
STUDENT_F4D9734C5FCA,645A680,COURSE_645A680E52B7
STUDENT_F4D9734C5FCA,64056FA,COURSE_64056FA06151
STUDENT_F4D9734C5FCA,BB7F370,COURSE_BB7F370548AA
STUDENT_F4D9734C5FCA,0173213,COURSE_0173213F93B6
STUDENT_F4D9734C5FCA,D5957F4,COURSE_D5957F457326
STUDENT_F28C412B3BFC,64056FA,COURSE_64056FA06151
STUDENT_F28C412B3BFC,BB7F370,COURSE_BB7F370548AA
STUDENT_F28C412B3BFC,0173213,COURSE_0173213F93B6
STUDENT_F28C412B3BFC,D5957F4,COURSE_D5957F457326
STUDENT_F28C412B3BFC,78104A3,COURSE_78104A3E8A10
STUDENT_F28C412B3BFC,EB9466F,COURSE_EB9466FE229C
STUDENT_923881731FCF,FF52A45,COURSE_FF52A456A828
STUDENT_923881731FCF,88A5BB2,COURSE_88A5BB2A9E50
STUDENT_923881731FCF,2A9F863,COURSE_2A9F8630D88C
STUDENT_923881731FCF,BAFD130,COURSE_BAFD130A3032
STUDENT_923881731FCF,9F8E751,COURSE_9F8E7511D62C
STUDENT_923881731FCF,C834FC6,COURSE_C834FC623CA7
STUDENT_C4B28C3AB9F3,A419E04,COURSE_A419E04C917F
STUDENT_C4B28C3AB9F3,250D49A,COURSE_250D49A6137B
STUDENT_C4B28C3AB9F3,32D5691,COURSE_32D569186237
STUDENT_C4B28C3AB9F3,24A18A5,COURSE_24A18A5B3FF2
STUDENT_C4B28C3AB9F3,F2EB940,COURSE_F2EB940C16DE
STUDENT_C4B28C3AB9F3,165B6EC,COURSE_165B6EC64386
STUDENT_58655D9D3181,C79A295,COURSE_C79A295DA02B
STUDENT_58655D9D3181,3F1B128,COURSE_3F1B1281DACC
STUDENT_58655D9D3181,2B7ADA6,COURSE_2B7ADA67C898
STUDENT_58655D9D3181,355947D,COURSE_355947D15102
STUDENT_58655D9D3181,3544086,COURSE_354408622855
STUDENT_E53AFB864443,90C1B72,COURSE_90C1B7254FDD
STUDENT_E53AFB864443,645A680,COURSE_645A680E52B7
STUDENT_E53AFB864443,0186BC3,COURSE_0186BC3B6640
STUDENT_E53AFB864443,F2EB940,COURSE_F2EB940C16DE
STUDENT_E1A079091C2E,28DA87B,COURSE_28DA87BD0111
STUDENT_E1A079091C2E,383B616,COURSE_383B6165A0C6
STUDENT_E1A079091C2E,81F8284,COURSE_81F8284E70A1
STUDENT_E1A079091C2E,6BF0AA9,COURSE_6BF0AA9F243F
STUDENT_E1A079091C2E,6B4B9A8,COURSE_6B4B9A851F21
STUDENT_B17AE7F715BD,3A566B2,COURSE_3A566B2FDF91
STUDENT_B17AE7F715BD,61C7475,COURSE_61C74758B507
STUDENT_B17AE7F715BD,49EFDEC,COURSE_49EFDEC4AD22
STUDENT_4A31C97F25A8,9031CED,COURSE_9031CEDB50FD
STUDENT_4A31C97F25A8,58B4C36,COURSE_58B4C3685A81
STUDENT_4A31C97F25A8,B4B5B8E,COURSE_B4B5B8E85C6D
STUDENT_4A31C97F25A8,F911ACE,COURSE_F911ACEAA7B5
STUDENT_4A31C97F25A8,4457B1D,COURSE_4457B1DB75EA
STUDENT_4A31C97F25A8,91BFF3B,COURSE_91BFF3B09E00
STUDENT_4A31C97F25A8,0D5AE07,COURSE_0D5AE07010E3
STUDENT_50BF8F276E3F,D4B3043,COURSE_D4B30433AFFD
STUDENT_4978365E2433,1955497,COURSE_19554970F628
STUDENT_4978365E2433,500C8E8,COURSE_500C8E8E485C
STUDENT_4978365E2433,47510C7,COURSE_47510C7D6B2A
STUDENT_4978365E2433,5DB4771,COURSE_5DB4771B0A79
STUDENT_4978365E2433,165B6EC,COURSE_165B6EC64386
STUDENT_4978365E2433,A9C3CE0,COURSE_A9C3CE099531
STUDENT_763D0D8E7539,A419E04,COURSE_A419E04C917F
STUDENT_763D0D8E7539,69DBF44,COURSE_69DBF44B3D90
STUDENT_763D0D8E7539,258D4B8,COURSE_258D4B85BE0B
STUDENT_763D0D8E7539,9316CD4,COURSE_9316CD4D881E
STUDENT_763D0D8E7539,157E49E,COURSE_157E49E5EB6E
STUDENT_B43F160E8175,58B4C36,COURSE_58B4C3685A81
STUDENT_B43F160E8175,B4B5B8E,COURSE_B4B5B8E85C6D
STUDENT_B43F160E8175,F911ACE,COURSE_F911ACEAA7B5
STUDENT_B43F160E8175,91BFF3B,COURSE_91BFF3B09E00
STUDENT_B43F160E8175,80EAE88,COURSE_80EAE885256A
STUDENT_B43F160E8175,190013B,COURSE_190013BFF7C1
STUDENT_63CB28EA3AAA,3444FA0,COURSE_3444FA0063FE
STUDENT_63CB28EA3AAA,88B5D98,COURSE_88B5D984C554
STUDENT_63CB28EA3AAA,195AC94,COURSE_195AC942FF0E
STUDENT_5566300245FB,64056FA,COURSE_64056FA06151
STUDENT_5566300245FB,BB7F370,COURSE_BB7F370548AA
STUDENT_5566300245FB,0173213,COURSE_0173213F93B6
STUDENT_5566300245FB,78104A3,COURSE_78104A3E8A10
STUDENT_5566300245FB,EB9466F,COURSE_EB9466FE229C
STUDENT_1EFB4B4755BC,121C1E5,COURSE_121C1E5CA81A
STUDENT_1EFB4B4755BC,6F2977C,COURSE_6F2977CBA34F
STUDENT_1EFB4B4755BC,C0809A7,COURSE_C0809A768480
STUDENT_1EFB4B4755BC,DBC12C3,COURSE_DBC12C371F89
STUDENT_1EFB4B4755BC,07FFBA6,COURSE_07FFBA646CB9
STUDENT_1EFB4B4755BC,49EFDEC,COURSE_49EFDEC4AD22
STUDENT_8722217AD8FF,6E363D6,COURSE_6E363D600BA1
STUDENT_8722217AD8FF,8928BF4,COURSE_8928BF411C22
STUDENT_8722217AD8FF,342173B,COURSE_342173B29394
STUDENT_8722217AD8FF,80EAE88,COURSE_80EAE885256A
STUDENT_8722217AD8FF,9772A41,COURSE_9772A418992F
STUDENT_3549AB0F8F11,0173213,COURSE_0173213F93B6
STUDENT_3549AB0F8F11,9B598F9,COURSE_9B598F9EC811
STUDENT_3549AB0F8F11,A0EFB23,COURSE_A0EFB237A2A4
STUDENT_3549AB0F8F11,9F8E751,COURSE_9F8E7511D62C
STUDENT_A6FD1BF660A1,BAFD130,COURSE_BAFD130A3032
STUDENT_CE6BDA7E2082,D83CCF6,COURSE_D83CCF67F12C
STUDENT_CE6BDA7E2082,1955497,COURSE_19554970F628
STUDENT_CE6BDA7E2082,500C8E8,COURSE_500C8E8E485C
STUDENT_CE6BDA7E2082,47510C7,COURSE_47510C7D6B2A
STUDENT_CE6BDA7E2082,5DB4771,COURSE_5DB4771B0A79
STUDENT_CE6BDA7E2082,165B6EC,COURSE_165B6EC64386
STUDENT_993893FD6A20,190013B,COURSE_190013BFF7C1
STUDENT_993893FD6A20,DF6FC47,COURSE_DF6FC470A7CD
STUDENT_993893FD6A20,DBC12C3,COURSE_DBC12C371F89
STUDENT_993893FD6A20,5CB16CB,COURSE_5CB16CB795C3
STUDENT_993893FD6A20,66A6CAF,COURSE_66A6CAFEFBDE
STUDENT_993893FD6A20,07FFBA6,COURSE_07FFBA646CB9
STUDENT_AFDB41D4ED73,D83CCF6,COURSE_D83CCF67F12C
STUDENT_AFDB41D4ED73,1955497,COURSE_19554970F628
STUDENT_AFDB41D4ED73,500C8E8,COURSE_500C8E8E485C
STUDENT_AFDB41D4ED73,47510C7,COURSE_47510C7D6B2A
STUDENT_AFDB41D4ED73,5DB4771,COURSE_5DB4771B0A79
STUDENT_AFDB41D4ED73,165B6EC,COURSE_165B6EC64386
STUDENT_885D037FD237,A419E04,COURSE_A419E04C917F
STUDENT_885D037FD237,250D49A,COURSE_250D49A6137B
STUDENT_885D037FD237,32D5691,COURSE_32D569186237
STUDENT_885D037FD237,24A18A5,COURSE_24A18A5B3FF2
STUDENT_885D037FD237,F2EB940,COURSE_F2EB940C16DE
STUDENT_D48504DAC068,B2EED57,COURSE_B2EED574D766
STUDENT_D48504DAC068,1955497,COURSE_19554970F628
STUDENT_D48504DAC068,500C8E8,COURSE_500C8E8E485C
STUDENT_D48504DAC068,5DB4771,COURSE_5DB4771B0A79
STUDENT_D48504DAC068,4E4632B,COURSE_4E4632BBE56E
STUDENT_D48504DAC068,165B6EC,COURSE_165B6EC64386
STUDENT_0553B522F8F8,121C1E5,COURSE_121C1E5CA81A
STUDENT_0553B522F8F8,4E2B40A,COURSE_4E2B40A02EA8
STUDENT_0553B522F8F8,1C5D6A5,COURSE_1C5D6A56EC25
STUDENT_0553B522F8F8,6913DA1,COURSE_6913DA13F5CD
STUDENT_0553B522F8F8,2271E57,COURSE_2271E57A6113
STUDENT_0553B522F8F8,9057D89,COURSE_9057D894165E
STUDENT_5A816CA13ED1,47E4DB4,COURSE_47E4DB4D9F6E
STUDENT_5A816CA13ED1,383B616,COURSE_383B6165A0C6
STUDENT_0372AB11649C,6C418F3,COURSE_6C418F3F4ACC
STUDENT_0372AB11649C,A419E04,COURSE_A419E04C917F
STUDENT_0372AB11649C,69DBF44,COURSE_69DBF44B3D90
STUDENT_0372AB11649C,258D4B8,COURSE_258D4B85BE0B
STUDENT_0372AB11649C,9316CD4,COURSE_9316CD4D881E
STUDENT_0372AB11649C,2962003,COURSE_2962003E8EB8
STUDENT_0372AB11649C,5DB4771,COURSE_5DB4771B0A79
STUDENT_D029DA661C1A,DF6FC47,COURSE_DF6FC470A7CD
STUDENT_D029DA661C1A,DBC12C3,COURSE_DBC12C371F89
STUDENT_D029DA661C1A,5CB16CB,COURSE_5CB16CB795C3
STUDENT_D029DA661C1A,66A6CAF,COURSE_66A6CAFEFBDE
STUDENT_D029DA661C1A,07FFBA6,COURSE_07FFBA646CB9
STUDENT_10BADD775825,D83CCF6,COURSE_D83CCF67F12C
STUDENT_10BADD775825,1955497,COURSE_19554970F628
STUDENT_10BADD775825,500C8E8,COURSE_500C8E8E485C
STUDENT_10BADD775825,47510C7,COURSE_47510C7D6B2A
STUDENT_10BADD775825,5DB4771,COURSE_5DB4771B0A79
STUDENT_10BADD775825,165B6EC,COURSE_165B6EC64386
STUDENT_C6F6F7D5C571,D83CCF6,COURSE_D83CCF67F12C
STUDENT_C6F6F7D5C571,1955497,COURSE_19554970F628
STUDENT_C6F6F7D5C571,500C8E8,COURSE_500C8E8E485C
STUDENT_C6F6F7D5C571,47510C7,COURSE_47510C7D6B2A
STUDENT_C6F6F7D5C571,5DB4771,COURSE_5DB4771B0A79
STUDENT_C6F6F7D5C571,165B6EC,COURSE_165B6EC64386
STUDENT_818B95DC782D,D83CCF6,COURSE_D83CCF67F12C
STUDENT_818B95DC782D,1955497,COURSE_19554970F628
STUDENT_818B95DC782D,500C8E8,COURSE_500C8E8E485C
STUDENT_818B95DC782D,5DB4771,COURSE_5DB4771B0A79
STUDENT_818B95DC782D,4E4632B,COURSE_4E4632BBE56E
STUDENT_818B95DC782D,165B6EC,COURSE_165B6EC64386
STUDENT_A1BCCE7447A1,D83CCF6,COURSE_D83CCF67F12C
STUDENT_A1BCCE7447A1,1955497,COURSE_19554970F628
STUDENT_A1BCCE7447A1,500C8E8,COURSE_500C8E8E485C
STUDENT_A1BCCE7447A1,47510C7,COURSE_47510C7D6B2A
STUDENT_A1BCCE7447A1,5DB4771,COURSE_5DB4771B0A79
STUDENT_A1BCCE7447A1,165B6EC,COURSE_165B6EC64386
STUDENT_11964E8A72AD,D83CCF6,COURSE_D83CCF67F12C
STUDENT_11964E8A72AD,1955497,COURSE_19554970F628
STUDENT_11964E8A72AD,500C8E8,COURSE_500C8E8E485C
STUDENT_11964E8A72AD,47510C7,COURSE_47510C7D6B2A
STUDENT_11964E8A72AD,5DB4771,COURSE_5DB4771B0A79
STUDENT_11964E8A72AD,165B6EC,COURSE_165B6EC64386
STUDENT_5130CDD8837B,47E4DB4,COURSE_47E4DB4D9F6E
STUDENT_5130CDD8837B,28DA87B,COURSE_28DA87BD0111
STUDENT_5130CDD8837B,3A124DB,COURSE_3A124DB43FF4
STUDENT_5130CDD8837B,4F8DAE0,COURSE_4F8DAE02A7A0
STUDENT_5130CDD8837B,5DB4771,COURSE_5DB4771B0A79
STUDENT_E4B7631F325D,F2EB940,COURSE_F2EB940C16DE
STUDENT_E4B7631F325D,1EB8DAB,COURSE_1EB8DABCEE22
STUDENT_E4B7631F325D,EC38A74,COURSE_EC38A741879B
STUDENT_E4B7631F325D,6AE5916,COURSE_6AE5916D0725
STUDENT_E4B7631F325D,9F8E751,COURSE_9F8E7511D62C
STUDENT_E4B7631F325D,CE06967,COURSE_CE06967084F9
STUDENT_E4B7631F325D,D4B3043,COURSE_D4B30433AFFD
STUDENT_E4B7631F325D,2962003,COURSE_2962003E8EB8
STUDENT_85090F618B63,3A566B2,COURSE_3A566B2FDF91
STUDENT_85090F618B63,47E4DB4,COURSE_47E4DB4D9F6E
STUDENT_85090F618B63,28DA87B,COURSE_28DA87BD0111
STUDENT_85090F618B63,3A124DB,COURSE_3A124DB43FF4
STUDENT_85090F618B63,4F8DAE0,COURSE_4F8DAE02A7A0
STUDENT_85090F618B63,5DB4771,COURSE_5DB4771B0A79
STUDENT_8418EE6B010C,47E4DB4,COURSE_47E4DB4D9F6E
STUDENT_8418EE6B010C,28DA87B,COURSE_28DA87BD0111
STUDENT_8418EE6B010C,3A124DB,COURSE_3A124DB43FF4
STUDENT_8418EE6B010C,4F8DAE0,COURSE_4F8DAE02A7A0
STUDENT_8418EE6B010C,5DB4771,COURSE_5DB4771B0A79
STUDENT_5EE15E317E1B,D83CCF6,COURSE_D83CCF67F12C
STUDENT_5EE15E317E1B,1955497,COURSE_19554970F628
STUDENT_5EE15E317E1B,500C8E8,COURSE_500C8E8E485C
STUDENT_5EE15E317E1B,47510C7,COURSE_47510C7D6B2A
STUDENT_5EE15E317E1B,5DB4771,COURSE_5DB4771B0A79
STUDENT_5EE15E317E1B,165B6EC,COURSE_165B6EC64386
STUDENT_7084E92FC688,C79A295,COURSE_C79A295DA02B
STUDENT_7084E92FC688,3F1B128,COURSE_3F1B1281DACC
STUDENT_7084E92FC688,2B7ADA6,COURSE_2B7ADA67C898
STUDENT_7084E92FC688,355947D,COURSE_355947D15102
STUDENT_7084E92FC688,E00D025,COURSE_E00D02523E87
STUDENT_5E5146A76453,500C8E8,COURSE_500C8E8E485C
STUDENT_5E5146A76453,47510C7,COURSE_47510C7D6B2A
STUDENT_5E5146A76453,165B6EC,COURSE_165B6EC64386
STUDENT_5E5146A76453,A9C3CE0,COURSE_A9C3CE099531
STUDENT_5E5146A76453,2962003,COURSE_2962003E8EB8
STUDENT_5E5146A76453,986F248,COURSE_986F248A2D8A
STUDENT_22AF858E7EB2,80EAE88,COURSE_80EAE885256A
STUDENT_22AF858E7EB2,9772A41,COURSE_9772A418992F
STUDENT_22AF858E7EB2,F911ACE,COURSE_F911ACEAA7B5
STUDENT_22AF858E7EB2,91BFF3B,COURSE_91BFF3B09E00
STUDENT_E172145501D4,A419E04,COURSE_A419E04C917F
STUDENT_E172145501D4,69DBF44,COURSE_69DBF44B3D90
STUDENT_E172145501D4,258D4B8,COURSE_258D4B85BE0B
STUDENT_E172145501D4,9316CD4,COURSE_9316CD4D881E
STUDENT_E172145501D4,30902F4,COURSE_30902F436CC4
STUDENT_C51D56FBB5CC,47E4DB4,COURSE_47E4DB4D9F6E
STUDENT_C51D56FBB5CC,28DA87B,COURSE_28DA87BD0111
STUDENT_C51D56FBB5CC,3A124DB,COURSE_3A124DB43FF4
STUDENT_C51D56FBB5CC,4F8DAE0,COURSE_4F8DAE02A7A0
STUDENT_C51D56FBB5CC,5DB4771,COURSE_5DB4771B0A79
STUDENT_3D8FDB49080B,BF0C1E7,COURSE_BF0C1E79B695
STUDENT_3D8FDB49080B,EC38A74,COURSE_EC38A741879B
STUDENT_85AE00971C25,58B4C36,COURSE_58B4C3685A81
STUDENT_85AE00971C25,B4B5B8E,COURSE_B4B5B8E85C6D
STUDENT_85AE00971C25,F911ACE,COURSE_F911ACEAA7B5
STUDENT_85AE00971C25,4457B1D,COURSE_4457B1DB75EA
STUDENT_85AE00971C25,91BFF3B,COURSE_91BFF3B09E00
STUDENT_85AE00971C25,C40C59E,COURSE_C40C59E77909
STUDENT_5106C110DC5B,9E6B1F1,COURSE_9E6B1F18531F
STUDENT_5106C110DC5B,DF6FC47,COURSE_DF6FC470A7CD
STUDENT_5106C110DC5B,DBC12C3,COURSE_DBC12C371F89
STUDENT_5106C110DC5B,5CB16CB,COURSE_5CB16CB795C3
STUDENT_5106C110DC5B,66A6CAF,COURSE_66A6CAFEFBDE
STUDENT_5106C110DC5B,A50759E,COURSE_A50759E88C40
STUDENT_05874DBC8D18,28DA87B,COURSE_28DA87BD0111
STUDENT_05874DBC8D18,383B616,COURSE_383B6165A0C6
STUDENT_05874DBC8D18,81F8284,COURSE_81F8284E70A1
STUDENT_05874DBC8D18,8702F1E,COURSE_8702F1EA55DA
STUDENT_05874DBC8D18,195AC94,COURSE_195AC942FF0E
STUDENT_E45F4CED45AC,69DBF44,COURSE_69DBF44B3D90
STUDENT_E45F4CED45AC,4E2B40A,COURSE_4E2B40A02EA8
STUDENT_E45F4CED45AC,4DFDBD5,COURSE_4DFDBD5A1EAB
STUDENT_E0818119F5CD,A419E04,COURSE_A419E04C917F
STUDENT_E0818119F5CD,69DBF44,COURSE_69DBF44B3D90
STUDENT_E0818119F5CD,258D4B8,COURSE_258D4B85BE0B
STUDENT_E0818119F5CD,9316CD4,COURSE_9316CD4D881E
STUDENT_E0818119F5CD,157E49E,COURSE_157E49E5EB6E
STUDENT_A92BE02ED869,9316CD4,COURSE_9316CD4D881E
STUDENT_A92BE02ED869,2962003,COURSE_2962003E8EB8
STUDENT_A92BE02ED869,47E4DB4,COURSE_47E4DB4D9F6E
STUDENT_A92BE02ED869,28DA87B,COURSE_28DA87BD0111
STUDENT_A92BE02ED869,3A124DB,COURSE_3A124DB43FF4
STUDENT_A92BE02ED869,5DB4771,COURSE_5DB4771B0A79
STUDENT_6A2CA9B78164,383B616,COURSE_383B6165A0C6
STUDENT_72D9A1E0A750,EC38A74,COURSE_EC38A741879B
STUDENT_72D9A1E0A750,EE22381,COURSE_EE2238133323
STUDENT_72D9A1E0A750,6AE5916,COURSE_6AE5916D0725
STUDENT_72D9A1E0A750,D60A15E,COURSE_D60A15E39D9C
STUDENT_72D9A1E0A750,9F8E751,COURSE_9F8E7511D62C
STUDENT_72D9A1E0A750,BF0C1E7,COURSE_BF0C1E79B695
STUDENT_BFE35441E20F,258D4B8,COURSE_258D4B85BE0B
STUDENT_BFE35441E20F,250D49A,COURSE_250D49A6137B
STUDENT_BFE35441E20F,32D5691,COURSE_32D569186237
STUDENT_BFE35441E20F,24A18A5,COURSE_24A18A5B3FF2
STUDENT_BFE35441E20F,F2EB940,COURSE_F2EB940C16DE
STUDENT_D773262A916E,C40C59E,COURSE_C40C59E77909
STUDENT_D773262A916E,B4B5B8E,COURSE_B4B5B8E85C6D
STUDENT_D773262A916E,4457B1D,COURSE_4457B1DB75EA
STUDENT_D4424C544323,D83CCF6,COURSE_D83CCF67F12C
STUDENT_D4424C544323,1955497,COURSE_19554970F628
STUDENT_D4424C544323,500C8E8,COURSE_500C8E8E485C
STUDENT_D4424C544323,47510C7,COURSE_47510C7D6B2A
STUDENT_D4424C544323,5DB4771,COURSE_5DB4771B0A79
STUDENT_D4424C544323,165B6EC,COURSE_165B6EC64386
STUDENT_2C9B332929B9,BB7F370,COURSE_BB7F370548AA
STUDENT_F366A8830E13,D83CCF6,COURSE_D83CCF67F12C
STUDENT_F366A8830E13,1955497,COURSE_19554970F628
STUDENT_F366A8830E13,500C8E8,COURSE_500C8E8E485C
STUDENT_F366A8830E13,47510C7,COURSE_47510C7D6B2A
STUDENT_F366A8830E13,5DB4771,COURSE_5DB4771B0A79
STUDENT_F366A8830E13,165B6EC,COURSE_165B6EC64386
STUDENT_8C57028A0160,D83CCF6,COURSE_D83CCF67F12C
STUDENT_8C57028A0160,1955497,COURSE_19554970F628
STUDENT_8C57028A0160,500C8E8,COURSE_500C8E8E485C
STUDENT_8C57028A0160,47510C7,COURSE_47510C7D6B2A
STUDENT_8C57028A0160,5DB4771,COURSE_5DB4771B0A79
STUDENT_8C57028A0160,165B6EC,COURSE_165B6EC64386
STUDENT_7E090A18F51A,B4B5B8E,COURSE_B4B5B8E85C6D
STUDENT_FBACB1F43897,383B616,COURSE_383B6165A0C6
STUDENT_FBACB1F43897,81F8284,COURSE_81F8284E70A1
STUDENT_FBACB1F43897,81AC608,COURSE_81AC608D129E
STUDENT_FBACB1F43897,195AC94,COURSE_195AC942FF0E
STUDENT_FBACB1F43897,75BD307,COURSE_75BD3070F668
STUDENT_A1AE3EF31D95,6E363D6,COURSE_6E363D600BA1
STUDENT_A1AE3EF31D95,8928BF4,COURSE_8928BF411C22
STUDENT_A1AE3EF31D95,342173B,COURSE_342173B29394
STUDENT_A1AE3EF31D95,80EAE88,COURSE_80EAE885256A
STUDENT_A1AE3EF31D95,F2EB940,COURSE_F2EB940C16DE
STUDENT_E8DC6291BD28,258D4B8,COURSE_258D4B85BE0B
STUDENT_E8DC6291BD28,AFFC57F,COURSE_AFFC57FABE98
STUDENT_E8DC6291BD28,AFF1D77,COURSE_AFF1D77BF8D8
STUDENT_E8DC6291BD28,88A5BB2,COURSE_88A5BB2A9E50
STUDENT_1388FECB7A20,C0809A7,COURSE_C0809A768480
STUDENT_1388FECB7A20,653E100,COURSE_653E100DE826
STUDENT_FB74B386C937,DF6FC47,COURSE_DF6FC470A7CD
STUDENT_FB74B386C937,DBC12C3,COURSE_DBC12C371F89
STUDENT_FB74B386C937,5CB16CB,COURSE_5CB16CB795C3
STUDENT_FB74B386C937,66A6CAF,COURSE_66A6CAFEFBDE
STUDENT_FB74B386C937,1330BF6,COURSE_1330BF611256
STUDENT_A2594380EB57,DF6FC47,COURSE_DF6FC470A7CD
STUDENT_A2594380EB57,DBC12C3,COURSE_DBC12C371F89
STUDENT_A2594380EB57,5CB16CB,COURSE_5CB16CB795C3
STUDENT_A2594380EB57,66A6CAF,COURSE_66A6CAFEFBDE
STUDENT_A2594380EB57,1330BF6,COURSE_1330BF611256
STUDENT_A51337E21102,F2EB940,COURSE_F2EB940C16DE
STUDENT_71EC51269901,9772A41,COURSE_9772A418992F
STUDENT_71EC51269901,C40C59E,COURSE_C40C59E77909
STUDENT_71EC51269901,9031CED,COURSE_9031CEDB50FD
STUDENT_71EC51269901,91BFF3B,COURSE_91BFF3B09E00
STUDENT_A5EED9CD7ED6,6913DA1,COURSE_6913DA13F5CD
STUDENT_A5EED9CD7ED6,F8FF4AF,COURSE_F8FF4AFC0BCD
STUDENT_A5EED9CD7ED6,2271E57,COURSE_2271E57A6113
STUDENT_A5EED9CD7ED6,D5557C5,COURSE_D5557C5D2419
STUDENT_A5EED9CD7ED6,190013B,COURSE_190013BFF7C1
STUDENT_08AC651FADD8,D4B3043,COURSE_D4B30433AFFD
STUDENT_08AC651FADD8,6513E08,COURSE_6513E08F6B17
STUDENT_39163B579015,DF6FC47,COURSE_DF6FC470A7CD
STUDENT_39163B579015,DBC12C3,COURSE_DBC12C371F89
STUDENT_39163B579015,5CB16CB,COURSE_5CB16CB795C3
STUDENT_39163B579015,66A6CAF,COURSE_66A6CAFEFBDE
STUDENT_39163B579015,5DCF966,COURSE_5DCF966FA1E3
STUDENT_24317ADD0487,C0809A7,COURSE_C0809A768480
STUDENT_24317ADD0487,4E2B40A,COURSE_4E2B40A02EA8
STUDENT_24317ADD0487,1C5D6A5,COURSE_1C5D6A56EC25
STUDENT_24317ADD0487,2271E57,COURSE_2271E57A6113
STUDENT_24317ADD0487,9F8E751,COURSE_9F8E7511D62C
STUDENT_24317ADD0487,D4B3043,COURSE_D4B30433AFFD
STUDENT_B57E686949EE,DF6FC47,COURSE_DF6FC470A7CD
STUDENT_B57E686949EE,DBC12C3,COURSE_DBC12C371F89
STUDENT_B57E686949EE,5CB16CB,COURSE_5CB16CB795C3
STUDENT_B57E686949EE,66A6CAF,COURSE_66A6CAFEFBDE
STUDENT_B57E686949EE,1330BF6,COURSE_1330BF611256
STUDENT_B57E686949EE,8E37B74,COURSE_8E37B7465CFD
STUDENT_02F35B2DF0D6,28DA87B,COURSE_28DA87BD0111
STUDENT_02F35B2DF0D6,383B616,COURSE_383B6165A0C6
STUDENT_02F35B2DF0D6,81F8284,COURSE_81F8284E70A1
STUDENT_02F35B2DF0D6,6BF0AA9,COURSE_6BF0AA9F243F
STUDENT_02F35B2DF0D6,75BD307,COURSE_75BD3070F668
STUDENT_57ED3DF319BB,D4B3043,COURSE_D4B30433AFFD
STUDENT_57ED3DF319BB,6513E08,COURSE_6513E08F6B17
STUDENT_2759EA8CD90C,9F8E751,COURSE_9F8E7511D62C
STUDENT_2759EA8CD90C,CE06967,COURSE_CE06967084F9
STUDENT_86006DBEF5E4,C40C59E,COURSE_C40C59E77909
STUDENT_86006DBEF5E4,B4B5B8E,COURSE_B4B5B8E85C6D
STUDENT_86006DBEF5E4,F911ACE,COURSE_F911ACEAA7B5
STUDENT_86006DBEF5E4,91BFF3B,COURSE_91BFF3B09E00
STUDENT_D3B5BE32D875,C0809A7,COURSE_C0809A768480
STUDENT_D3B5BE32D875,6913DA1,COURSE_6913DA13F5CD
STUDENT_D3B5BE32D875,2271E57,COURSE_2271E57A6113
STUDENT_D3B5BE32D875,5D48D2E,COURSE_5D48D2E51549
STUDENT_D3B5BE32D875,691E308,COURSE_691E308022A0
STUDENT_3218C94D83F5,0173213,COURSE_0173213F93B6
STUDENT_8D0DFA8872CF,C79A295,COURSE_C79A295DA02B
STUDENT_8D0DFA8872CF,3F1B128,COURSE_3F1B1281DACC
STUDENT_8D0DFA8872CF,2B7ADA6,COURSE_2B7ADA67C898
STUDENT_8D0DFA8872CF,355947D,COURSE_355947D15102
STUDENT_8D0DFA8872CF,3544086,COURSE_354408622855
STUDENT_CBA933D20145,157E49E,COURSE_157E49E5EB6E
STUDENT_CBA933D20145,30902F4,COURSE_30902F436CC4
STUDENT_CBA933D20145,83D7482,COURSE_83D748271771
STUDENT_CBA933D20145,B936E4C,COURSE_B936E4CB244C
STUDENT_CBA933D20145,3A566B2,COURSE_3A566B2FDF91
STUDENT_3CD24C219851,C40C59E,COURSE_C40C59E77909
STUDENT_3CD24C219851,9031CED,COURSE_9031CEDB50FD
STUDENT_3CD24C219851,4457B1D,COURSE_4457B1DB75EA
STUDENT_5D8CB9F40D23,691E308,COURSE_691E308022A0
STUDENT_5D8CB9F40D23,6B4B9A8,COURSE_6B4B9A851F21
STUDENT_3209B35E7357,190013B,COURSE_190013BFF7C1
STUDENT_3209B35E7357,3A566B2,COURSE_3A566B2FDF91
STUDENT_3209B35E7357,61C7475,COURSE_61C74758B507
STUDENT_3209B35E7357,2272A89,COURSE_2272A89A56F1
STUDENT_3209B35E7357,28DA87B,COURSE_28DA87BD0111
STUDENT_D8A6958FFF1E,FCF20E6,COURSE_FCF20E6D19D8
STUDENT_D8A6958FFF1E,D4B3043,COURSE_D4B30433AFFD
STUDENT_116533FFA56C,BAFD130,COURSE_BAFD130A3032
STUDENT_116533FFA56C,D4B3043,COURSE_D4B30433AFFD
STUDENT_90E854CC326D,D83CCF6,COURSE_D83CCF67F12C
STUDENT_90E854CC326D,1955497,COURSE_19554970F628
STUDENT_90E854CC326D,500C8E8,COURSE_500C8E8E485C
STUDENT_90E854CC326D,47510C7,COURSE_47510C7D6B2A
STUDENT_90E854CC326D,5DB4771,COURSE_5DB4771B0A79
STUDENT_90E854CC326D,165B6EC,COURSE_165B6EC64386
STUDENT_25B811B7E30C,6F2977C,COURSE_6F2977CBA34F
STUDENT_25B811B7E30C,6913DA1,COURSE_6913DA13F5CD
STUDENT_25B811B7E30C,2271E57,COURSE_2271E57A6113
STUDENT_25B811B7E30C,653E100,COURSE_653E100DE826
STUDENT_25B811B7E30C,07FFBA6,COURSE_07FFBA646CB9
STUDENT_3A325C812419,D83CCF6,COURSE_D83CCF67F12C
STUDENT_3A325C812419,1955497,COURSE_19554970F628
STUDENT_3A325C812419,500C8E8,COURSE_500C8E8E485C
STUDENT_3A325C812419,47510C7,COURSE_47510C7D6B2A
STUDENT_3A325C812419,5DB4771,COURSE_5DB4771B0A79
STUDENT_3A325C812419,165B6EC,COURSE_165B6EC64386
STUDENT_C5639E6DD68E,4DFDBD5,COURSE_4DFDBD5A1EAB
STUDENT_C5639E6DD68E,6F2977C,COURSE_6F2977CBA34F
STUDENT_C5639E6DD68E,4E2B40A,COURSE_4E2B40A02EA8
STUDENT_C5639E6DD68E,9F8E751,COURSE_9F8E7511D62C
STUDENT_C5639E6DD68E,C834FC6,COURSE_C834FC623CA7
STUDENT_C5639E6DD68E,49EFDEC,COURSE_49EFDEC4AD22
STUDENT_0D30AADEBA8B,D5557C5,COURSE_D5557C5D2419
STUDENT_D37AC366CDAD,D83CCF6,COURSE_D83CCF67F12C
STUDENT_D37AC366CDAD,1955497,COURSE_19554970F628
STUDENT_D37AC366CDAD,500C8E8,COURSE_500C8E8E485C
STUDENT_D37AC366CDAD,47510C7,COURSE_47510C7D6B2A
STUDENT_D37AC366CDAD,5DB4771,COURSE_5DB4771B0A79
STUDENT_D37AC366CDAD,165B6EC,COURSE_165B6EC64386
STUDENT_531F315E0DAE,4DFDBD5,COURSE_4DFDBD5A1EAB
STUDENT_531F315E0DAE,6F2977C,COURSE_6F2977CBA34F
STUDENT_531F315E0DAE,4E2B40A,COURSE_4E2B40A02EA8
STUDENT_531F315E0DAE,9F8E751,COURSE_9F8E7511D62C
STUDENT_531F315E0DAE,C834FC6,COURSE_C834FC623CA7
STUDENT_531F315E0DAE,49EFDEC,COURSE_49EFDEC4AD22
STUDENT_31FFE75D6E5B,BB7F370,COURSE_BB7F370548AA
STUDENT_31FFE75D6E5B,0173213,COURSE_0173213F93B6
STUDENT_31FFE75D6E5B,EB9466F,COURSE_EB9466FE229C
STUDENT_31FFE75D6E5B,6AEB855,COURSE_6AEB8553B28E
STUDENT_31FFE75D6E5B,F34ADCC,COURSE_F34ADCCF6010
STUDENT_64E5EA3DBB65,DF6FC47,COURSE_DF6FC470A7CD
STUDENT_64E5EA3DBB65,DBC12C3,COURSE_DBC12C371F89
STUDENT_64E5EA3DBB65,5CB16CB,COURSE_5CB16CB795C3
STUDENT_64E5EA3DBB65,66A6CAF,COURSE_66A6CAFEFBDE
STUDENT_64E5EA3DBB65,1330BF6,COURSE_1330BF611256
STUDENT_78A31802CA65,AFFC57F,COURSE_AFFC57FABE98
STUDENT_78A31802CA65,88A5BB2,COURSE_88A5BB2A9E50
STUDENT_78A31802CA65,2A9F863,COURSE_2A9F8630D88C
STUDENT_78A31802CA65,BAFD130,COURSE_BAFD130A3032
STUDENT_78A31802CA65,C834FC6,COURSE_C834FC623CA7
STUDENT_78A31802CA65,D4B3043,COURSE_D4B30433AFFD
STUDENT_7672AE100748,9031CED,COURSE_9031CEDB50FD
STUDENT_7672AE100748,F911ACE,COURSE_F911ACEAA7B5
STUDENT_C1B57C31ED08,BB7F370,COURSE_BB7F370548AA
STUDENT_EE5F9EC6B603,BB7F370,COURSE_BB7F370548AA
STUDENT_A29CCBFB05F7,9316CD4,COURSE_9316CD4D881E
STUDENT_A29CCBFB05F7,47E4DB4,COURSE_47E4DB4D9F6E
STUDENT_A29CCBFB05F7,28DA87B,COURSE_28DA87BD0111
STUDENT_A29CCBFB05F7,3A124DB,COURSE_3A124DB43FF4
STUDENT_A29CCBFB05F7,5DB4771,COURSE_5DB4771B0A79
STUDENT_9E96A2660CB0,0186BC3,COURSE_0186BC3B6640
STUDENT_9E96A2660CB0,4E2B40A,COURSE_4E2B40A02EA8
STUDENT_9E96A2660CB0,1C5D6A5,COURSE_1C5D6A56EC25
STUDENT_9E96A2660CB0,4DFDBD5,COURSE_4DFDBD5A1EAB
STUDENT_9E96A2660CB0,2271E57,COURSE_2271E57A6113
STUDENT_9E96A2660CB0,D4B3043,COURSE_D4B30433AFFD
STUDENT_C5F366BE46D8,2271E57,COURSE_2271E57A6113
STUDENT_C5F366BE46D8,691E308,COURSE_691E308022A0
STUDENT_4A60E878765C,47E4DB4,COURSE_47E4DB4D9F6E
STUDENT_4A60E878765C,28DA87B,COURSE_28DA87BD0111
STUDENT_4A60E878765C,3A124DB,COURSE_3A124DB43FF4
STUDENT_4A60E878765C,4F8DAE0,COURSE_4F8DAE02A7A0
STUDENT_4A60E878765C,5DB4771,COURSE_5DB4771B0A79
STUDENT_B68F4DC25547,FCF20E6,COURSE_FCF20E6D19D8
STUDENT_0E6E28B6663E,AC3C396,COURSE_AC3C3967D4FC
STUDENT_0E6E28B6663E,75BD307,COURSE_75BD3070F668
STUDENT_70F344F7CDED,9031CED,COURSE_9031CEDB50FD
STUDENT_70F344F7CDED,58B4C36,COURSE_58B4C3685A81
STUDENT_70F344F7CDED,B4B5B8E,COURSE_B4B5B8E85C6D
STUDENT_70F344F7CDED,F911ACE,COURSE_F911ACEAA7B5
STUDENT_70F344F7CDED,4457B1D,COURSE_4457B1DB75EA
STUDENT_70F344F7CDED,91BFF3B,COURSE_91BFF3B09E00
STUDENT_50AEDA02DF57,0186BC3,COURSE_0186BC3B6640
STUDENT_50AEDA02DF57,6BF0AA9,COURSE_6BF0AA9F243F
STUDENT_48391571609D,258D4B8,COURSE_258D4B85BE0B
STUDENT_48391571609D,FF52A45,COURSE_FF52A456A828
STUDENT_48391571609D,AFFC57F,COURSE_AFFC57FABE98
STUDENT_48391571609D,9E6B1F1,COURSE_9E6B1F18531F
STUDENT_48391571609D,AFF1D77,COURSE_AFF1D77BF8D8
STUDENT_DE92923921AF,80EAE88,COURSE_80EAE885256A
STUDENT_DE92923921AF,250D49A,COURSE_250D49A6137B
STUDENT_DE92923921AF,32D5691,COURSE_32D569186237
STUDENT_DE92923921AF,24A18A5,COURSE_24A18A5B3FF2
STUDENT_DE92923921AF,F2EB940,COURSE_F2EB940C16DE
STUDENT_057CFA92DB0C,C79A295,COURSE_C79A295DA02B
STUDENT_057CFA92DB0C,3F1B128,COURSE_3F1B1281DACC
STUDENT_057CFA92DB0C,2B7ADA6,COURSE_2B7ADA67C898
STUDENT_057CFA92DB0C,355947D,COURSE_355947D15102
STUDENT_057CFA92DB0C,3544086,COURSE_354408622855
STUDENT_8484CBC311AA,A419E04,COURSE_A419E04C917F
STUDENT_8484CBC311AA,69DBF44,COURSE_69DBF44B3D90
STUDENT_8484CBC311AA,258D4B8,COURSE_258D4B85BE0B
STUDENT_8484CBC311AA,9316CD4,COURSE_9316CD4D881E
STUDENT_8484CBC311AA,30902F4,COURSE_30902F436CC4
STUDENT_A100A6B3B48C,190013B,COURSE_190013BFF7C1
STUDENT_A100A6B3B48C,3A566B2,COURSE_3A566B2FDF91
STUDENT_A100A6B3B48C,61C7475,COURSE_61C74758B507
STUDENT_A100A6B3B48C,2272A89,COURSE_2272A89A56F1
STUDENT_A100A6B3B48C,28DA87B,COURSE_28DA87BD0111
STUDENT_67414278D427,D83CCF6,COURSE_D83CCF67F12C
STUDENT_67414278D427,1955497,COURSE_19554970F628
STUDENT_67414278D427,500C8E8,COURSE_500C8E8E485C
STUDENT_67414278D427,47510C7,COURSE_47510C7D6B2A
STUDENT_67414278D427,5DB4771,COURSE_5DB4771B0A79
STUDENT_67414278D427,165B6EC,COURSE_165B6EC64386
STUDENT_7104A88AE6D2,80EAE88,COURSE_80EAE885256A
STUDENT_7104A88AE6D2,250D49A,COURSE_250D49A6137B
STUDENT_7104A88AE6D2,32D5691,COURSE_32D569186237
STUDENT_7104A88AE6D2,24A18A5,COURSE_24A18A5B3FF2
STUDENT_7104A88AE6D2,F2EB940,COURSE_F2EB940C16DE
STUDENT_AF5680E0D44A,D83CCF6,COURSE_D83CCF67F12C
STUDENT_AF5680E0D44A,1955497,COURSE_19554970F628
STUDENT_AF5680E0D44A,500C8E8,COURSE_500C8E8E485C
STUDENT_AF5680E0D44A,47510C7,COURSE_47510C7D6B2A
STUDENT_AF5680E0D44A,5DB4771,COURSE_5DB4771B0A79
STUDENT_AF5680E0D44A,165B6EC,COURSE_165B6EC64386
STUDENT_58971858D3AA,D4B3043,COURSE_D4B30433AFFD
STUDENT_58971858D3AA,6513E08,COURSE_6513E08F6B17
STUDENT_60DF69E90E7B,A419E04,COURSE_A419E04C917F
STUDENT_60DF69E90E7B,69DBF44,COURSE_69DBF44B3D90
STUDENT_60DF69E90E7B,258D4B8,COURSE_258D4B85BE0B
STUDENT_60DF69E90E7B,9316CD4,COURSE_9316CD4D881E
STUDENT_60DF69E90E7B,157E49E,COURSE_157E49E5EB6E
STUDENT_29E461C596E2,D83CCF6,COURSE_D83CCF67F12C
STUDENT_29E461C596E2,1955497,COURSE_19554970F628
STUDENT_29E461C596E2,500C8E8,COURSE_500C8E8E485C
STUDENT_29E461C596E2,47510C7,COURSE_47510C7D6B2A
STUDENT_29E461C596E2,5DB4771,COURSE_5DB4771B0A79
STUDENT_29E461C596E2,165B6EC,COURSE_165B6EC64386
STUDENT_CBF81C43619A,D83CCF6,COURSE_D83CCF67F12C
STUDENT_CBF81C43619A,1955497,COURSE_19554970F628
STUDENT_CBF81C43619A,500C8E8,COURSE_500C8E8E485C
STUDENT_CBF81C43619A,47510C7,COURSE_47510C7D6B2A
STUDENT_CBF81C43619A,5DB4771,COURSE_5DB4771B0A79
STUDENT_CBF81C43619A,165B6EC,COURSE_165B6EC64386
STUDENT_553C8D54AEA1,A419E04,COURSE_A419E04C917F
STUDENT_553C8D54AEA1,69DBF44,COURSE_69DBF44B3D90
STUDENT_553C8D54AEA1,258D4B8,COURSE_258D4B85BE0B
STUDENT_553C8D54AEA1,9316CD4,COURSE_9316CD4D881E
STUDENT_553C8D54AEA1,157E49E,COURSE_157E49E5EB6E
STUDENT_39AAFEBFD9F9,D83CCF6,COURSE_D83CCF67F12C
STUDENT_39AAFEBFD9F9,1955497,COURSE_19554970F628
STUDENT_39AAFEBFD9F9,500C8E8,COURSE_500C8E8E485C
STUDENT_39AAFEBFD9F9,47510C7,COURSE_47510C7D6B2A
STUDENT_39AAFEBFD9F9,5DB4771,COURSE_5DB4771B0A79
STUDENT_39AAFEBFD9F9,165B6EC,COURSE_165B6EC64386
STUDENT_7C9C1C735BC0,EC38A74,COURSE_EC38A741879B
STUDENT_7C9C1C735BC0,EE22381,COURSE_EE2238133323
STUDENT_7C9C1C735BC0,6AE5916,COURSE_6AE5916D0725
STUDENT_7C9C1C735BC0,D60A15E,COURSE_D60A15E39D9C
STUDENT_7C9C1C735BC0,9F8E751,COURSE_9F8E7511D62C
STUDENT_7C9C1C735BC0,9C6DF31,COURSE_9C6DF318F006
STUDENT_42D9EC7B7EA1,D83CCF6,COURSE_D83CCF67F12C
STUDENT_42D9EC7B7EA1,1955497,COURSE_19554970F628
STUDENT_42D9EC7B7EA1,500C8E8,COURSE_500C8E8E485C
STUDENT_42D9EC7B7EA1,47510C7,COURSE_47510C7D6B2A
STUDENT_42D9EC7B7EA1,5DB4771,COURSE_5DB4771B0A79
STUDENT_42D9EC7B7EA1,165B6EC,COURSE_165B6EC64386
STUDENT_CEDC2F744097,6C418F3,COURSE_6C418F3F4ACC
STUDENT_CEDC2F744097,48F4CC0,COURSE_48F4CC02AA5A
STUDENT_CEDC2F744097,4E4632B,COURSE_4E4632BBE56E
STUDENT_77EFF46BAD2E,D83CCF6,COURSE_D83CCF67F12C
STUDENT_77EFF46BAD2E,1955497,COURSE_19554970F628
STUDENT_77EFF46BAD2E,500C8E8,COURSE_500C8E8E485C
STUDENT_77EFF46BAD2E,47510C7,COURSE_47510C7D6B2A
STUDENT_77EFF46BAD2E,5DB4771,COURSE_5DB4771B0A79
STUDENT_77EFF46BAD2E,165B6EC,COURSE_165B6EC64386
STUDENT_BA2AE4CD5A14,121C1E5,COURSE_121C1E5CA81A
STUDENT_BA2AE4CD5A14,4DFDBD5,COURSE_4DFDBD5A1EAB
STUDENT_BA2AE4CD5A14,6F2977C,COURSE_6F2977CBA34F
STUDENT_BA2AE4CD5A14,C0809A7,COURSE_C0809A768480
STUDENT_BA2AE4CD5A14,C834FC6,COURSE_C834FC623CA7
STUDENT_BA2AE4CD5A14,D4B3043,COURSE_D4B30433AFFD
STUDENT_FF042E00F8F3,D83CCF6,COURSE_D83CCF67F12C
STUDENT_FF042E00F8F3,1955497,COURSE_19554970F628
STUDENT_FF042E00F8F3,500C8E8,COURSE_500C8E8E485C
STUDENT_FF042E00F8F3,47510C7,COURSE_47510C7D6B2A
STUDENT_FF042E00F8F3,5DB4771,COURSE_5DB4771B0A79
STUDENT_FF042E00F8F3,165B6EC,COURSE_165B6EC64386
STUDENT_DF56054F56B0,64056FA,COURSE_64056FA06151
STUDENT_DF56054F56B0,BB7F370,COURSE_BB7F370548AA
STUDENT_DF56054F56B0,0173213,COURSE_0173213F93B6
STUDENT_DF56054F56B0,9A1418F,COURSE_9A1418F9C846
STUDENT_DF56054F56B0,F34ADCC,COURSE_F34ADCCF6010
STUDENT_7B779A83CC6A,47E4DB4,COURSE_47E4DB4D9F6E
STUDENT_7B779A83CC6A,28DA87B,COURSE_28DA87BD0111
STUDENT_7B779A83CC6A,3A124DB,COURSE_3A124DB43FF4
STUDENT_7B779A83CC6A,4F8DAE0,COURSE_4F8DAE02A7A0
STUDENT_7B779A83CC6A,5DB4771,COURSE_5DB4771B0A79
STUDENT_8966867651EB,190013B,COURSE_190013BFF7C1
STUDENT_8966867651EB,47E4DB4,COURSE_47E4DB4D9F6E
STUDENT_8966867651EB,28DA87B,COURSE_28DA87BD0111
STUDENT_8966867651EB,3A124DB,COURSE_3A124DB43FF4
STUDENT_8966867651EB,5DB4771,COURSE_5DB4771B0A79
STUDENT_06C9E5AAF4DA,258D4B8,COURSE_258D4B85BE0B
STUDENT_06C9E5AAF4DA,AC3C396,COURSE_AC3C3967D4FC
STUDENT_0594173137FF,6913DA1,COURSE_6913DA13F5CD
STUDENT_0594173137FF,2271E57,COURSE_2271E57A6113
STUDENT_0594173137FF,D5557C5,COURSE_D5557C5D2419
STUDENT_0594173137FF,5D48D2E,COURSE_5D48D2E51549
STUDENT_0594173137FF,691E308,COURSE_691E308022A0
STUDENT_B4EF5C11E893,1955497,COURSE_19554970F628
STUDENT_B4EF5C11E893,500C8E8,COURSE_500C8E8E485C
STUDENT_B4EF5C11E893,5DB4771,COURSE_5DB4771B0A79
STUDENT_B4EF5C11E893,4E4632B,COURSE_4E4632BBE56E
STUDENT_B4EF5C11E893,165B6EC,COURSE_165B6EC64386
STUDENT_B4EF5C11E893,A9C3CE0,COURSE_A9C3CE099531
STUDENT_033B4C79CA54,D83CCF6,COURSE_D83CCF67F12C
STUDENT_033B4C79CA54,1955497,COURSE_19554970F628
STUDENT_033B4C79CA54,500C8E8,COURSE_500C8E8E485C
STUDENT_033B4C79CA54,47510C7,COURSE_47510C7D6B2A
STUDENT_033B4C79CA54,5DB4771,COURSE_5DB4771B0A79
STUDENT_033B4C79CA54,165B6EC,COURSE_165B6EC64386
STUDENT_05B850467280,9031CED,COURSE_9031CEDB50FD
STUDENT_05B850467280,58B4C36,COURSE_58B4C3685A81
STUDENT_05B850467280,B4B5B8E,COURSE_B4B5B8E85C6D
STUDENT_05B850467280,F911ACE,COURSE_F911ACEAA7B5
STUDENT_05B850467280,4457B1D,COURSE_4457B1DB75EA
STUDENT_05B850467280,91BFF3B,COURSE_91BFF3B09E00
STUDENT_73ACCAFBB962,80EAE88,COURSE_80EAE885256A
STUDENT_73ACCAFBB962,250D49A,COURSE_250D49A6137B
STUDENT_73ACCAFBB962,32D5691,COURSE_32D569186237
STUDENT_73ACCAFBB962,24A18A5,COURSE_24A18A5B3FF2
STUDENT_73ACCAFBB962,F2EB940,COURSE_F2EB940C16DE
STUDENT_332488249C1E,32D5691,COURSE_32D569186237
STUDENT_332488249C1E,47E4DB4,COURSE_47E4DB4D9F6E
STUDENT_332488249C1E,28DA87B,COURSE_28DA87BD0111
STUDENT_332488249C1E,3A124DB,COURSE_3A124DB43FF4
STUDENT_332488249C1E,5DB4771,COURSE_5DB4771B0A79
STUDENT_B079894F9AE1,383B616,COURSE_383B6165A0C6
STUDENT_B079894F9AE1,81F8284,COURSE_81F8284E70A1
STUDENT_B079894F9AE1,6BF0AA9,COURSE_6BF0AA9F243F
STUDENT_B079894F9AE1,6B4B9A8,COURSE_6B4B9A851F21
STUDENT_CE7E61953C91,383B616,COURSE_383B6165A0C6
STUDENT_CE7E61953C91,81F8284,COURSE_81F8284E70A1
STUDENT_CE7E61953C91,847CF53,COURSE_847CF537763E
STUDENT_CE7E61953C91,6BF0AA9,COURSE_6BF0AA9F243F
STUDENT_253460DE2DE5,9772A41,COURSE_9772A418992F
STUDENT_253460DE2DE5,58B4C36,COURSE_58B4C3685A81
STUDENT_253460DE2DE5,B4B5B8E,COURSE_B4B5B8E85C6D
STUDENT_253460DE2DE5,F911ACE,COURSE_F911ACEAA7B5
STUDENT_253460DE2DE5,4457B1D,COURSE_4457B1DB75EA
STUDENT_253460DE2DE5,91BFF3B,COURSE_91BFF3B09E00
STUDENT_253460DE2DE5,80EAE88,COURSE_80EAE885256A
STUDENT_536C65ED8F94,383B616,COURSE_383B6165A0C6
STUDENT_536C65ED8F94,81F8284,COURSE_81F8284E70A1
STUDENT_536C65ED8F94,6BF0AA9,COURSE_6BF0AA9F243F
STUDENT_536C65ED8F94,6B4B9A8,COURSE_6B4B9A851F21
STUDENT_55501DD4B014,6E363D6,COURSE_6E363D600BA1
STUDENT_55501DD4B014,8928BF4,COURSE_8928BF411C22
STUDENT_55501DD4B014,342173B,COURSE_342173B29394
STUDENT_55501DD4B014,80EAE88,COURSE_80EAE885256A
STUDENT_55501DD4B014,9772A41,COURSE_9772A418992F
STUDENT_821C68D0B82A,9031CED,COURSE_9031CEDB50FD
STUDENT_821C68D0B82A,58B4C36,COURSE_58B4C3685A81
STUDENT_821C68D0B82A,B4B5B8E,COURSE_B4B5B8E85C6D
STUDENT_821C68D0B82A,F911ACE,COURSE_F911ACEAA7B5
STUDENT_821C68D0B82A,4457B1D,COURSE_4457B1DB75EA
STUDENT_821C68D0B82A,91BFF3B,COURSE_91BFF3B09E00
STUDENT_EC93ED3D2862,32D5691,COURSE_32D569186237
STUDENT_EC93ED3D2862,47E4DB4,COURSE_47E4DB4D9F6E
STUDENT_EC93ED3D2862,28DA87B,COURSE_28DA87BD0111
STUDENT_EC93ED3D2862,383B616,COURSE_383B6165A0C6
STUDENT_EC93ED3D2862,81F8284,COURSE_81F8284E70A1
STUDENT_EC93ED3D2862,6BF0AA9,COURSE_6BF0AA9F243F
STUDENT_0E8EC2366EA0,D83CCF6,COURSE_D83CCF67F12C
STUDENT_0E8EC2366EA0,1955497,COURSE_19554970F628
STUDENT_0E8EC2366EA0,500C8E8,COURSE_500C8E8E485C
STUDENT_0E8EC2366EA0,47510C7,COURSE_47510C7D6B2A
STUDENT_0E8EC2366EA0,5DB4771,COURSE_5DB4771B0A79
STUDENT_0E8EC2366EA0,165B6EC,COURSE_165B6EC64386
STUDENT_8F7239D87E32,383B616,COURSE_383B6165A0C6
STUDENT_8F7239D87E32,81F8284,COURSE_81F8284E70A1
STUDENT_8F7239D87E32,847CF53,COURSE_847CF537763E
STUDENT_8F7239D87E32,6BF0AA9,COURSE_6BF0AA9F243F
STUDENT_A2A03548DEC6,C0809A7,COURSE_C0809A768480
STUDENT_A2A03548DEC6,4E2B40A,COURSE_4E2B40A02EA8
STUDENT_A2A03548DEC6,121C1E5,COURSE_121C1E5CA81A
STUDENT_A2A03548DEC6,190013B,COURSE_190013BFF7C1
STUDENT_A2A03548DEC6,3A566B2,COURSE_3A566B2FDF91
STUDENT_A2A03548DEC6,07FFBA6,COURSE_07FFBA646CB9
STUDENT_A2A03548DEC6,A50759E,COURSE_A50759E88C40
STUDENT_E32E240D209A,D83CCF6,COURSE_D83CCF67F12C
STUDENT_E32E240D209A,1955497,COURSE_19554970F628
STUDENT_E32E240D209A,500C8E8,COURSE_500C8E8E485C
STUDENT_E32E240D209A,47510C7,COURSE_47510C7D6B2A
STUDENT_E32E240D209A,5DB4771,COURSE_5DB4771B0A79
STUDENT_E32E240D209A,165B6EC,COURSE_165B6EC64386
STUDENT_18EC36B15B5B,9E6B1F1,COURSE_9E6B1F18531F
STUDENT_18EC36B15B5B,190013B,COURSE_190013BFF7C1
STUDENT_18EC36B15B5B,3A566B2,COURSE_3A566B2FDF91
STUDENT_18EC36B15B5B,61C7475,COURSE_61C74758B507
STUDENT_18EC36B15B5B,2272A89,COURSE_2272A89A56F1
STUDENT_5CB0ABD91DC4,D83CCF6,COURSE_D83CCF67F12C
STUDENT_5CB0ABD91DC4,1955497,COURSE_19554970F628
STUDENT_5CB0ABD91DC4,500C8E8,COURSE_500C8E8E485C
STUDENT_5CB0ABD91DC4,47510C7,COURSE_47510C7D6B2A
STUDENT_5CB0ABD91DC4,5DB4771,COURSE_5DB4771B0A79
STUDENT_5CB0ABD91DC4,165B6EC,COURSE_165B6EC64386
STUDENT_15821835175F,383B616,COURSE_383B6165A0C6
STUDENT_15821835175F,81F8284,COURSE_81F8284E70A1
STUDENT_15821835175F,81AC608,COURSE_81AC608D129E
STUDENT_15821835175F,847CF53,COURSE_847CF537763E
STUDENT_1BB3B153FD90,D83CCF6,COURSE_D83CCF67F12C
STUDENT_1BB3B153FD90,1955497,COURSE_19554970F628
STUDENT_1BB3B153FD90,500C8E8,COURSE_500C8E8E485C
STUDENT_1BB3B153FD90,47510C7,COURSE_47510C7D6B2A
STUDENT_1BB3B153FD90,5DB4771,COURSE_5DB4771B0A79
STUDENT_1BB3B153FD90,165B6EC,COURSE_165B6EC64386
STUDENT_6A2D93A4A584,D4B3043,COURSE_D4B30433AFFD
STUDENT_6A2D93A4A584,6513E08,COURSE_6513E08F6B17
STUDENT_27206B864DDE,500C8E8,COURSE_500C8E8E485C
STUDENT_27206B864DDE,47510C7,COURSE_47510C7D6B2A
STUDENT_27206B864DDE,5DB4771,COURSE_5DB4771B0A79
STUDENT_27206B864DDE,165B6EC,COURSE_165B6EC64386
STUDENT_27206B864DDE,A9C3CE0,COURSE_A9C3CE099531
STUDENT_27206B864DDE,986F248,COURSE_986F248A2D8A
STUDENT_1989881E6350,1EB8DAB,COURSE_1EB8DABCEE22
STUDENT_1989881E6350,EC38A74,COURSE_EC38A741879B
STUDENT_1989881E6350,6AE5916,COURSE_6AE5916D0725
STUDENT_1989881E6350,D60A15E,COURSE_D60A15E39D9C
STUDENT_1989881E6350,9F8E751,COURSE_9F8E7511D62C
STUDENT_1989881E6350,CE06967,COURSE_CE06967084F9
STUDENT_EDB581143AEC,9031CED,COURSE_9031CEDB50FD
STUDENT_EDB581143AEC,58B4C36,COURSE_58B4C3685A81
STUDENT_EDB581143AEC,B4B5B8E,COURSE_B4B5B8E85C6D
STUDENT_EDB581143AEC,F911ACE,COURSE_F911ACEAA7B5
STUDENT_EDB581143AEC,91BFF3B,COURSE_91BFF3B09E00
STUDENT_EDB581143AEC,C40C59E,COURSE_C40C59E77909
STUDENT_385D80DC491F,6E363D6,COURSE_6E363D600BA1
STUDENT_385D80DC491F,8928BF4,COURSE_8928BF411C22
STUDENT_385D80DC491F,342173B,COURSE_342173B29394
STUDENT_385D80DC491F,9772A41,COURSE_9772A418992F
STUDENT_385D80DC491F,C40C59E,COURSE_C40C59E77909
STUDENT_0C6924306AD2,157E49E,COURSE_157E49E5EB6E
STUDENT_0C6924306AD2,30902F4,COURSE_30902F436CC4
STUDENT_0C6924306AD2,83D7482,COURSE_83D748271771
STUDENT_0C6924306AD2,B936E4C,COURSE_B936E4CB244C
STUDENT_0C6924306AD2,28DA87B,COURSE_28DA87BD0111
STUDENT_89830C42474D,BF0C1E7,COURSE_BF0C1E79B695
STUDENT_89830C42474D,EC38A74,COURSE_EC38A741879B
STUDENT_7D8F7CD76ACB,D83CCF6,COURSE_D83CCF67F12C
STUDENT_7D8F7CD76ACB,1955497,COURSE_19554970F628
STUDENT_7D8F7CD76ACB,500C8E8,COURSE_500C8E8E485C
STUDENT_7D8F7CD76ACB,47510C7,COURSE_47510C7D6B2A
STUDENT_7D8F7CD76ACB,5DB4771,COURSE_5DB4771B0A79
STUDENT_7D8F7CD76ACB,165B6EC,COURSE_165B6EC64386
STUDENT_54F5DB85D0C1,D4B3043,COURSE_D4B30433AFFD
STUDENT_D775DF3DB35E,6E363D6,COURSE_6E363D600BA1
STUDENT_D775DF3DB35E,8928BF4,COURSE_8928BF411C22
STUDENT_D775DF3DB35E,342173B,COURSE_342173B29394
STUDENT_D775DF3DB35E,80EAE88,COURSE_80EAE885256A
STUDENT_D775DF3DB35E,C40C59E,COURSE_C40C59E77909
STUDENT_249873530AD8,47E4DB4,COURSE_47E4DB4D9F6E
STUDENT_249873530AD8,28DA87B,COURSE_28DA87BD0111
STUDENT_249873530AD8,3A124DB,COURSE_3A124DB43FF4
STUDENT_249873530AD8,4F8DAE0,COURSE_4F8DAE02A7A0
STUDENT_249873530AD8,5DB4771,COURSE_5DB4771B0A79
STUDENT_789E0AC626D3,0173213,COURSE_0173213F93B6
STUDENT_789E0AC626D3,9B598F9,COURSE_9B598F9EC811
STUDENT_789E0AC626D3,A0EFB23,COURSE_A0EFB237A2A4
STUDENT_789E0AC626D3,D4B3043,COURSE_D4B30433AFFD
STUDENT_766238412783,6AE5916,COURSE_6AE5916D0725
STUDENT_720CC9C5871A,1EB8DAB,COURSE_1EB8DABCEE22
STUDENT_720CC9C5871A,EC38A74,COURSE_EC38A741879B
STUDENT_720CC9C5871A,6AE5916,COURSE_6AE5916D0725
STUDENT_720CC9C5871A,9F8E751,COURSE_9F8E7511D62C
STUDENT_720CC9C5871A,CE06967,COURSE_CE06967084F9
STUDENT_720CC9C5871A,D4B3043,COURSE_D4B30433AFFD
STUDENT_42010AF70BA9,D83CCF6,COURSE_D83CCF67F12C
STUDENT_42010AF70BA9,1955497,COURSE_19554970F628
STUDENT_42010AF70BA9,500C8E8,COURSE_500C8E8E485C
STUDENT_42010AF70BA9,5DB4771,COURSE_5DB4771B0A79
STUDENT_42010AF70BA9,4E4632B,COURSE_4E4632BBE56E
STUDENT_42010AF70BA9,165B6EC,COURSE_165B6EC64386
STUDENT_FE22F208988B,D83CCF6,COURSE_D83CCF67F12C
STUDENT_FE22F208988B,1955497,COURSE_19554970F628
STUDENT_FE22F208988B,500C8E8,COURSE_500C8E8E485C
STUDENT_FE22F208988B,47510C7,COURSE_47510C7D6B2A
STUDENT_FE22F208988B,5DB4771,COURSE_5DB4771B0A79
STUDENT_FE22F208988B,165B6EC,COURSE_165B6EC64386
STUDENT_7EA3796C84DF,157E49E,COURSE_157E49E5EB6E
STUDENT_7EA3796C84DF,190013B,COURSE_190013BFF7C1
STUDENT_7EA3796C84DF,3A566B2,COURSE_3A566B2FDF91
STUDENT_7EA3796C84DF,61C7475,COURSE_61C74758B507
STUDENT_7EA3796C84DF,2272A89,COURSE_2272A89A56F1
STUDENT_32C113E7DE76,BB7F370,COURSE_BB7F370548AA
STUDENT_32C113E7DE76,0173213,COURSE_0173213F93B6
STUDENT_32C113E7DE76,6AEB855,COURSE_6AEB8553B28E
STUDENT_32C113E7DE76,F34ADCC,COURSE_F34ADCCF6010
STUDENT_32C113E7DE76,3444FA0,COURSE_3444FA0063FE
STUDENT_EFA2D9FCB6A3,90C1B72,COURSE_90C1B7254FDD
STUDENT_EFA2D9FCB6A3,645A680,COURSE_645A680E52B7
STUDENT_EFA2D9FCB6A3,0186BC3,COURSE_0186BC3B6640
STUDENT_EFA2D9FCB6A3,AFF1D77,COURSE_AFF1D77BF8D8
STUDENT_35DC5C3D6F3C,C79A295,COURSE_C79A295DA02B
STUDENT_35DC5C3D6F3C,3F1B128,COURSE_3F1B1281DACC
STUDENT_35DC5C3D6F3C,2B7ADA6,COURSE_2B7ADA67C898
STUDENT_35DC5C3D6F3C,355947D,COURSE_355947D15102
STUDENT_35DC5C3D6F3C,3A124DB,COURSE_3A124DB43FF4
STUDENT_A78CA033A4F1,28DA87B,COURSE_28DA87BD0111
STUDENT_A78CA033A4F1,383B616,COURSE_383B6165A0C6
STUDENT_A78CA033A4F1,81F8284,COURSE_81F8284E70A1
STUDENT_A78CA033A4F1,6BF0AA9,COURSE_6BF0AA9F243F
STUDENT_A78CA033A4F1,6B4B9A8,COURSE_6B4B9A851F21
STUDENT_DC468840BB70,3895DF1,COURSE_3895DF1B2396
STUDENT_DC468840BB70,1EB8DAB,COURSE_1EB8DABCEE22
STUDENT_DC468840BB70,EC38A74,COURSE_EC38A741879B
STUDENT_DC468840BB70,6AE5916,COURSE_6AE5916D0725
STUDENT_DC468840BB70,D60A15E,COURSE_D60A15E39D9C
STUDENT_DC468840BB70,9F8E751,COURSE_9F8E7511D62C
STUDENT_DC468840BB70,9C6DF31,COURSE_9C6DF318F006
STUDENT_51322B5FF1D3,D83CCF6,COURSE_D83CCF67F12C
STUDENT_51322B5FF1D3,1955497,COURSE_19554970F628
STUDENT_51322B5FF1D3,500C8E8,COURSE_500C8E8E485C
STUDENT_51322B5FF1D3,47510C7,COURSE_47510C7D6B2A
STUDENT_51322B5FF1D3,5DB4771,COURSE_5DB4771B0A79
STUDENT_51322B5FF1D3,165B6EC,COURSE_165B6EC64386
STUDENT_2AD8F9D1985D,D83CCF6,COURSE_D83CCF67F12C
STUDENT_2AD8F9D1985D,1955497,COURSE_19554970F628
STUDENT_2AD8F9D1985D,500C8E8,COURSE_500C8E8E485C
STUDENT_2AD8F9D1985D,47510C7,COURSE_47510C7D6B2A
STUDENT_2AD8F9D1985D,5DB4771,COURSE_5DB4771B0A79
STUDENT_2AD8F9D1985D,165B6EC,COURSE_165B6EC64386
STUDENT_89F3B21F0E12,3F1B128,COURSE_3F1B1281DACC
STUDENT_89F3B21F0E12,64056FA,COURSE_64056FA06151
STUDENT_89F3B21F0E12,BB7F370,COURSE_BB7F370548AA
STUDENT_89F3B21F0E12,0173213,COURSE_0173213F93B6
STUDENT_89F3B21F0E12,D5957F4,COURSE_D5957F457326
STUDENT_89F3B21F0E12,E1A4EFE,COURSE_E1A4EFE9B9B1
STUDENT_94E885517FCE,3F1B128,COURSE_3F1B1281DACC
STUDENT_94E885517FCE,64056FA,COURSE_64056FA06151
STUDENT_94E885517FCE,BB7F370,COURSE_BB7F370548AA
STUDENT_94E885517FCE,0173213,COURSE_0173213F93B6
STUDENT_94E885517FCE,D5957F4,COURSE_D5957F457326
STUDENT_94E885517FCE,F34ADCC,COURSE_F34ADCCF6010
STUDENT_67620F6F6035,3895DF1,COURSE_3895DF1B2396
STUDENT_67620F6F6035,500C8E8,COURSE_500C8E8E485C
STUDENT_67620F6F6035,47510C7,COURSE_47510C7D6B2A
STUDENT_67620F6F6035,5DB4771,COURSE_5DB4771B0A79
STUDENT_67620F6F6035,165B6EC,COURSE_165B6EC64386
STUDENT_67620F6F6035,A9C3CE0,COURSE_A9C3CE099531
STUDENT_C292660FE04A,3444FA0,COURSE_3444FA0063FE
STUDENT_C292660FE04A,6B4B9A8,COURSE_6B4B9A851F21
STUDENT_13883030A2AC,BB7F370,COURSE_BB7F370548AA
STUDENT_FBA96326AC9F,B4B5B8E,COURSE_B4B5B8E85C6D
STUDENT_FBA96326AC9F,EC38A74,COURSE_EC38A741879B
STUDENT_6F4A7509E7EA,121C1E5,COURSE_121C1E5CA81A
STUDENT_6F4A7509E7EA,4DFDBD5,COURSE_4DFDBD5A1EAB
STUDENT_6F4A7509E7EA,6F2977C,COURSE_6F2977CBA34F
STUDENT_6F4A7509E7EA,BAFD130,COURSE_BAFD130A3032
STUDENT_6F4A7509E7EA,CE06967,COURSE_CE06967084F9
STUDENT_6F4A7509E7EA,D4B3043,COURSE_D4B30433AFFD
STUDENT_E8A9C37E727D,D83CCF6,COURSE_D83CCF67F12C
STUDENT_E8A9C37E727D,1955497,COURSE_19554970F628
STUDENT_E8A9C37E727D,500C8E8,COURSE_500C8E8E485C
STUDENT_E8A9C37E727D,47510C7,COURSE_47510C7D6B2A
STUDENT_E8A9C37E727D,5DB4771,COURSE_5DB4771B0A79
STUDENT_E8A9C37E727D,165B6EC,COURSE_165B6EC64386
STUDENT_C0ABBFAB53E4,0186BC3,COURSE_0186BC3B6640
STUDENT_C0ABBFAB53E4,D4B3043,COURSE_D4B30433AFFD
STUDENT_CEE68253D7F7,91BFF3B,COURSE_91BFF3B09E00
STUDENT_CEE68253D7F7,64056FA,COURSE_64056FA06151
STUDENT_CEE68253D7F7,BB7F370,COURSE_BB7F370548AA
STUDENT_CEE68253D7F7,0173213,COURSE_0173213F93B6
STUDENT_CEE68253D7F7,D5957F4,COURSE_D5957F457326
STUDENT_4C5E7572D1EE,342173B,COURSE_342173B29394
STUDENT_4C5E7572D1EE,9772A41,COURSE_9772A418992F
STUDENT_425E99E6E9D0,986F248,COURSE_986F248A2D8A
STUDENT_3CA431E98D5C,6E363D6,COURSE_6E363D600BA1
STUDENT_3CA431E98D5C,91BFF3B,COURSE_91BFF3B09E00
STUDENT_560ABE88932F,4E2B40A,COURSE_4E2B40A02EA8
STUDENT_560ABE88932F,9F8E751,COURSE_9F8E7511D62C
STUDENT_702B7D25E111,07FFBA6,COURSE_07FFBA646CB9
STUDENT_74AF5EA83CED,1955497,COURSE_19554970F628
STUDENT_74AF5EA83CED,500C8E8,COURSE_500C8E8E485C
STUDENT_74AF5EA83CED,47510C7,COURSE_47510C7D6B2A
STUDENT_74AF5EA83CED,5DB4771,COURSE_5DB4771B0A79
STUDENT_74AF5EA83CED,165B6EC,COURSE_165B6EC64386
STUDENT_74AF5EA83CED,A9C3CE0,COURSE_A9C3CE099531
STUDENT_6D1FB2E906C3,9316CD4,COURSE_9316CD4D881E
STUDENT_6D1FB2E906C3,157E49E,COURSE_157E49E5EB6E
STUDENT_6D1FB2E906C3,30902F4,COURSE_30902F436CC4
STUDENT_6D1FB2E906C3,83D7482,COURSE_83D748271771
STUDENT_6D1FB2E906C3,B936E4C,COURSE_B936E4CB244C
STUDENT_30267FD4E4B6,157E49E,COURSE_157E49E5EB6E
STUDENT_30267FD4E4B6,A419E04,COURSE_A419E04C917F
STUDENT_30267FD4E4B6,9316CD4,COURSE_9316CD4D881E
STUDENT_30267FD4E4B6,69DBF44,COURSE_69DBF44B3D90
STUDENT_BE699A5404E9,9316CD4,COURSE_9316CD4D881E
STUDENT_BE699A5404E9,30902F4,COURSE_30902F436CC4
STUDENT_BE699A5404E9,83D7482,COURSE_83D748271771
STUDENT_BE699A5404E9,B936E4C,COURSE_B936E4CB244C
STUDENT_14CC608CEF5E,383B616,COURSE_383B6165A0C6
STUDENT_14CC608CEF5E,81F8284,COURSE_81F8284E70A1
STUDENT_14CC608CEF5E,81AC608,COURSE_81AC608D129E
STUDENT_14CC608CEF5E,847CF53,COURSE_847CF537763E
STUDENT_BA1F28EECC31,9316CD4,COURSE_9316CD4D881E
STUDENT_BA1F28EECC31,FF52A45,COURSE_FF52A456A828
STUDENT_BA1F28EECC31,AFFC57F,COURSE_AFFC57FABE98
STUDENT_BA1F28EECC31,9E6B1F1,COURSE_9E6B1F18531F
STUDENT_BA1F28EECC31,AFF1D77,COURSE_AFF1D77BF8D8
STUDENT_4749D2FFB227,D83CCF6,COURSE_D83CCF67F12C
STUDENT_4749D2FFB227,1955497,COURSE_19554970F628
STUDENT_4749D2FFB227,500C8E8,COURSE_500C8E8E485C
STUDENT_4749D2FFB227,47510C7,COURSE_47510C7D6B2A
STUDENT_4749D2FFB227,5DB4771,COURSE_5DB4771B0A79
STUDENT_4749D2FFB227,165B6EC,COURSE_165B6EC64386
STUDENT_7927DFE0F0C9,FF52A45,COURSE_FF52A456A828
STUDENT_7927DFE0F0C9,88A5BB2,COURSE_88A5BB2A9E50
STUDENT_7927DFE0F0C9,2A9F863,COURSE_2A9F8630D88C
STUDENT_7927DFE0F0C9,BAFD130,COURSE_BAFD130A3032
STUDENT_7927DFE0F0C9,2271E57,COURSE_2271E57A6113
STUDENT_7927DFE0F0C9,A50759E,COURSE_A50759E88C40
STUDENT_A334E8B171E8,47E4DB4,COURSE_47E4DB4D9F6E
STUDENT_A334E8B171E8,28DA87B,COURSE_28DA87BD0111
STUDENT_A334E8B171E8,3A124DB,COURSE_3A124DB43FF4
STUDENT_A334E8B171E8,4F8DAE0,COURSE_4F8DAE02A7A0
STUDENT_A334E8B171E8,5DB4771,COURSE_5DB4771B0A79
STUDENT_D8952B42F1E6,9316CD4,COURSE_9316CD4D881E
STUDENT_D8952B42F1E6,DF6FC47,COURSE_DF6FC470A7CD
STUDENT_D8952B42F1E6,DBC12C3,COURSE_DBC12C371F89
STUDENT_D8952B42F1E6,5CB16CB,COURSE_5CB16CB795C3
STUDENT_D8952B42F1E6,66A6CAF,COURSE_66A6CAFEFBDE
STUDENT_5F4AA44E6F3C,C40C59E,COURSE_C40C59E77909
STUDENT_5F4AA44E6F3C,342173B,COURSE_342173B29394
STUDENT_5F4AA44E6F3C,4457B1D,COURSE_4457B1DB75EA
STUDENT_531C7494C516,58B4C36,COURSE_58B4C3685A81
STUDENT_531C7494C516,B4B5B8E,COURSE_B4B5B8E85C6D
STUDENT_531C7494C516,F911ACE,COURSE_F911ACEAA7B5
STUDENT_531C7494C516,4457B1D,COURSE_4457B1DB75EA
STUDENT_531C7494C516,91BFF3B,COURSE_91BFF3B09E00
STUDENT_531C7494C516,80EAE88,COURSE_80EAE885256A
STUDENT_C267BDB12CB1,47E4DB4,COURSE_47E4DB4D9F6E
STUDENT_C267BDB12CB1,28DA87B,COURSE_28DA87BD0111
STUDENT_C267BDB12CB1,3A124DB,COURSE_3A124DB43FF4
STUDENT_C267BDB12CB1,4F8DAE0,COURSE_4F8DAE02A7A0
STUDENT_C267BDB12CB1,5DB4771,COURSE_5DB4771B0A79
STUDENT_D8374D491A64,1AA2066,COURSE_1AA20669074A
STUDENT_D8374D491A64,121C1E5,COURSE_121C1E5CA81A
STUDENT_D8374D491A64,4DFDBD5,COURSE_4DFDBD5A1EAB
STUDENT_D8374D491A64,6F2977C,COURSE_6F2977CBA34F
STUDENT_D8374D491A64,C0809A7,COURSE_C0809A768480
STUDENT_D8374D491A64,49EFDEC,COURSE_49EFDEC4AD22
STUDENT_57002D76AA1D,C79A295,COURSE_C79A295DA02B
STUDENT_57002D76AA1D,3F1B128,COURSE_3F1B1281DACC
STUDENT_57002D76AA1D,2B7ADA6,COURSE_2B7ADA67C898
STUDENT_57002D76AA1D,355947D,COURSE_355947D15102
STUDENT_57002D76AA1D,3544086,COURSE_354408622855
STUDENT_67028761444B,6F2977C,COURSE_6F2977CBA34F
STUDENT_67028761444B,6913DA1,COURSE_6913DA13F5CD
STUDENT_67028761444B,2271E57,COURSE_2271E57A6113
STUDENT_67028761444B,653E100,COURSE_653E100DE826
STUDENT_67028761444B,9057D89,COURSE_9057D894165E
STUDENT_CC645F6B7557,6913DA1,COURSE_6913DA13F5CD
STUDENT_CC645F6B7557,F8FF4AF,COURSE_F8FF4AFC0BCD
STUDENT_CC645F6B7557,2271E57,COURSE_2271E57A6113
STUDENT_CC645F6B7557,653E100,COURSE_653E100DE826
STUDENT_CC645F6B7557,D5557C5,COURSE_D5557C5D2419
STUDENT_C924FC2B82A7,C79A295,COURSE_C79A295DA02B
STUDENT_C924FC2B82A7,3F1B128,COURSE_3F1B1281DACC
STUDENT_C924FC2B82A7,2B7ADA6,COURSE_2B7ADA67C898
STUDENT_C924FC2B82A7,355947D,COURSE_355947D15102
STUDENT_C924FC2B82A7,3544086,COURSE_354408622855
STUDENT_F47B87DBE069,AFF1D77,COURSE_AFF1D77BF8D8
STUDENT_F47B87DBE069,157E49E,COURSE_157E49E5EB6E
STUDENT_F47B87DBE069,A419E04,COURSE_A419E04C917F
STUDENT_F47B87DBE069,9316CD4,COURSE_9316CD4D881E
STUDENT_F47B87DBE069,69DBF44,COURSE_69DBF44B3D90
STUDENT_7032154B5ED2,9E6B1F1,COURSE_9E6B1F18531F
STUDENT_7032154B5ED2,BAFD130,COURSE_BAFD130A3032
STUDENT_7032154B5ED2,190013B,COURSE_190013BFF7C1
STUDENT_7032154B5ED2,3A566B2,COURSE_3A566B2FDF91
STUDENT_7032154B5ED2,61C7475,COURSE_61C74758B507
STUDENT_7032154B5ED2,2272A89,COURSE_2272A89A56F1
STUDENT_82B20F1DC018,6E363D6,COURSE_6E363D600BA1
STUDENT_82B20F1DC018,8928BF4,COURSE_8928BF411C22
STUDENT_82B20F1DC018,342173B,COURSE_342173B29394
STUDENT_82B20F1DC018,80EAE88,COURSE_80EAE885256A
STUDENT_82B20F1DC018,E00D025,COURSE_E00D02523E87
STUDENT_10145D325C0E,80EAE88,COURSE_80EAE885256A
STUDENT_10145D325C0E,250D49A,COURSE_250D49A6137B
STUDENT_10145D325C0E,32D5691,COURSE_32D569186237
STUDENT_10145D325C0E,24A18A5,COURSE_24A18A5B3FF2
STUDENT_10145D325C0E,F2EB940,COURSE_F2EB940C16DE
STUDENT_2CD2EA5EF185,157E49E,COURSE_157E49E5EB6E
STUDENT_2CD2EA5EF185,A419E04,COURSE_A419E04C917F
STUDENT_2CD2EA5EF185,9316CD4,COURSE_9316CD4D881E
STUDENT_2CD2EA5EF185,69DBF44,COURSE_69DBF44B3D90
STUDENT_BA44CA723F63,D83CCF6,COURSE_D83CCF67F12C
STUDENT_BA44CA723F63,1955497,COURSE_19554970F628
STUDENT_BA44CA723F63,500C8E8,COURSE_500C8E8E485C
STUDENT_BA44CA723F63,47510C7,COURSE_47510C7D6B2A
STUDENT_BA44CA723F63,5DB4771,COURSE_5DB4771B0A79
STUDENT_BA44CA723F63,165B6EC,COURSE_165B6EC64386
STUDENT_8B237E59B38C,DF6FC47,COURSE_DF6FC470A7CD
STUDENT_8B237E59B38C,DBC12C3,COURSE_DBC12C371F89
STUDENT_8B237E59B38C,5CB16CB,COURSE_5CB16CB795C3
STUDENT_8B237E59B38C,1330BF6,COURSE_1330BF611256
STUDENT_E5901C3DC7BD,F2EB940,COURSE_F2EB940C16DE
STUDENT_E5901C3DC7BD,190013B,COURSE_190013BFF7C1
STUDENT_E5901C3DC7BD,3A566B2,COURSE_3A566B2FDF91
STUDENT_E5901C3DC7BD,61C7475,COURSE_61C74758B507
STUDENT_E5901C3DC7BD,2272A89,COURSE_2272A89A56F1
STUDENT_1567F5D45034,157E49E,COURSE_157E49E5EB6E
STUDENT_1567F5D45034,A419E04,COURSE_A419E04C917F
STUDENT_1567F5D45034,9316CD4,COURSE_9316CD4D881E
STUDENT_1567F5D45034,69DBF44,COURSE_69DBF44B3D90
STUDENT_347853CBE17C,157E49E,COURSE_157E49E5EB6E
STUDENT_347853CBE17C,A419E04,COURSE_A419E04C917F
STUDENT_347853CBE17C,9316CD4,COURSE_9316CD4D881E
STUDENT_347853CBE17C,69DBF44,COURSE_69DBF44B3D90
STUDENT_B28CB192D710,D83CCF6,COURSE_D83CCF67F12C
STUDENT_B28CB192D710,1955497,COURSE_19554970F628
STUDENT_B28CB192D710,500C8E8,COURSE_500C8E8E485C
STUDENT_B28CB192D710,47510C7,COURSE_47510C7D6B2A
STUDENT_B28CB192D710,5DB4771,COURSE_5DB4771B0A79
STUDENT_B28CB192D710,165B6EC,COURSE_165B6EC64386
STUDENT_59904D03F8FC,6913DA1,COURSE_6913DA13F5CD
STUDENT_59904D03F8FC,F8FF4AF,COURSE_F8FF4AFC0BCD
STUDENT_59904D03F8FC,D5557C5,COURSE_D5557C5D2419
STUDENT_4BFABC71E56F,157E49E,COURSE_157E49E5EB6E
STUDENT_4BFABC71E56F,A419E04,COURSE_A419E04C917F
STUDENT_4BFABC71E56F,9316CD4,COURSE_9316CD4D881E
STUDENT_4BFABC71E56F,69DBF44,COURSE_69DBF44B3D90
STUDENT_1350E0DB4081,6E363D6,COURSE_6E363D600BA1
STUDENT_1350E0DB4081,8928BF4,COURSE_8928BF411C22
STUDENT_1350E0DB4081,342173B,COURSE_342173B29394
STUDENT_1350E0DB4081,9772A41,COURSE_9772A418992F
STUDENT_1350E0DB4081,E00D025,COURSE_E00D02523E87
STUDENT_9230CB05E135,121C1E5,COURSE_121C1E5CA81A
STUDENT_9230CB05E135,4DFDBD5,COURSE_4DFDBD5A1EAB
STUDENT_9230CB05E135,C0809A7,COURSE_C0809A768480
STUDENT_9230CB05E135,4E2B40A,COURSE_4E2B40A02EA8
STUDENT_9230CB05E135,1C5D6A5,COURSE_1C5D6A56EC25
STUDENT_9230CB05E135,F2EB940,COURSE_F2EB940C16DE
STUDENT_8E6D8EF42757,6E363D6,COURSE_6E363D600BA1
STUDENT_8E6D8EF42757,8928BF4,COURSE_8928BF411C22
STUDENT_8E6D8EF42757,342173B,COURSE_342173B29394
STUDENT_8E6D8EF42757,9772A41,COURSE_9772A418992F
STUDENT_8E6D8EF42757,E00D025,COURSE_E00D02523E87
STUDENT_268619E169AD,258D4B8,COURSE_258D4B85BE0B
STUDENT_268619E169AD,FF52A45,COURSE_FF52A456A828
STUDENT_268619E169AD,AFFC57F,COURSE_AFFC57FABE98
STUDENT_268619E169AD,9E6B1F1,COURSE_9E6B1F18531F
STUDENT_268619E169AD,AFF1D77,COURSE_AFF1D77BF8D8
STUDENT_01CB80A74AD4,47E4DB4,COURSE_47E4DB4D9F6E
STUDENT_01CB80A74AD4,28DA87B,COURSE_28DA87BD0111
STUDENT_01CB80A74AD4,3A124DB,COURSE_3A124DB43FF4
STUDENT_01CB80A74AD4,4F8DAE0,COURSE_4F8DAE02A7A0
STUDENT_01CB80A74AD4,5DB4771,COURSE_5DB4771B0A79
STUDENT_7789067F745C,157E49E,COURSE_157E49E5EB6E
STUDENT_7789067F745C,A419E04,COURSE_A419E04C917F
STUDENT_7789067F745C,9316CD4,COURSE_9316CD4D881E
STUDENT_7789067F745C,69DBF44,COURSE_69DBF44B3D90
STUDENT_4BE2A513B54C,FF52A45,COURSE_FF52A456A828
STUDENT_4BE2A513B54C,88A5BB2,COURSE_88A5BB2A9E50
STUDENT_4BE2A513B54C,2A9F863,COURSE_2A9F8630D88C
STUDENT_4BE2A513B54C,BAFD130,COURSE_BAFD130A3032
STUDENT_4BE2A513B54C,9F8E751,COURSE_9F8E7511D62C
STUDENT_4BE2A513B54C,CE06967,COURSE_CE06967084F9
STUDENT_931A123A7F00,C40C59E,COURSE_C40C59E77909
STUDENT_931A123A7F00,B4B5B8E,COURSE_B4B5B8E85C6D
STUDENT_931A123A7F00,4457B1D,COURSE_4457B1DB75EA
STUDENT_D23CA2458F2F,A419E04,COURSE_A419E04C917F
STUDENT_D23CA2458F2F,69DBF44,COURSE_69DBF44B3D90
STUDENT_D23CA2458F2F,258D4B8,COURSE_258D4B85BE0B
STUDENT_D23CA2458F2F,9316CD4,COURSE_9316CD4D881E
STUDENT_D23CA2458F2F,157E49E,COURSE_157E49E5EB6E
STUDENT_22AE8763C268,C0809A7,COURSE_C0809A768480
STUDENT_22AE8763C268,653E100,COURSE_653E100DE826
STUDENT_07C5607D2489,8928BF4,COURSE_8928BF411C22
STUDENT_07C5607D2489,C79A295,COURSE_C79A295DA02B
STUDENT_07C5607D2489,3F1B128,COURSE_3F1B1281DACC
STUDENT_07C5607D2489,2B7ADA6,COURSE_2B7ADA67C898
STUDENT_07C5607D2489,355947D,COURSE_355947D15102
STUDENT_8C53115856C3,6913DA1,COURSE_6913DA13F5CD
STUDENT_8C53115856C3,2271E57,COURSE_2271E57A6113
STUDENT_8C53115856C3,653E100,COURSE_653E100DE826
STUDENT_8C53115856C3,9057D89,COURSE_9057D894165E
STUDENT_8C53115856C3,9F8E751,COURSE_9F8E7511D62C
STUDENT_B39FBD2F8C07,EC38A74,COURSE_EC38A741879B
STUDENT_B39FBD2F8C07,EE22381,COURSE_EE2238133323
STUDENT_B39FBD2F8C07,6AE5916,COURSE_6AE5916D0725
STUDENT_B39FBD2F8C07,D60A15E,COURSE_D60A15E39D9C
STUDENT_B39FBD2F8C07,9F8E751,COURSE_9F8E7511D62C
STUDENT_B39FBD2F8C07,CE06967,COURSE_CE06967084F9
STUDENT_B39FBD2F8C07,C834FC6,COURSE_C834FC623CA7
STUDENT_CC279A59DCF7,47E4DB4,COURSE_47E4DB4D9F6E
STUDENT_CC279A59DCF7,28DA87B,COURSE_28DA87BD0111
STUDENT_CC279A59DCF7,3A124DB,COURSE_3A124DB43FF4
STUDENT_CC279A59DCF7,4F8DAE0,COURSE_4F8DAE02A7A0
STUDENT_CC279A59DCF7,5DB4771,COURSE_5DB4771B0A79
STUDENT_2840C8172F35,2AB210B,COURSE_2AB210BBEC8C
STUDENT_E93A1C34D313,121C1E5,COURSE_121C1E5CA81A
STUDENT_E93A1C34D313,C0809A7,COURSE_C0809A768480
STUDENT_E93A1C34D313,6913DA1,COURSE_6913DA13F5CD
STUDENT_E93A1C34D313,2271E57,COURSE_2271E57A6113
STUDENT_E93A1C34D313,9057D89,COURSE_9057D894165E
STUDENT_E6C5A76F4EEC,258D4B8,COURSE_258D4B85BE0B
STUDENT_E6C5A76F4EEC,9316CD4,COURSE_9316CD4D881E
STUDENT_E6C5A76F4EEC,FF52A45,COURSE_FF52A456A828
STUDENT_E6C5A76F4EEC,AFFC57F,COURSE_AFFC57FABE98
STUDENT_E6C5A76F4EEC,9E6B1F1,COURSE_9E6B1F18531F
STUDENT_E6C5A76F4EEC,AFF1D77,COURSE_AFF1D77BF8D8
STUDENT_99AD6D7A1249,DF6FC47,COURSE_DF6FC470A7CD
STUDENT_99AD6D7A1249,DBC12C3,COURSE_DBC12C371F89
STUDENT_99AD6D7A1249,5CB16CB,COURSE_5CB16CB795C3
STUDENT_99AD6D7A1249,66A6CAF,COURSE_66A6CAFEFBDE
STUDENT_99AD6D7A1249,5DCF966,COURSE_5DCF966FA1E3
STUDENT_F1863A799A21,D83CCF6,COURSE_D83CCF67F12C
STUDENT_F1863A799A21,1955497,COURSE_19554970F628
STUDENT_F1863A799A21,500C8E8,COURSE_500C8E8E485C
STUDENT_F1863A799A21,47510C7,COURSE_47510C7D6B2A
STUDENT_F1863A799A21,5DB4771,COURSE_5DB4771B0A79
STUDENT_F1863A799A21,165B6EC,COURSE_165B6EC64386
STUDENT_336D82128FA0,58B4C36,COURSE_58B4C3685A81
STUDENT_336D82128FA0,B4B5B8E,COURSE_B4B5B8E85C6D
STUDENT_336D82128FA0,F911ACE,COURSE_F911ACEAA7B5
STUDENT_336D82128FA0,4457B1D,COURSE_4457B1DB75EA
STUDENT_336D82128FA0,91BFF3B,COURSE_91BFF3B09E00
STUDENT_336D82128FA0,80EAE88,COURSE_80EAE885256A
STUDENT_5C3EE158EE71,383B616,COURSE_383B6165A0C6
STUDENT_5C3EE158EE71,81F8284,COURSE_81F8284E70A1
STUDENT_5C3EE158EE71,81AC608,COURSE_81AC608D129E
STUDENT_5C3EE158EE71,847CF53,COURSE_847CF537763E
STUDENT_FD62705ECA01,80EAE88,COURSE_80EAE885256A
STUDENT_FD62705ECA01,250D49A,COURSE_250D49A6137B
STUDENT_FD62705ECA01,32D5691,COURSE_32D569186237
STUDENT_FD62705ECA01,24A18A5,COURSE_24A18A5B3FF2
STUDENT_FD62705ECA01,F2EB940,COURSE_F2EB940C16DE
STUDENT_E77B9F02309B,9E6B1F1,COURSE_9E6B1F18531F
STUDENT_E77B9F02309B,BAFD130,COURSE_BAFD130A3032
STUDENT_DE351BF11C4F,C79A295,COURSE_C79A295DA02B
STUDENT_DE351BF11C4F,3F1B128,COURSE_3F1B1281DACC
STUDENT_DE351BF11C4F,2B7ADA6,COURSE_2B7ADA67C898
STUDENT_DE351BF11C4F,355947D,COURSE_355947D15102
STUDENT_DE351BF11C4F,E00D025,COURSE_E00D02523E87
STUDENT_3F7700BBDC6D,D83CCF6,COURSE_D83CCF67F12C
STUDENT_3F7700BBDC6D,1955497,COURSE_19554970F628
STUDENT_3F7700BBDC6D,500C8E8,COURSE_500C8E8E485C
STUDENT_3F7700BBDC6D,47510C7,COURSE_47510C7D6B2A
STUDENT_3F7700BBDC6D,5DB4771,COURSE_5DB4771B0A79
STUDENT_3F7700BBDC6D,165B6EC,COURSE_165B6EC64386
STUDENT_0506D0C1E6A9,1EB8DAB,COURSE_1EB8DABCEE22
STUDENT_0506D0C1E6A9,EC38A74,COURSE_EC38A741879B
STUDENT_0506D0C1E6A9,6AE5916,COURSE_6AE5916D0725
STUDENT_0506D0C1E6A9,9F8E751,COURSE_9F8E7511D62C
STUDENT_0506D0C1E6A9,62AD5B8,COURSE_62AD5B8ACE1A
STUDENT_0506D0C1E6A9,9C6DF31,COURSE_9C6DF318F006
STUDENT_0506D0C1E6A9,CE06967,COURSE_CE06967084F9
STUDENT_27A52F2524D0,C40C59E,COURSE_C40C59E77909
STUDENT_27A52F2524D0,9031CED,COURSE_9031CEDB50FD
STUDENT_27A52F2524D0,F911ACE,COURSE_F911ACEAA7B5
STUDENT_56AF5FBF036F,1AA2066,COURSE_1AA20669074A
STUDENT_56AF5FBF036F,121C1E5,COURSE_121C1E5CA81A
STUDENT_56AF5FBF036F,4DFDBD5,COURSE_4DFDBD5A1EAB
STUDENT_56AF5FBF036F,6F2977C,COURSE_6F2977CBA34F
STUDENT_56AF5FBF036F,4E2B40A,COURSE_4E2B40A02EA8
STUDENT_56AF5FBF036F,6913DA1,COURSE_6913DA13F5CD
STUDENT_98D4C137D24A,5D48D2E,COURSE_5D48D2E51549
STUDENT_98D4C137D24A,691E308,COURSE_691E308022A0
STUDENT_F11F82726AA3,47E4DB4,COURSE_47E4DB4D9F6E
STUDENT_F11F82726AA3,28DA87B,COURSE_28DA87BD0111
STUDENT_F11F82726AA3,3A124DB,COURSE_3A124DB43FF4
STUDENT_F11F82726AA3,4F8DAE0,COURSE_4F8DAE02A7A0
STUDENT_F11F82726AA3,5DB4771,COURSE_5DB4771B0A79
STUDENT_E93514153277,D83CCF6,COURSE_D83CCF67F12C
STUDENT_E93514153277,1955497,COURSE_19554970F628
STUDENT_E93514153277,500C8E8,COURSE_500C8E8E485C
STUDENT_E93514153277,47510C7,COURSE_47510C7D6B2A
STUDENT_E93514153277,5DB4771,COURSE_5DB4771B0A79
STUDENT_E93514153277,165B6EC,COURSE_165B6EC64386
STUDENT_3C328737AE15,383B616,COURSE_383B6165A0C6
STUDENT_3C328737AE15,81F8284,COURSE_81F8284E70A1
STUDENT_3C328737AE15,195AC94,COURSE_195AC942FF0E
STUDENT_3C328737AE15,75BD307,COURSE_75BD3070F668
STUDENT_9D6B9A7ADE4B,FCF20E6,COURSE_FCF20E6D19D8
STUDENT_9D6B9A7ADE4B,9F8E751,COURSE_9F8E7511D62C
STUDENT_3289C13A8C9A,80EAE88,COURSE_80EAE885256A
STUDENT_3289C13A8C9A,250D49A,COURSE_250D49A6137B
STUDENT_3289C13A8C9A,32D5691,COURSE_32D569186237
STUDENT_3289C13A8C9A,24A18A5,COURSE_24A18A5B3FF2
STUDENT_3289C13A8C9A,F2EB940,COURSE_F2EB940C16DE
STUDENT_E90C95D9E764,6E363D6,COURSE_6E363D600BA1
STUDENT_E90C95D9E764,8928BF4,COURSE_8928BF411C22
STUDENT_E90C95D9E764,342173B,COURSE_342173B29394
STUDENT_E90C95D9E764,9772A41,COURSE_9772A418992F
STUDENT_E90C95D9E764,A419E04,COURSE_A419E04C917F
STUDENT_4ACC42F0F228,9031CED,COURSE_9031CEDB50FD
STUDENT_4ACC42F0F228,58B4C36,COURSE_58B4C3685A81
STUDENT_4ACC42F0F228,B4B5B8E,COURSE_B4B5B8E85C6D
STUDENT_4ACC42F0F228,F911ACE,COURSE_F911ACEAA7B5
STUDENT_4ACC42F0F228,4457B1D,COURSE_4457B1DB75EA
STUDENT_4ACC42F0F228,91BFF3B,COURSE_91BFF3B09E00
STUDENT_DAEBF1321374,C40C59E,COURSE_C40C59E77909
STUDENT_DAEBF1321374,F911ACE,COURSE_F911ACEAA7B5
STUDENT_DAEBF1321374,4457B1D,COURSE_4457B1DB75EA
STUDENT_6F4C031EFDD0,C40C59E,COURSE_C40C59E77909
STUDENT_6F4C031EFDD0,9031CED,COURSE_9031CEDB50FD
STUDENT_6F4C031EFDD0,F911ACE,COURSE_F911ACEAA7B5
STUDENT_9B20B536C02D,A419E04,COURSE_A419E04C917F
STUDENT_9B20B536C02D,69DBF44,COURSE_69DBF44B3D90
STUDENT_9B20B536C02D,258D4B8,COURSE_258D4B85BE0B
STUDENT_9B20B536C02D,9316CD4,COURSE_9316CD4D881E
STUDENT_9B20B536C02D,47E4DB4,COURSE_47E4DB4D9F6E
STUDENT_16FB68335D91,D83CCF6,COURSE_D83CCF67F12C
STUDENT_16FB68335D91,1955497,COURSE_19554970F628
STUDENT_16FB68335D91,500C8E8,COURSE_500C8E8E485C
STUDENT_16FB68335D91,47510C7,COURSE_47510C7D6B2A
STUDENT_16FB68335D91,5DB4771,COURSE_5DB4771B0A79
STUDENT_16FB68335D91,165B6EC,COURSE_165B6EC64386
STUDENT_68A9173EC824,157E49E,COURSE_157E49E5EB6E
STUDENT_68A9173EC824,A419E04,COURSE_A419E04C917F
STUDENT_68A9173EC824,9316CD4,COURSE_9316CD4D881E
STUDENT_68A9173EC824,30902F4,COURSE_30902F436CC4
STUDENT_F0142AA0AB45,69DBF44,COURSE_69DBF44B3D90
STUDENT_F0142AA0AB45,9316CD4,COURSE_9316CD4D881E
STUDENT_F0142AA0AB45,30902F4,COURSE_30902F436CC4
STUDENT_F0142AA0AB45,83D7482,COURSE_83D748271771
STUDENT_F0142AA0AB45,B936E4C,COURSE_B936E4CB244C
STUDENT_857604817782,6913DA1,COURSE_6913DA13F5CD
STUDENT_857604817782,F8FF4AF,COURSE_F8FF4AFC0BCD
STUDENT_857604817782,2271E57,COURSE_2271E57A6113
STUDENT_857604817782,653E100,COURSE_653E100DE826
STUDENT_857604817782,D5557C5,COURSE_D5557C5D2419
STUDENT_6C3C410C3C65,3F1B128,COURSE_3F1B1281DACC
STUDENT_6C3C410C3C65,A419E04,COURSE_A419E04C917F
STUDENT_6C3C410C3C65,69DBF44,COURSE_69DBF44B3D90
STUDENT_6C3C410C3C65,258D4B8,COURSE_258D4B85BE0B
STUDENT_6C3C410C3C65,9316CD4,COURSE_9316CD4D881E
STUDENT_75F4B3067F79,80EAE88,COURSE_80EAE885256A
STUDENT_75F4B3067F79,FF52A45,COURSE_FF52A456A828
STUDENT_75F4B3067F79,88A5BB2,COURSE_88A5BB2A9E50
STUDENT_75F4B3067F79,2A9F863,COURSE_2A9F8630D88C
STUDENT_75F4B3067F79,BAFD130,COURSE_BAFD130A3032
STUDENT_75F4B3067F79,9F8E751,COURSE_9F8E7511D62C
STUDENT_143874EF3981,D4B3043,COURSE_D4B30433AFFD
STUDENT_143874EF3981,6513E08,COURSE_6513E08F6B17
STUDENT_B22A0F5C77A8,64056FA,COURSE_64056FA06151
STUDENT_B22A0F5C77A8,BB7F370,COURSE_BB7F370548AA
STUDENT_B22A0F5C77A8,0173213,COURSE_0173213F93B6
STUDENT_B22A0F5C77A8,D5957F4,COURSE_D5957F457326
STUDENT_B22A0F5C77A8,F34ADCC,COURSE_F34ADCCF6010
STUDENT_849A691A08D2,D83CCF6,COURSE_D83CCF67F12C
STUDENT_849A691A08D2,1955497,COURSE_19554970F628
STUDENT_849A691A08D2,500C8E8,COURSE_500C8E8E485C
STUDENT_849A691A08D2,47510C7,COURSE_47510C7D6B2A
STUDENT_849A691A08D2,5DB4771,COURSE_5DB4771B0A79
STUDENT_849A691A08D2,165B6EC,COURSE_165B6EC64386
STUDENT_85BED61D5D60,4DFDBD5,COURSE_4DFDBD5A1EAB
STUDENT_85BED61D5D60,C0809A7,COURSE_C0809A768480
STUDENT_85BED61D5D60,1C5D6A5,COURSE_1C5D6A56EC25
STUDENT_85BED61D5D60,BAFD130,COURSE_BAFD130A3032
STUDENT_85BED61D5D60,F2EB940,COURSE_F2EB940C16DE
STUDENT_85BED61D5D60,D4B3043,COURSE_D4B30433AFFD
STUDENT_8EF1CA3E916A,EC38A74,COURSE_EC38A741879B
STUDENT_8EF1CA3E916A,EE22381,COURSE_EE2238133323
STUDENT_8EF1CA3E916A,6AE5916,COURSE_6AE5916D0725
STUDENT_8EF1CA3E916A,D60A15E,COURSE_D60A15E39D9C
STUDENT_8EF1CA3E916A,9F8E751,COURSE_9F8E7511D62C
STUDENT_8EF1CA3E916A,CE06967,COURSE_CE06967084F9
STUDENT_8EF1CA3E916A,C834FC6,COURSE_C834FC623CA7
STUDENT_CF9105558D54,9316CD4,COURSE_9316CD4D881E
STUDENT_CF9105558D54,30902F4,COURSE_30902F436CC4
STUDENT_CF9105558D54,83D7482,COURSE_83D748271771
STUDENT_CF9105558D54,B936E4C,COURSE_B936E4CB244C
STUDENT_8454737B381C,A419E04,COURSE_A419E04C917F
STUDENT_8454737B381C,69DBF44,COURSE_69DBF44B3D90
STUDENT_8454737B381C,258D4B8,COURSE_258D4B85BE0B
STUDENT_8454737B381C,9316CD4,COURSE_9316CD4D881E
STUDENT_8454737B381C,F2EB940,COURSE_F2EB940C16DE
STUDENT_23ABF16DB7F0,3A566B2,COURSE_3A566B2FDF91
STUDENT_23ABF16DB7F0,47E4DB4,COURSE_47E4DB4D9F6E
STUDENT_23ABF16DB7F0,28DA87B,COURSE_28DA87BD0111
STUDENT_23ABF16DB7F0,3A124DB,COURSE_3A124DB43FF4
STUDENT_23ABF16DB7F0,4F8DAE0,COURSE_4F8DAE02A7A0
STUDENT_23ABF16DB7F0,5DB4771,COURSE_5DB4771B0A79
STUDENT_6C8EA10DC2DB,157E49E,COURSE_157E49E5EB6E
STUDENT_6C8EA10DC2DB,A419E04,COURSE_A419E04C917F
STUDENT_6C8EA10DC2DB,9316CD4,COURSE_9316CD4D881E
STUDENT_6C8EA10DC2DB,69DBF44,COURSE_69DBF44B3D90
STUDENT_6C8EA10DC2DB,83D7482,COURSE_83D748271771
STUDENT_EDD8B09505FC,121C1E5,COURSE_121C1E5CA81A
STUDENT_EDD8B09505FC,C0809A7,COURSE_C0809A768480
STUDENT_EDD8B09505FC,4E2B40A,COURSE_4E2B40A02EA8
STUDENT_EDD8B09505FC,1C5D6A5,COURSE_1C5D6A56EC25
STUDENT_EDD8B09505FC,653E100,COURSE_653E100DE826
STUDENT_EDD8B09505FC,9057D89,COURSE_9057D894165E
STUDENT_D6A5D315AD36,D83CCF6,COURSE_D83CCF67F12C
STUDENT_D6A5D315AD36,1955497,COURSE_19554970F628
STUDENT_D6A5D315AD36,500C8E8,COURSE_500C8E8E485C
STUDENT_D6A5D315AD36,47510C7,COURSE_47510C7D6B2A
STUDENT_D6A5D315AD36,5DB4771,COURSE_5DB4771B0A79
STUDENT_D6A5D315AD36,165B6EC,COURSE_165B6EC64386
STUDENT_4B6777E8928B,157E49E,COURSE_157E49E5EB6E
STUDENT_4B6777E8928B,A419E04,COURSE_A419E04C917F
STUDENT_4B6777E8928B,9316CD4,COURSE_9316CD4D881E
STUDENT_4B6777E8928B,69DBF44,COURSE_69DBF44B3D90
STUDENT_C93CDE4ED463,58B4C36,COURSE_58B4C3685A81
STUDENT_C93CDE4ED463,B4B5B8E,COURSE_B4B5B8E85C6D
STUDENT_C93CDE4ED463,F911ACE,COURSE_F911ACEAA7B5
STUDENT_C93CDE4ED463,91BFF3B,COURSE_91BFF3B09E00
STUDENT_C93CDE4ED463,80EAE88,COURSE_80EAE885256A
STUDENT_C93CDE4ED463,6513E08,COURSE_6513E08F6B17
STUDENT_B763F5C4CDA3,D4B3043,COURSE_D4B30433AFFD
STUDENT_B763F5C4CDA3,6513E08,COURSE_6513E08F6B17
STUDENT_5415CE62BCE4,6E363D6,COURSE_6E363D600BA1
STUDENT_5415CE62BCE4,8928BF4,COURSE_8928BF411C22
STUDENT_5415CE62BCE4,342173B,COURSE_342173B29394
STUDENT_5415CE62BCE4,80EAE88,COURSE_80EAE885256A
STUDENT_5415CE62BCE4,C40C59E,COURSE_C40C59E77909
STUDENT_F7C757FAC8CF,2271E57,COURSE_2271E57A6113
STUDENT_F7C757FAC8CF,653E100,COURSE_653E100DE826
STUDENT_F7C757FAC8CF,691E308,COURSE_691E308022A0
STUDENT_E6D2CF4ADF9D,C79A295,COURSE_C79A295DA02B
STUDENT_E6D2CF4ADF9D,3F1B128,COURSE_3F1B1281DACC
STUDENT_E6D2CF4ADF9D,2B7ADA6,COURSE_2B7ADA67C898
STUDENT_E6D2CF4ADF9D,355947D,COURSE_355947D15102
STUDENT_E6D2CF4ADF9D,E00D025,COURSE_E00D02523E87
STUDENT_D77427ED8240,4F3752C,COURSE_4F3752CD456B
STUDENT_D77427ED8240,B9EED81,COURSE_B9EED8153A7D
STUDENT_D77427ED8240,099DA73,COURSE_099DA73E98E3
STUDENT_D77427ED8240,1330BF6,COURSE_1330BF611256
STUDENT_CFB2FE384F6B,EC38A74,COURSE_EC38A741879B
STUDENT_CFB2FE384F6B,EE22381,COURSE_EE2238133323
STUDENT_CFB2FE384F6B,6AE5916,COURSE_6AE5916D0725
STUDENT_CFB2FE384F6B,D60A15E,COURSE_D60A15E39D9C
STUDENT_CFB2FE384F6B,9F8E751,COURSE_9F8E7511D62C
STUDENT_CFB2FE384F6B,BF0C1E7,COURSE_BF0C1E79B695
STUDENT_7DB637861757,FCF20E6,COURSE_FCF20E6D19D8
STUDENT_7DB637861757,BB7F370,COURSE_BB7F370548AA
STUDENT_7DB637861757,0173213,COURSE_0173213F93B6
STUDENT_7DB637861757,EB9466F,COURSE_EB9466FE229C
STUDENT_7DB637861757,F34ADCC,COURSE_F34ADCCF6010
STUDENT_02D810615710,1EB8DAB,COURSE_1EB8DABCEE22
STUDENT_02D810615710,EC38A74,COURSE_EC38A741879B
STUDENT_02D810615710,6AE5916,COURSE_6AE5916D0725
STUDENT_02D810615710,9F8E751,COURSE_9F8E7511D62C
STUDENT_02D810615710,62AD5B8,COURSE_62AD5B8ACE1A
STUDENT_02D810615710,9C6DF31,COURSE_9C6DF318F006
STUDENT_F33AC8EAC0A0,6E363D6,COURSE_6E363D600BA1
STUDENT_F33AC8EAC0A0,8928BF4,COURSE_8928BF411C22
STUDENT_F33AC8EAC0A0,342173B,COURSE_342173B29394
STUDENT_F33AC8EAC0A0,80EAE88,COURSE_80EAE885256A
STUDENT_F33AC8EAC0A0,9772A41,COURSE_9772A418992F
STUDENT_8C1A04D0C8B2,C79A295,COURSE_C79A295DA02B
STUDENT_8C1A04D0C8B2,3F1B128,COURSE_3F1B1281DACC
STUDENT_8C1A04D0C8B2,2B7ADA6,COURSE_2B7ADA67C898
STUDENT_8C1A04D0C8B2,355947D,COURSE_355947D15102
STUDENT_8C1A04D0C8B2,3544086,COURSE_354408622855
STUDENT_677750E6D171,0173213,COURSE_0173213F93B6
STUDENT_677750E6D171,9B598F9,COURSE_9B598F9EC811
STUDENT_677750E6D171,A0EFB23,COURSE_A0EFB237A2A4
STUDENT_677750E6D171,9F8E751,COURSE_9F8E7511D62C
STUDENT_677750E6D171,D4B3043,COURSE_D4B30433AFFD
STUDENT_6B25E5A41B0B,FF52A45,COURSE_FF52A456A828
STUDENT_6B25E5A41B0B,AFF1D77,COURSE_AFF1D77BF8D8
STUDENT_6B25E5A41B0B,88A5BB2,COURSE_88A5BB2A9E50
STUDENT_6B25E5A41B0B,2A9F863,COURSE_2A9F8630D88C
STUDENT_6B25E5A41B0B,BAFD130,COURSE_BAFD130A3032
STUDENT_6B25E5A41B0B,9F8E751,COURSE_9F8E7511D62C
STUDENT_6B25E5A41B0B,CE06967,COURSE_CE06967084F9
STUDENT_69586300485D,190013B,COURSE_190013BFF7C1
STUDENT_69586300485D,3A566B2,COURSE_3A566B2FDF91
STUDENT_69586300485D,61C7475,COURSE_61C74758B507
STUDENT_69586300485D,2272A89,COURSE_2272A89A56F1
STUDENT_69586300485D,66A6CAF,COURSE_66A6CAFEFBDE
STUDENT_0BC09C5AD9FD,1AA2066,COURSE_1AA20669074A
STUDENT_0BC09C5AD9FD,121C1E5,COURSE_121C1E5CA81A
STUDENT_0BC09C5AD9FD,4DFDBD5,COURSE_4DFDBD5A1EAB
STUDENT_0BC09C5AD9FD,6F2977C,COURSE_6F2977CBA34F
STUDENT_0BC09C5AD9FD,4E2B40A,COURSE_4E2B40A02EA8
STUDENT_0BC09C5AD9FD,1C5D6A5,COURSE_1C5D6A56EC25
STUDENT_A95056849EF1,3444FA0,COURSE_3444FA0063FE
STUDENT_A95056849EF1,6B4B9A8,COURSE_6B4B9A851F21
STUDENT_EB6FE564FAD7,B4B5B8E,COURSE_B4B5B8E85C6D
STUDENT_EB6FE564FAD7,F911ACE,COURSE_F911ACEAA7B5
STUDENT_04480C8F1506,D83CCF6,COURSE_D83CCF67F12C
STUDENT_04480C8F1506,1955497,COURSE_19554970F628
STUDENT_04480C8F1506,500C8E8,COURSE_500C8E8E485C
STUDENT_04480C8F1506,47510C7,COURSE_47510C7D6B2A
STUDENT_04480C8F1506,5DB4771,COURSE_5DB4771B0A79
STUDENT_04480C8F1506,165B6EC,COURSE_165B6EC64386
STUDENT_B696BAD443CE,5D48D2E,COURSE_5D48D2E51549
STUDENT_B696BAD443CE,91D9143,COURSE_91D914364C5C
STUDENT_77B3C8DA950F,BB7F370,COURSE_BB7F370548AA
STUDENT_77B3C8DA950F,0173213,COURSE_0173213F93B6
STUDENT_77B3C8DA950F,2AB210B,COURSE_2AB210BBEC8C
STUDENT_77B3C8DA950F,EB9466F,COURSE_EB9466FE229C
STUDENT_77B3C8DA950F,6AEB855,COURSE_6AEB8553B28E
STUDENT_725A39B5D4BE,69DBF44,COURSE_69DBF44B3D90
STUDENT_725A39B5D4BE,9316CD4,COURSE_9316CD4D881E
STUDENT_725A39B5D4BE,30902F4,COURSE_30902F436CC4
STUDENT_725A39B5D4BE,83D7482,COURSE_83D748271771
STUDENT_725A39B5D4BE,B936E4C,COURSE_B936E4CB244C
STUDENT_30B48E75FF66,A9C3CE0,COURSE_A9C3CE099531
STUDENT_30B48E75FF66,4F8DAE0,COURSE_4F8DAE02A7A0
STUDENT_30B48E75FF66,6B4B9A8,COURSE_6B4B9A851F21
STUDENT_23013E6878C7,258D4B8,COURSE_258D4B85BE0B
STUDENT_23013E6878C7,88A5BB2,COURSE_88A5BB2A9E50
STUDENT_23013E6878C7,BAFD130,COURSE_BAFD130A3032
STUDENT_32EF472F6311,383B616,COURSE_383B6165A0C6
STUDENT_32EF472F6311,81F8284,COURSE_81F8284E70A1
STUDENT_32EF472F6311,847CF53,COURSE_847CF537763E
STUDENT_32EF472F6311,6BF0AA9,COURSE_6BF0AA9F243F
STUDENT_D9A5DF40DC9E,90C1B72,COURSE_90C1B7254FDD
STUDENT_D9A5DF40DC9E,FCF20E6,COURSE_FCF20E6D19D8
STUDENT_D9A5DF40DC9E,64056FA,COURSE_64056FA06151
STUDENT_4FC6FF152299,69DBF44,COURSE_69DBF44B3D90
STUDENT_4FC6FF152299,47E4DB4,COURSE_47E4DB4D9F6E
STUDENT_4FC6FF152299,28DA87B,COURSE_28DA87BD0111
STUDENT_4FC6FF152299,3A124DB,COURSE_3A124DB43FF4
STUDENT_4FC6FF152299,5DB4771,COURSE_5DB4771B0A79
STUDENT_3A4852941864,1955497,COURSE_19554970F628
STUDENT_3A4852941864,500C8E8,COURSE_500C8E8E485C
STUDENT_3A4852941864,47510C7,COURSE_47510C7D6B2A
STUDENT_3A4852941864,5DB4771,COURSE_5DB4771B0A79
STUDENT_3A4852941864,4E4632B,COURSE_4E4632BBE56E
STUDENT_3A4852941864,165B6EC,COURSE_165B6EC64386
STUDENT_B8571D4E4E02,A419E04,COURSE_A419E04C917F
STUDENT_B8571D4E4E02,69DBF44,COURSE_69DBF44B3D90
STUDENT_B8571D4E4E02,258D4B8,COURSE_258D4B85BE0B
STUDENT_B8571D4E4E02,9316CD4,COURSE_9316CD4D881E
STUDENT_B8571D4E4E02,F2EB940,COURSE_F2EB940C16DE
STUDENT_ECA96A6D3494,258D4B8,COURSE_258D4B85BE0B
STUDENT_ECA96A6D3494,157E49E,COURSE_157E49E5EB6E
STUDENT_ECA96A6D3494,A419E04,COURSE_A419E04C917F
STUDENT_ECA96A6D3494,9316CD4,COURSE_9316CD4D881E
STUDENT_ECA96A6D3494,69DBF44,COURSE_69DBF44B3D90
STUDENT_C78A92E99BF9,78104A3,COURSE_78104A3E8A10
STUDENT_145D3DC7975D,D83CCF6,COURSE_D83CCF67F12C
STUDENT_145D3DC7975D,1955497,COURSE_19554970F628
STUDENT_145D3DC7975D,500C8E8,COURSE_500C8E8E485C
STUDENT_145D3DC7975D,47510C7,COURSE_47510C7D6B2A
STUDENT_145D3DC7975D,5DB4771,COURSE_5DB4771B0A79
STUDENT_145D3DC7975D,165B6EC,COURSE_165B6EC64386
STUDENT_FA6A1C00F3C2,78104A3,COURSE_78104A3E8A10
STUDENT_FA6A1C00F3C2,2AB210B,COURSE_2AB210BBEC8C
STUDENT_3BB7938A3604,FCF20E6,COURSE_FCF20E6D19D8
STUDENT_3BB7938A3604,BB7F370,COURSE_BB7F370548AA
STUDENT_3BB7938A3604,0173213,COURSE_0173213F93B6
STUDENT_3BB7938A3604,6AEB855,COURSE_6AEB8553B28E
STUDENT_3BB7938A3604,3444FA0,COURSE_3444FA0063FE
STUDENT_4B7134F203FB,BB7F370,COURSE_BB7F370548AA
STUDENT_4B7134F203FB,2AB210B,COURSE_2AB210BBEC8C
STUDENT_9E0D52E5D104,81AC608,COURSE_81AC608D129E
STUDENT_9E0D52E5D104,75BD307,COURSE_75BD3070F668
STUDENT_CCC8F37CFA8F,B4B5B8E,COURSE_B4B5B8E85C6D
STUDENT_CCC8F37CFA8F,4457B1D,COURSE_4457B1DB75EA
STUDENT_39FA2F219D13,D83CCF6,COURSE_D83CCF67F12C
STUDENT_39FA2F219D13,1955497,COURSE_19554970F628
STUDENT_39FA2F219D13,500C8E8,COURSE_500C8E8E485C
STUDENT_39FA2F219D13,47510C7,COURSE_47510C7D6B2A
STUDENT_39FA2F219D13,5DB4771,COURSE_5DB4771B0A79
STUDENT_39FA2F219D13,165B6EC,COURSE_165B6EC64386
STUDENT_7E157FE7CC2B,258D4B8,COURSE_258D4B85BE0B
STUDENT_7E157FE7CC2B,9316CD4,COURSE_9316CD4D881E
STUDENT_7E157FE7CC2B,88A5BB2,COURSE_88A5BB2A9E50
STUDENT_7E157FE7CC2B,2A9F863,COURSE_2A9F8630D88C
STUDENT_7E157FE7CC2B,BAFD130,COURSE_BAFD130A3032
STUDENT_F6734F9A2BF0,D83CCF6,COURSE_D83CCF67F12C
STUDENT_F6734F9A2BF0,1955497,COURSE_19554970F628
STUDENT_F6734F9A2BF0,500C8E8,COURSE_500C8E8E485C
STUDENT_F6734F9A2BF0,47510C7,COURSE_47510C7D6B2A
STUDENT_F6734F9A2BF0,5DB4771,COURSE_5DB4771B0A79
STUDENT_F6734F9A2BF0,165B6EC,COURSE_165B6EC64386
STUDENT_69CB21F04041,A419E04,COURSE_A419E04C917F
STUDENT_69CB21F04041,69DBF44,COURSE_69DBF44B3D90
STUDENT_69CB21F04041,258D4B8,COURSE_258D4B85BE0B
STUDENT_69CB21F04041,9316CD4,COURSE_9316CD4D881E
STUDENT_69CB21F04041,157E49E,COURSE_157E49E5EB6E
STUDENT_3FDDE829006B,90C1B72,COURSE_90C1B7254FDD
STUDENT_3FDDE829006B,0186BC3,COURSE_0186BC3B6640
STUDENT_3FDDE829006B,FCF20E6,COURSE_FCF20E6D19D8
STUDENT_B49F461CC1A8,58B4C36,COURSE_58B4C3685A81
STUDENT_B49F461CC1A8,B4B5B8E,COURSE_B4B5B8E85C6D
STUDENT_B49F461CC1A8,F911ACE,COURSE_F911ACEAA7B5
STUDENT_B49F461CC1A8,4457B1D,COURSE_4457B1DB75EA
STUDENT_B49F461CC1A8,91BFF3B,COURSE_91BFF3B09E00
STUDENT_B49F461CC1A8,C40C59E,COURSE_C40C59E77909
STUDENT_D56E3E530B21,5DCF966,COURSE_5DCF966FA1E3
STUDENT_2D436D8AF3E2,9F8E751,COURSE_9F8E7511D62C
STUDENT_2D436D8AF3E2,CE06967,COURSE_CE06967084F9
STUDENT_A97F8FC061F3,C40C59E,COURSE_C40C59E77909
STUDENT_A97F8FC061F3,9031CED,COURSE_9031CEDB50FD
STUDENT_A97F8FC061F3,F911ACE,COURSE_F911ACEAA7B5
STUDENT_CC1733E2EBFF,6913DA1,COURSE_6913DA13F5CD
STUDENT_CC1733E2EBFF,F8FF4AF,COURSE_F8FF4AFC0BCD
STUDENT_CC1733E2EBFF,2271E57,COURSE_2271E57A6113
STUDENT_CC1733E2EBFF,190013B,COURSE_190013BFF7C1
STUDENT_CC1733E2EBFF,07FFBA6,COURSE_07FFBA646CB9
STUDENT_B3A1028E2CC7,C0809A7,COURSE_C0809A768480
STUDENT_B3A1028E2CC7,653E100,COURSE_653E100DE826
STUDENT_A4F136217CAD,121C1E5,COURSE_121C1E5CA81A
STUDENT_A4F136217CAD,C0809A7,COURSE_C0809A768480
STUDENT_A4F136217CAD,4E2B40A,COURSE_4E2B40A02EA8
STUDENT_A4F136217CAD,E1A4EFE,COURSE_E1A4EFE9B9B1
STUDENT_A4F136217CAD,C834FC6,COURSE_C834FC623CA7
STUDENT_A4F136217CAD,D4B3043,COURSE_D4B30433AFFD
STUDENT_AD346065981D,190013B,COURSE_190013BFF7C1
STUDENT_AD346065981D,3A566B2,COURSE_3A566B2FDF91
STUDENT_AD346065981D,61C7475,COURSE_61C74758B507
STUDENT_AD346065981D,2272A89,COURSE_2272A89A56F1
STUDENT_AD346065981D,28DA87B,COURSE_28DA87BD0111
STUDENT_976DE9B6783C,32D5691,COURSE_32D569186237
STUDENT_680642BABCA6,BF0C1E7,COURSE_BF0C1E79B695
STUDENT_680642BABCA6,EC38A74,COURSE_EC38A741879B
STUDENT_58D093517FE1,0186BC3,COURSE_0186BC3B6640
STUDENT_58D093517FE1,C0809A7,COURSE_C0809A768480
STUDENT_58D093517FE1,4E2B40A,COURSE_4E2B40A02EA8
STUDENT_58D093517FE1,1C5D6A5,COURSE_1C5D6A56EC25
STUDENT_58D093517FE1,2271E57,COURSE_2271E57A6113
STUDENT_58D093517FE1,D4B3043,COURSE_D4B30433AFFD
STUDENT_F4FBB9643CE2,C79A295,COURSE_C79A295DA02B
STUDENT_C499FF25860E,99173EC,COURSE_99173EC7A0C3
STUDENT_C499FF25860E,49EFDEC,COURSE_49EFDEC4AD22
STUDENT_2F35C2A60083,190013B,COURSE_190013BFF7C1
STUDENT_2F35C2A60083,75BD307,COURSE_75BD3070F668
STUDENT_0A4CB4CDEECB,4DFDBD5,COURSE_4DFDBD5A1EAB
STUDENT_0A4CB4CDEECB,C0809A7,COURSE_C0809A768480
STUDENT_7AF8528DA19D,AC3C396,COURSE_AC3C3967D4FC
STUDENT_7AF8528DA19D,75BD307,COURSE_75BD3070F668
STUDENT_1B4076438691,47E4DB4,COURSE_47E4DB4D9F6E
STUDENT_1B4076438691,28DA87B,COURSE_28DA87BD0111
STUDENT_1B4076438691,3A124DB,COURSE_3A124DB43FF4
STUDENT_1B4076438691,4F8DAE0,COURSE_4F8DAE02A7A0
STUDENT_1B4076438691,5DB4771,COURSE_5DB4771B0A79
STUDENT_743D6021BE40,81AC608,COURSE_81AC608D129E
STUDENT_743D6021BE40,AC3C396,COURSE_AC3C3967D4FC
STUDENT_9493235D037A,157E49E,COURSE_157E49E5EB6E
STUDENT_9493235D037A,A419E04,COURSE_A419E04C917F
STUDENT_9493235D037A,9316CD4,COURSE_9316CD4D881E
STUDENT_9493235D037A,69DBF44,COURSE_69DBF44B3D90
STUDENT_58164196197B,D83CCF6,COURSE_D83CCF67F12C
STUDENT_58164196197B,1955497,COURSE_19554970F628
STUDENT_58164196197B,500C8E8,COURSE_500C8E8E485C
STUDENT_58164196197B,47510C7,COURSE_47510C7D6B2A
STUDENT_58164196197B,5DB4771,COURSE_5DB4771B0A79
STUDENT_58164196197B,165B6EC,COURSE_165B6EC64386
STUDENT_B18090FA3655,9316CD4,COURSE_9316CD4D881E
STUDENT_B18090FA3655,FF52A45,COURSE_FF52A456A828
STUDENT_B18090FA3655,AFFC57F,COURSE_AFFC57FABE98
STUDENT_B18090FA3655,9E6B1F1,COURSE_9E6B1F18531F
STUDENT_B18090FA3655,AFF1D77,COURSE_AFF1D77BF8D8
STUDENT_9616BA71C900,69DBF44,COURSE_69DBF44B3D90
STUDENT_9616BA71C900,30902F4,COURSE_30902F436CC4
STUDENT_9616BA71C900,83D7482,COURSE_83D748271771
STUDENT_9616BA71C900,B936E4C,COURSE_B936E4CB244C
STUDENT_A3BA18853E30,2AB210B,COURSE_2AB210BBEC8C
STUDENT_A3BA18853E30,5429497,COURSE_5429497A358D
STUDENT_A3BA18853E30,6AEB855,COURSE_6AEB8553B28E
STUDENT_210D7181F06C,B2EED57,COURSE_B2EED574D766
STUDENT_210D7181F06C,500C8E8,COURSE_500C8E8E485C
STUDENT_210D7181F06C,47510C7,COURSE_47510C7D6B2A
STUDENT_210D7181F06C,5DB4771,COURSE_5DB4771B0A79
STUDENT_210D7181F06C,165B6EC,COURSE_165B6EC64386
STUDENT_210D7181F06C,A9C3CE0,COURSE_A9C3CE099531
STUDENT_99ED5FF838E5,D83CCF6,COURSE_D83CCF67F12C
STUDENT_99ED5FF838E5,1955497,COURSE_19554970F628
STUDENT_99ED5FF838E5,500C8E8,COURSE_500C8E8E485C
STUDENT_99ED5FF838E5,47510C7,COURSE_47510C7D6B2A
STUDENT_99ED5FF838E5,5DB4771,COURSE_5DB4771B0A79
STUDENT_99ED5FF838E5,165B6EC,COURSE_165B6EC64386
STUDENT_FCE73888CC02,DF6FC47,COURSE_DF6FC470A7CD
STUDENT_FCE73888CC02,DBC12C3,COURSE_DBC12C371F89
STUDENT_FCE73888CC02,5CB16CB,COURSE_5CB16CB795C3
STUDENT_FCE73888CC02,66A6CAF,COURSE_66A6CAFEFBDE
STUDENT_FCE73888CC02,1330BF6,COURSE_1330BF611256
STUDENT_E52343335437,A419E04,COURSE_A419E04C917F
STUDENT_E52343335437,69DBF44,COURSE_69DBF44B3D90
STUDENT_E52343335437,258D4B8,COURSE_258D4B85BE0B
STUDENT_E52343335437,9316CD4,COURSE_9316CD4D881E
STUDENT_E52343335437,F2EB940,COURSE_F2EB940C16DE
STUDENT_BCD110AF48AE,B2EED57,COURSE_B2EED574D766
STUDENT_BCD110AF48AE,500C8E8,COURSE_500C8E8E485C
STUDENT_BCD110AF48AE,47510C7,COURSE_47510C7D6B2A
STUDENT_BCD110AF48AE,5DB4771,COURSE_5DB4771B0A79
STUDENT_BCD110AF48AE,165B6EC,COURSE_165B6EC64386
STUDENT_BCD110AF48AE,A9C3CE0,COURSE_A9C3CE099531
STUDENT_E2C476B54159,B2EED57,COURSE_B2EED574D766
STUDENT_E2C476B54159,1955497,COURSE_19554970F628
STUDENT_E2C476B54159,500C8E8,COURSE_500C8E8E485C
STUDENT_E2C476B54159,5DB4771,COURSE_5DB4771B0A79
STUDENT_E2C476B54159,4E4632B,COURSE_4E4632BBE56E
STUDENT_E2C476B54159,165B6EC,COURSE_165B6EC64386
STUDENT_9816CC51557B,64056FA,COURSE_64056FA06151
STUDENT_9816CC51557B,BB7F370,COURSE_BB7F370548AA
STUDENT_9816CC51557B,0173213,COURSE_0173213F93B6
STUDENT_9816CC51557B,D5957F4,COURSE_D5957F457326
STUDENT_9816CC51557B,5429497,COURSE_5429497A358D
STUDENT_ED559544A275,8928BF4,COURSE_8928BF411C22
STUDENT_ED559544A275,C79A295,COURSE_C79A295DA02B
STUDENT_ED559544A275,3F1B128,COURSE_3F1B1281DACC
STUDENT_ED559544A275,2B7ADA6,COURSE_2B7ADA67C898
STUDENT_ED559544A275,355947D,COURSE_355947D15102
STUDENT_ED559544A275,3544086,COURSE_354408622855
STUDENT_D815F69B57AF,6E363D6,COURSE_6E363D600BA1
STUDENT_D815F69B57AF,9772A41,COURSE_9772A418992F
STUDENT_4866C927F65C,6E363D6,COURSE_6E363D600BA1
STUDENT_4866C927F65C,9772A41,COURSE_9772A418992F
STUDENT_11C6875DA6F1,AFFC57F,COURSE_AFFC57FABE98
STUDENT_11C6875DA6F1,88A5BB2,COURSE_88A5BB2A9E50
STUDENT_11C6875DA6F1,2A9F863,COURSE_2A9F8630D88C
STUDENT_11C6875DA6F1,BAFD130,COURSE_BAFD130A3032
STUDENT_11C6875DA6F1,6513E08,COURSE_6513E08F6B17
STUDENT_11C6875DA6F1,D4B3043,COURSE_D4B30433AFFD
STUDENT_C02E5C498EA1,157E49E,COURSE_157E49E5EB6E
STUDENT_C02E5C498EA1,A419E04,COURSE_A419E04C917F
STUDENT_C02E5C498EA1,9316CD4,COURSE_9316CD4D881E
STUDENT_C02E5C498EA1,69DBF44,COURSE_69DBF44B3D90
STUDENT_B8395A9A66AC,A419E04,COURSE_A419E04C917F
STUDENT_B8395A9A66AC,69DBF44,COURSE_69DBF44B3D90
STUDENT_B8395A9A66AC,258D4B8,COURSE_258D4B85BE0B
STUDENT_B8395A9A66AC,9316CD4,COURSE_9316CD4D881E
STUDENT_B8395A9A66AC,AFF1D77,COURSE_AFF1D77BF8D8
STUDENT_B8395A9A66AC,BAFD130,COURSE_BAFD130A3032
STUDENT_F23921A18472,91BFF3B,COURSE_91BFF3B09E00
STUDENT_F23921A18472,64056FA,COURSE_64056FA06151
STUDENT_F23921A18472,BB7F370,COURSE_BB7F370548AA
STUDENT_F23921A18472,0173213,COURSE_0173213F93B6
STUDENT_F23921A18472,3444FA0,COURSE_3444FA0063FE
STUDENT_79598E64CE6A,64056FA,COURSE_64056FA06151
STUDENT_79598E64CE6A,BB7F370,COURSE_BB7F370548AA
STUDENT_79598E64CE6A,0173213,COURSE_0173213F93B6
STUDENT_79598E64CE6A,2AB210B,COURSE_2AB210BBEC8C
STUDENT_79598E64CE6A,81A8D50,COURSE_81A8D508C067
STUDENT_52C8F8266D6F,157E49E,COURSE_157E49E5EB6E
STUDENT_52C8F8266D6F,A419E04,COURSE_A419E04C917F
STUDENT_52C8F8266D6F,9316CD4,COURSE_9316CD4D881E
STUDENT_52C8F8266D6F,69DBF44,COURSE_69DBF44B3D90
STUDENT_75C4094DCA49,A419E04,COURSE_A419E04C917F
STUDENT_75C4094DCA49,69DBF44,COURSE_69DBF44B3D90
STUDENT_75C4094DCA49,258D4B8,COURSE_258D4B85BE0B
STUDENT_75C4094DCA49,9316CD4,COURSE_9316CD4D881E
STUDENT_75C4094DCA49,AFF1D77,COURSE_AFF1D77BF8D8
STUDENT_75C4094DCA49,BAFD130,COURSE_BAFD130A3032
STUDENT_5475B6393DBA,986F248,COURSE_986F248A2D8A
STUDENT_5475B6393DBA,383B616,COURSE_383B6165A0C6
STUDENT_5475B6393DBA,81F8284,COURSE_81F8284E70A1
STUDENT_5475B6393DBA,847CF53,COURSE_847CF537763E
STUDENT_5475B6393DBA,6BF0AA9,COURSE_6BF0AA9F243F
STUDENT_698376FC2F61,121C1E5,COURSE_121C1E5CA81A
STUDENT_698376FC2F61,6F2977C,COURSE_6F2977CBA34F
STUDENT_698376FC2F61,4E2B40A,COURSE_4E2B40A02EA8
STUDENT_698376FC2F61,CE06967,COURSE_CE06967084F9
STUDENT_698376FC2F61,E1A4EFE,COURSE_E1A4EFE9B9B1
STUDENT_698376FC2F61,C834FC6,COURSE_C834FC623CA7
STUDENT_A6F774E8BE66,D4B3043,COURSE_D4B30433AFFD
STUDENT_9ADFC8D61D7A,157E49E,COURSE_157E49E5EB6E
STUDENT_9ADFC8D61D7A,9316CD4,COURSE_9316CD4D881E
STUDENT_9ADFC8D61D7A,30902F4,COURSE_30902F436CC4
STUDENT_9ADFC8D61D7A,83D7482,COURSE_83D748271771
STUDENT_9ADFC8D61D7A,B936E4C,COURSE_B936E4CB244C
STUDENT_3CE9CEC165BD,258D4B8,COURSE_258D4B85BE0B
STUDENT_3CE9CEC165BD,81A8D50,COURSE_81A8D508C067
STUDENT_3CE9CEC165BD,6913DA1,COURSE_6913DA13F5CD
STUDENT_3CE9CEC165BD,2271E57,COURSE_2271E57A6113
STUDENT_3CE9CEC165BD,9057D89,COURSE_9057D894165E
STUDENT_16BF8A791213,DF6FC47,COURSE_DF6FC470A7CD
STUDENT_16BF8A791213,DBC12C3,COURSE_DBC12C371F89
STUDENT_16BF8A791213,5CB16CB,COURSE_5CB16CB795C3
STUDENT_16BF8A791213,1330BF6,COURSE_1330BF611256
STUDENT_1003B75B0092,6AE5916,COURSE_6AE5916D0725
STUDENT_8AE2FBA218C4,D83CCF6,COURSE_D83CCF67F12C
STUDENT_8AE2FBA218C4,1955497,COURSE_19554970F628
STUDENT_8AE2FBA218C4,500C8E8,COURSE_500C8E8E485C
STUDENT_8AE2FBA218C4,47510C7,COURSE_47510C7D6B2A
STUDENT_8AE2FBA218C4,5DB4771,COURSE_5DB4771B0A79
STUDENT_8AE2FBA218C4,165B6EC,COURSE_165B6EC64386
STUDENT_3E661D026FF5,69DBF44,COURSE_69DBF44B3D90
STUDENT_3E661D026FF5,30902F4,COURSE_30902F436CC4
STUDENT_3E661D026FF5,83D7482,COURSE_83D748271771
STUDENT_3E661D026FF5,B936E4C,COURSE_B936E4CB244C
STUDENT_AF9CE2D181C6,D83CCF6,COURSE_D83CCF67F12C
STUDENT_AF9CE2D181C6,1955497,COURSE_19554970F628
STUDENT_AF9CE2D181C6,500C8E8,COURSE_500C8E8E485C
STUDENT_AF9CE2D181C6,47510C7,COURSE_47510C7D6B2A
STUDENT_AF9CE2D181C6,5DB4771,COURSE_5DB4771B0A79
STUDENT_AF9CE2D181C6,165B6EC,COURSE_165B6EC64386
STUDENT_F6F23E196960,81A8D50,COURSE_81A8D508C067
STUDENT_F6F23E196960,88A5BB2,COURSE_88A5BB2A9E50
STUDENT_F6F23E196960,2A9F863,COURSE_2A9F8630D88C
STUDENT_F6F23E196960,BAFD130,COURSE_BAFD130A3032
STUDENT_F6F23E196960,9F8E751,COURSE_9F8E7511D62C
STUDENT_33406C3E707A,A419E04,COURSE_A419E04C917F
STUDENT_33406C3E707A,69DBF44,COURSE_69DBF44B3D90
STUDENT_33406C3E707A,258D4B8,COURSE_258D4B85BE0B
STUDENT_33406C3E707A,9316CD4,COURSE_9316CD4D881E
STUDENT_33406C3E707A,157E49E,COURSE_157E49E5EB6E
STUDENT_59E8D5AFB333,EC38A74,COURSE_EC38A741879B
STUDENT_59E8D5AFB333,EE22381,COURSE_EE2238133323
STUDENT_59E8D5AFB333,6AE5916,COURSE_6AE5916D0725
STUDENT_59E8D5AFB333,D60A15E,COURSE_D60A15E39D9C
STUDENT_59E8D5AFB333,9F8E751,COURSE_9F8E7511D62C
STUDENT_59E8D5AFB333,BF0C1E7,COURSE_BF0C1E79B695
STUDENT_D09F137238DB,1EB8DAB,COURSE_1EB8DABCEE22
STUDENT_D09F137238DB,EC38A74,COURSE_EC38A741879B
STUDENT_D09F137238DB,6AE5916,COURSE_6AE5916D0725
STUDENT_D09F137238DB,9F8E751,COURSE_9F8E7511D62C
STUDENT_D09F137238DB,62AD5B8,COURSE_62AD5B8ACE1A
STUDENT_D09F137238DB,9C6DF31,COURSE_9C6DF318F006
STUDENT_9E42FB51CA73,190013B,COURSE_190013BFF7C1
STUDENT_9E42FB51CA73,3A566B2,COURSE_3A566B2FDF91
STUDENT_9E42FB51CA73,DF6FC47,COURSE_DF6FC470A7CD
STUDENT_9E42FB51CA73,DBC12C3,COURSE_DBC12C371F89
STUDENT_9E42FB51CA73,5CB16CB,COURSE_5CB16CB795C3
STUDENT_9E42FB51CA73,66A6CAF,COURSE_66A6CAFEFBDE
STUDENT_9E42FB51CA73,07FFBA6,COURSE_07FFBA646CB9
STUDENT_DA43CB70A534,90C1B72,COURSE_90C1B7254FDD
STUDENT_DA43CB70A534,645A680,COURSE_645A680E52B7
STUDENT_DA43CB70A534,0186BC3,COURSE_0186BC3B6640
STUDENT_DA43CB70A534,F2EB940,COURSE_F2EB940C16DE
STUDENT_C38720D0A068,81F8284,COURSE_81F8284E70A1
STUDENT_C38720D0A068,81AC608,COURSE_81AC608D129E
STUDENT_C38720D0A068,847CF53,COURSE_847CF537763E
STUDENT_C38720D0A068,75BD307,COURSE_75BD3070F668
STUDENT_76C7DBD3FA5F,B2EED57,COURSE_B2EED574D766
STUDENT_76C7DBD3FA5F,500C8E8,COURSE_500C8E8E485C
STUDENT_76C7DBD3FA5F,5DB4771,COURSE_5DB4771B0A79
STUDENT_76C7DBD3FA5F,4E4632B,COURSE_4E4632BBE56E
STUDENT_76C7DBD3FA5F,165B6EC,COURSE_165B6EC64386
STUDENT_76C7DBD3FA5F,A9C3CE0,COURSE_A9C3CE099531
STUDENT_B9EB11F5AAE5,3F1B128,COURSE_3F1B1281DACC
STUDENT_B9EB11F5AAE5,BB7F370,COURSE_BB7F370548AA
STUDENT_B9EB11F5AAE5,0173213,COURSE_0173213F93B6
STUDENT_B9EB11F5AAE5,78104A3,COURSE_78104A3E8A10
STUDENT_B9EB11F5AAE5,2AB210B,COURSE_2AB210BBEC8C
STUDENT_B9EB11F5AAE5,EB9466F,COURSE_EB9466FE229C
STUDENT_ECA5A5FB6D80,CCB0EDD,COURSE_CCB0EDDCF252
STUDENT_0E5886CDC4E0,D83CCF6,COURSE_D83CCF67F12C
STUDENT_0E5886CDC4E0,1955497,COURSE_19554970F628
STUDENT_0E5886CDC4E0,500C8E8,COURSE_500C8E8E485C
STUDENT_0E5886CDC4E0,47510C7,COURSE_47510C7D6B2A
STUDENT_0E5886CDC4E0,5DB4771,COURSE_5DB4771B0A79
STUDENT_0E5886CDC4E0,165B6EC,COURSE_165B6EC64386
STUDENT_DEED2A2B94C0,47E4DB4,COURSE_47E4DB4D9F6E
STUDENT_DEED2A2B94C0,6B4B9A8,COURSE_6B4B9A851F21
STUDENT_DEED2A2B94C0,195AC94,COURSE_195AC942FF0E
STUDENT_A07248155CC6,6F2977C,COURSE_6F2977CBA34F
STUDENT_A07248155CC6,383B616,COURSE_383B6165A0C6
STUDENT_A07248155CC6,195AC94,COURSE_195AC942FF0E
STUDENT_9E836E07D99E,A419E04,COURSE_A419E04C917F
STUDENT_9E836E07D99E,69DBF44,COURSE_69DBF44B3D90
STUDENT_9E836E07D99E,258D4B8,COURSE_258D4B85BE0B
STUDENT_9E836E07D99E,9316CD4,COURSE_9316CD4D881E
STUDENT_9E836E07D99E,157E49E,COURSE_157E49E5EB6E
STUDENT_9E836E07D99E,2962003,COURSE_2962003E8EB8
STUDENT_9E836E07D99E,986F248,COURSE_986F248A2D8A
STUDENT_ADFE356C88CC,47E4DB4,COURSE_47E4DB4D9F6E
STUDENT_ADFE356C88CC,28DA87B,COURSE_28DA87BD0111
STUDENT_ADFE356C88CC,3A124DB,COURSE_3A124DB43FF4
STUDENT_ADFE356C88CC,4F8DAE0,COURSE_4F8DAE02A7A0
STUDENT_ADFE356C88CC,5DB4771,COURSE_5DB4771B0A79
STUDENT_577734CC73D5,6E363D6,COURSE_6E363D600BA1
STUDENT_577734CC73D5,8928BF4,COURSE_8928BF411C22
STUDENT_577734CC73D5,342173B,COURSE_342173B29394
STUDENT_577734CC73D5,9772A41,COURSE_9772A418992F
STUDENT_577734CC73D5,C40C59E,COURSE_C40C59E77909
STUDENT_250BC005E083,EC38A74,COURSE_EC38A741879B
STUDENT_250BC005E083,EE22381,COURSE_EE2238133323
STUDENT_250BC005E083,6AE5916,COURSE_6AE5916D0725
STUDENT_250BC005E083,D60A15E,COURSE_D60A15E39D9C
STUDENT_250BC005E083,9F8E751,COURSE_9F8E7511D62C
STUDENT_250BC005E083,D4B3043,COURSE_D4B30433AFFD
STUDENT_8C95EE5E430E,4DFDBD5,COURSE_4DFDBD5A1EAB
STUDENT_8C95EE5E430E,6F2977C,COURSE_6F2977CBA34F
STUDENT_8C95EE5E430E,6913DA1,COURSE_6913DA13F5CD
STUDENT_8C95EE5E430E,F8FF4AF,COURSE_F8FF4AFC0BCD
STUDENT_8C95EE5E430E,2271E57,COURSE_2271E57A6113
STUDENT_E9B1C5209FBB,D83CCF6,COURSE_D83CCF67F12C
STUDENT_E9B1C5209FBB,1955497,COURSE_19554970F628
STUDENT_E9B1C5209FBB,500C8E8,COURSE_500C8E8E485C
STUDENT_E9B1C5209FBB,47510C7,COURSE_47510C7D6B2A
STUDENT_E9B1C5209FBB,5DB4771,COURSE_5DB4771B0A79
STUDENT_E9B1C5209FBB,165B6EC,COURSE_165B6EC64386
STUDENT_C475553C452A,07FFBA6,COURSE_07FFBA646CB9
STUDENT_C475553C452A,75BD307,COURSE_75BD3070F668
STUDENT_5586D036F570,6E363D6,COURSE_6E363D600BA1
STUDENT_5586D036F570,8928BF4,COURSE_8928BF411C22
STUDENT_5586D036F570,342173B,COURSE_342173B29394
STUDENT_5586D036F570,9772A41,COURSE_9772A418992F
STUDENT_5586D036F570,E00D025,COURSE_E00D02523E87
STUDENT_70E4CEE12041,6913DA1,COURSE_6913DA13F5CD
STUDENT_70E4CEE12041,2271E57,COURSE_2271E57A6113
STUDENT_70E4CEE12041,5D48D2E,COURSE_5D48D2E51549
STUDENT_70E4CEE12041,691E308,COURSE_691E308022A0
STUDENT_70E4CEE12041,91D9143,COURSE_91D914364C5C
STUDENT_74C9C484167A,8928BF4,COURSE_8928BF411C22
STUDENT_74C9C484167A,C79A295,COURSE_C79A295DA02B
STUDENT_74C9C484167A,3F1B128,COURSE_3F1B1281DACC
STUDENT_74C9C484167A,2B7ADA6,COURSE_2B7ADA67C898
STUDENT_74C9C484167A,355947D,COURSE_355947D15102
STUDENT_93CFFC326A1B,4F3752C,COURSE_4F3752CD456B
STUDENT_93CFFC326A1B,B9EED81,COURSE_B9EED8153A7D
STUDENT_93CFFC326A1B,66A6CAF,COURSE_66A6CAFEFBDE
STUDENT_93CFFC326A1B,1330BF6,COURSE_1330BF611256
STUDENT_4029F14509DE,81F8284,COURSE_81F8284E70A1
STUDENT_4029F14509DE,81AC608,COURSE_81AC608D129E
STUDENT_4029F14509DE,847CF53,COURSE_847CF537763E
STUDENT_4029F14509DE,75BD307,COURSE_75BD3070F668
STUDENT_8169CD9961E9,47E4DB4,COURSE_47E4DB4D9F6E
STUDENT_8169CD9961E9,28DA87B,COURSE_28DA87BD0111
STUDENT_8169CD9961E9,3A124DB,COURSE_3A124DB43FF4
STUDENT_8169CD9961E9,383B616,COURSE_383B6165A0C6
STUDENT_8169CD9961E9,81AC608,COURSE_81AC608D129E
STUDENT_AF676711D84B,A419E04,COURSE_A419E04C917F
STUDENT_AF676711D84B,69DBF44,COURSE_69DBF44B3D90
STUDENT_AF676711D84B,258D4B8,COURSE_258D4B85BE0B
STUDENT_AF676711D84B,9316CD4,COURSE_9316CD4D881E
STUDENT_AF676711D84B,30902F4,COURSE_30902F436CC4
STUDENT_97C277EF8AE8,C0809A7,COURSE_C0809A768480
STUDENT_97C277EF8AE8,691E308,COURSE_691E308022A0
STUDENT_F668171BA9D7,0186BC3,COURSE_0186BC3B6640
STUDENT_F668171BA9D7,9E6B1F1,COURSE_9E6B1F18531F
STUDENT_F668171BA9D7,BAFD130,COURSE_BAFD130A3032
STUDENT_72C0F062BFAD,C834FC6,COURSE_C834FC623CA7
STUDENT_72C0F062BFAD,6B4B9A8,COURSE_6B4B9A851F21
STUDENT_B5178A141561,9316CD4,COURSE_9316CD4D881E
STUDENT_B5178A141561,4F8DAE0,COURSE_4F8DAE02A7A0
STUDENT_B5178A141561,383B616,COURSE_383B6165A0C6
STUDENT_B5178A141561,81F8284,COURSE_81F8284E70A1
STUDENT_B5178A141561,847CF53,COURSE_847CF537763E
STUDENT_62EB6AC99008,A419E04,COURSE_A419E04C917F
STUDENT_62EB6AC99008,69DBF44,COURSE_69DBF44B3D90
STUDENT_62EB6AC99008,258D4B8,COURSE_258D4B85BE0B
STUDENT_62EB6AC99008,9316CD4,COURSE_9316CD4D881E
STUDENT_62EB6AC99008,157E49E,COURSE_157E49E5EB6E
STUDENT_03738287E3C8,BB7F370,COURSE_BB7F370548AA
STUDENT_03738287E3C8,EB9466F,COURSE_EB9466FE229C
STUDENT_33BC538F1F59,6E363D6,COURSE_6E363D600BA1
STUDENT_33BC538F1F59,8928BF4,COURSE_8928BF411C22
STUDENT_33BC538F1F59,342173B,COURSE_342173B29394
STUDENT_33BC538F1F59,80EAE88,COURSE_80EAE885256A
STUDENT_33BC538F1F59,32D5691,COURSE_32D569186237
STUDENT_953265E4D6BA,6F2977C,COURSE_6F2977CBA34F
STUDENT_953265E4D6BA,6913DA1,COURSE_6913DA13F5CD
STUDENT_953265E4D6BA,F8FF4AF,COURSE_F8FF4AFC0BCD
STUDENT_953265E4D6BA,2271E57,COURSE_2271E57A6113
STUDENT_953265E4D6BA,D5557C5,COURSE_D5557C5D2419
STUDENT_953265E4D6BA,2272A89,COURSE_2272A89A56F1
STUDENT_626514A4CDCD,D83CCF6,COURSE_D83CCF67F12C
STUDENT_626514A4CDCD,1955497,COURSE_19554970F628
STUDENT_626514A4CDCD,500C8E8,COURSE_500C8E8E485C
STUDENT_626514A4CDCD,47510C7,COURSE_47510C7D6B2A
STUDENT_626514A4CDCD,5DB4771,COURSE_5DB4771B0A79
STUDENT_626514A4CDCD,165B6EC,COURSE_165B6EC64386
STUDENT_928A4155A761,258D4B8,COURSE_258D4B85BE0B
STUDENT_928A4155A761,81A8D50,COURSE_81A8D508C067
STUDENT_928A4155A761,69DBF44,COURSE_69DBF44B3D90
STUDENT_928A4155A761,6913DA1,COURSE_6913DA13F5CD
STUDENT_928A4155A761,2271E57,COURSE_2271E57A6113
STUDENT_928A4155A761,9057D89,COURSE_9057D894165E
STUDENT_9F0ACC3EAFBC,BB7F370,COURSE_BB7F370548AA
STUDENT_9F0ACC3EAFBC,0173213,COURSE_0173213F93B6
STUDENT_9F0ACC3EAFBC,2AB210B,COURSE_2AB210BBEC8C
STUDENT_9F0ACC3EAFBC,9A1418F,COURSE_9A1418F9C846
STUDENT_9F0ACC3EAFBC,6AEB855,COURSE_6AEB8553B28E
STUDENT_9F0ACC3EAFBC,F34ADCC,COURSE_F34ADCCF6010
STUDENT_F4F39486B193,90C1B72,COURSE_90C1B7254FDD
STUDENT_F4F39486B193,645A680,COURSE_645A680E52B7
STUDENT_F4F39486B193,0186BC3,COURSE_0186BC3B6640
STUDENT_F4F39486B193,F2EB940,COURSE_F2EB940C16DE
STUDENT_C897A978FAB1,6AEB855,COURSE_6AEB8553B28E
STUDENT_C897A978FAB1,F34ADCC,COURSE_F34ADCCF6010
STUDENT_1231BB741106,6E363D6,COURSE_6E363D600BA1
STUDENT_1231BB741106,8928BF4,COURSE_8928BF411C22
STUDENT_1231BB741106,342173B,COURSE_342173B29394
STUDENT_1231BB741106,80EAE88,COURSE_80EAE885256A
STUDENT_1231BB741106,9772A41,COURSE_9772A418992F
STUDENT_C875B6442DE5,BB7F370,COURSE_BB7F370548AA
STUDENT_C875B6442DE5,0173213,COURSE_0173213F93B6
STUDENT_C875B6442DE5,2AB210B,COURSE_2AB210BBEC8C
STUDENT_C875B6442DE5,EB9466F,COURSE_EB9466FE229C
STUDENT_C875B6442DE5,6AEB855,COURSE_6AEB8553B28E
STUDENT_EF79172E5930,9316CD4,COURSE_9316CD4D881E
STUDENT_EF79172E5930,07FFBA6,COURSE_07FFBA646CB9
STUDENT_F6F98D2B7842,3F1B128,COURSE_3F1B1281DACC
STUDENT_F6F98D2B7842,2B7ADA6,COURSE_2B7ADA67C898
STUDENT_4B3ED16DA376,A419E04,COURSE_A419E04C917F
STUDENT_4B3ED16DA376,69DBF44,COURSE_69DBF44B3D90
STUDENT_4B3ED16DA376,258D4B8,COURSE_258D4B85BE0B
STUDENT_4B3ED16DA376,9316CD4,COURSE_9316CD4D881E
STUDENT_4B3ED16DA376,83D7482,COURSE_83D748271771
STUDENT_9D6806142F5A,AC3C396,COURSE_AC3C3967D4FC
STUDENT_9D6806142F5A,75BD307,COURSE_75BD3070F668
STUDENT_280FED0FA1B4,58B4C36,COURSE_58B4C3685A81
STUDENT_280FED0FA1B4,B4B5B8E,COURSE_B4B5B8E85C6D
STUDENT_280FED0FA1B4,F911ACE,COURSE_F911ACEAA7B5
STUDENT_280FED0FA1B4,4457B1D,COURSE_4457B1DB75EA
STUDENT_280FED0FA1B4,91BFF3B,COURSE_91BFF3B09E00
STUDENT_280FED0FA1B4,24A18A5,COURSE_24A18A5B3FF2
STUDENT_3130BB33B261,A419E04,COURSE_A419E04C917F
STUDENT_3130BB33B261,69DBF44,COURSE_69DBF44B3D90
STUDENT_3130BB33B261,258D4B8,COURSE_258D4B85BE0B
STUDENT_3130BB33B261,9316CD4,COURSE_9316CD4D881E
STUDENT_3130BB33B261,83D7482,COURSE_83D748271771
STUDENT_101B1E5CFB03,3444FA0,COURSE_3444FA0063FE
STUDENT_101B1E5CFB03,83D7482,COURSE_83D748271771
STUDENT_101B1E5CFB03,47E4DB4,COURSE_47E4DB4D9F6E
STUDENT_F2C2309B2FA1,C79A295,COURSE_C79A295DA02B
STUDENT_F2C2309B2FA1,3F1B128,COURSE_3F1B1281DACC
STUDENT_F2C2309B2FA1,E00D025,COURSE_E00D02523E87
STUDENT_F2C2309B2FA1,64056FA,COURSE_64056FA06151
STUDENT_F2C2309B2FA1,BA20CD1,COURSE_BA20CD16DF25
STUDENT_2E9C4B2D3FC1,47E4DB4,COURSE_47E4DB4D9F6E
STUDENT_2E9C4B2D3FC1,28DA87B,COURSE_28DA87BD0111
STUDENT_2E9C4B2D3FC1,3A124DB,COURSE_3A124DB43FF4
STUDENT_2E9C4B2D3FC1,4F8DAE0,COURSE_4F8DAE02A7A0
STUDENT_2E9C4B2D3FC1,5DB4771,COURSE_5DB4771B0A79
STUDENT_B69F6999F8F2,258D4B8,COURSE_258D4B85BE0B
STUDENT_B69F6999F8F2,FF52A45,COURSE_FF52A456A828
STUDENT_B69F6999F8F2,AFFC57F,COURSE_AFFC57FABE98
STUDENT_B69F6999F8F2,9E6B1F1,COURSE_9E6B1F18531F
STUDENT_B69F6999F8F2,AFF1D77,COURSE_AFF1D77BF8D8
STUDENT_A936E3FEE38E,258D4B8,COURSE_258D4B85BE0B
STUDENT_A936E3FEE38E,157E49E,COURSE_157E49E5EB6E
STUDENT_A936E3FEE38E,A419E04,COURSE_A419E04C917F
STUDENT_A936E3FEE38E,9316CD4,COURSE_9316CD4D881E
STUDENT_A936E3FEE38E,69DBF44,COURSE_69DBF44B3D90
STUDENT_EA337028C9BE,1EB8DAB,COURSE_1EB8DABCEE22
STUDENT_EA337028C9BE,EC38A74,COURSE_EC38A741879B
STUDENT_EA337028C9BE,6AE5916,COURSE_6AE5916D0725
STUDENT_EA337028C9BE,9F8E751,COURSE_9F8E7511D62C
STUDENT_EA337028C9BE,CE06967,COURSE_CE06967084F9
STUDENT_EA337028C9BE,D4B3043,COURSE_D4B30433AFFD
STUDENT_07AC5B4A3AEF,157E49E,COURSE_157E49E5EB6E
STUDENT_07AC5B4A3AEF,A419E04,COURSE_A419E04C917F
STUDENT_07AC5B4A3AEF,9316CD4,COURSE_9316CD4D881E
STUDENT_07AC5B4A3AEF,69DBF44,COURSE_69DBF44B3D90
STUDENT_2379C24538B6,9316CD4,COURSE_9316CD4D881E
STUDENT_2379C24538B6,FF52A45,COURSE_FF52A456A828
STUDENT_2379C24538B6,AFFC57F,COURSE_AFFC57FABE98
STUDENT_2379C24538B6,9E6B1F1,COURSE_9E6B1F18531F
STUDENT_2379C24538B6,AFF1D77,COURSE_AFF1D77BF8D8
STUDENT_E854699BE281,28DA87B,COURSE_28DA87BD0111
STUDENT_E854699BE281,383B616,COURSE_383B6165A0C6
STUDENT_E854699BE281,81F8284,COURSE_81F8284E70A1
STUDENT_E854699BE281,847CF53,COURSE_847CF537763E
STUDENT_E854699BE281,75BD307,COURSE_75BD3070F668
STUDENT_EBAB3B8EC91C,80EAE88,COURSE_80EAE885256A
STUDENT_EBAB3B8EC91C,250D49A,COURSE_250D49A6137B
STUDENT_EBAB3B8EC91C,32D5691,COURSE_32D569186237
STUDENT_EBAB3B8EC91C,24A18A5,COURSE_24A18A5B3FF2
STUDENT_EBAB3B8EC91C,F2EB940,COURSE_F2EB940C16DE
STUDENT_7FC16DD5F873,A419E04,COURSE_A419E04C917F
STUDENT_7FC16DD5F873,9316CD4,COURSE_9316CD4D881E
STUDENT_7FC16DD5F873,500C8E8,COURSE_500C8E8E485C
STUDENT_7FC16DD5F873,88A5BB2,COURSE_88A5BB2A9E50
STUDENT_7FC16DD5F873,2A9F863,COURSE_2A9F8630D88C
STUDENT_7FC16DD5F873,BAFD130,COURSE_BAFD130A3032
STUDENT_17AE71B9FDA9,BB7F370,COURSE_BB7F370548AA
STUDENT_17AE71B9FDA9,0173213,COURSE_0173213F93B6
STUDENT_17AE71B9FDA9,EB9466F,COURSE_EB9466FE229C
STUDENT_17AE71B9FDA9,6AEB855,COURSE_6AEB8553B28E
STUDENT_17AE71B9FDA9,F34ADCC,COURSE_F34ADCCF6010
STUDENT_3EB6564AF341,1330BF6,COURSE_1330BF611256
STUDENT_3EB6564AF341,099DA73,COURSE_099DA73E98E3
STUDENT_376BE6D92F82,58B4C36,COURSE_58B4C3685A81
STUDENT_376BE6D92F82,B4B5B8E,COURSE_B4B5B8E85C6D
STUDENT_376BE6D92F82,F911ACE,COURSE_F911ACEAA7B5
STUDENT_376BE6D92F82,4457B1D,COURSE_4457B1DB75EA
STUDENT_376BE6D92F82,91BFF3B,COURSE_91BFF3B09E00
STUDENT_376BE6D92F82,24A18A5,COURSE_24A18A5B3FF2
STUDENT_67907321D459,D83CCF6,COURSE_D83CCF67F12C
STUDENT_67907321D459,1955497,COURSE_19554970F628
STUDENT_67907321D459,500C8E8,COURSE_500C8E8E485C
STUDENT_67907321D459,47510C7,COURSE_47510C7D6B2A
STUDENT_67907321D459,5DB4771,COURSE_5DB4771B0A79
STUDENT_67907321D459,165B6EC,COURSE_165B6EC64386
STUDENT_910342697073,3F1B128,COURSE_3F1B1281DACC
STUDENT_910342697073,BB7F370,COURSE_BB7F370548AA
STUDENT_910342697073,0173213,COURSE_0173213F93B6
STUDENT_910342697073,2AB210B,COURSE_2AB210BBEC8C
STUDENT_910342697073,EB9466F,COURSE_EB9466FE229C
STUDENT_910342697073,F34ADCC,COURSE_F34ADCCF6010
STUDENT_4F92489B9579,258D4B8,COURSE_258D4B85BE0B
STUDENT_4F92489B9579,250D49A,COURSE_250D49A6137B
STUDENT_4F92489B9579,32D5691,COURSE_32D569186237
STUDENT_4F92489B9579,24A18A5,COURSE_24A18A5B3FF2
STUDENT_4F92489B9579,F2EB940,COURSE_F2EB940C16DE
STUDENT_CD0AB4B2DF60,CCB0EDD,COURSE_CCB0EDDCF252
STUDENT_4CE9B88A5437,258D4B8,COURSE_258D4B85BE0B
STUDENT_4CE9B88A5437,6913DA1,COURSE_6913DA13F5CD
STUDENT_4CE9B88A5437,2271E57,COURSE_2271E57A6113
STUDENT_4CE9B88A5437,691E308,COURSE_691E308022A0
STUDENT_4CE9B88A5437,9F8E751,COURSE_9F8E7511D62C
STUDENT_9EC7842EEBA7,6F2977C,COURSE_6F2977CBA34F
STUDENT_9EC7842EEBA7,C0809A7,COURSE_C0809A768480
STUDENT_EA2558BEB312,CCB0EDD,COURSE_CCB0EDDCF252
STUDENT_EA2558BEB312,1955497,COURSE_19554970F628
STUDENT_EA2558BEB312,500C8E8,COURSE_500C8E8E485C
STUDENT_EA2558BEB312,47510C7,COURSE_47510C7D6B2A
STUDENT_EA2558BEB312,5DB4771,COURSE_5DB4771B0A79
STUDENT_EA2558BEB312,165B6EC,COURSE_165B6EC64386
STUDENT_45E7B463F7C3,258D4B8,COURSE_258D4B85BE0B
STUDENT_45E7B463F7C3,FF52A45,COURSE_FF52A456A828
STUDENT_45E7B463F7C3,AFFC57F,COURSE_AFFC57FABE98
STUDENT_45E7B463F7C3,9E6B1F1,COURSE_9E6B1F18531F
STUDENT_45E7B463F7C3,AFF1D77,COURSE_AFF1D77BF8D8
STUDENT_504BB0BC1781,D83CCF6,COURSE_D83CCF67F12C
STUDENT_504BB0BC1781,1955497,COURSE_19554970F628
STUDENT_504BB0BC1781,500C8E8,COURSE_500C8E8E485C
STUDENT_504BB0BC1781,47510C7,COURSE_47510C7D6B2A
STUDENT_504BB0BC1781,5DB4771,COURSE_5DB4771B0A79
STUDENT_504BB0BC1781,165B6EC,COURSE_165B6EC64386
STUDENT_5338D8FFF3E9,64056FA,COURSE_64056FA06151
STUDENT_5338D8FFF3E9,BB7F370,COURSE_BB7F370548AA
STUDENT_5338D8FFF3E9,0173213,COURSE_0173213F93B6
STUDENT_5338D8FFF3E9,2AB210B,COURSE_2AB210BBEC8C
STUDENT_5338D8FFF3E9,EB9466F,COURSE_EB9466FE229C
STUDENT_3A801EEA1BE8,C40C59E,COURSE_C40C59E77909
STUDENT_3A801EEA1BE8,9031CED,COURSE_9031CEDB50FD
STUDENT_3A801EEA1BE8,F911ACE,COURSE_F911ACEAA7B5
STUDENT_4987C7569B01,6E363D6,COURSE_6E363D600BA1
STUDENT_4987C7569B01,8928BF4,COURSE_8928BF411C22
STUDENT_4987C7569B01,342173B,COURSE_342173B29394
STUDENT_4987C7569B01,9772A41,COURSE_9772A418992F
STUDENT_4987C7569B01,E00D025,COURSE_E00D02523E87
STUDENT_9F68D66F044A,9772A41,COURSE_9772A418992F
STUDENT_9F68D66F044A,47E4DB4,COURSE_47E4DB4D9F6E
STUDENT_9F68D66F044A,28DA87B,COURSE_28DA87BD0111
STUDENT_9F68D66F044A,3A124DB,COURSE_3A124DB43FF4
STUDENT_9F68D66F044A,5DB4771,COURSE_5DB4771B0A79
STUDENT_CC223AD2C55A,D83CCF6,COURSE_D83CCF67F12C
STUDENT_CC223AD2C55A,1955497,COURSE_19554970F628
STUDENT_CC223AD2C55A,500C8E8,COURSE_500C8E8E485C
STUDENT_CC223AD2C55A,47510C7,COURSE_47510C7D6B2A
STUDENT_CC223AD2C55A,5DB4771,COURSE_5DB4771B0A79
STUDENT_CC223AD2C55A,165B6EC,COURSE_165B6EC64386
STUDENT_787BE269DACD,CCB0EDD,COURSE_CCB0EDDCF252
STUDENT_787BE269DACD,B2EED57,COURSE_B2EED574D766
STUDENT_F428DB3E4699,BB7F370,COURSE_BB7F370548AA
STUDENT_F428DB3E4699,0173213,COURSE_0173213F93B6
STUDENT_F428DB3E4699,EB9466F,COURSE_EB9466FE229C
STUDENT_F428DB3E4699,9A1418F,COURSE_9A1418F9C846
STUDENT_F428DB3E4699,F34ADCC,COURSE_F34ADCCF6010
STUDENT_6D5E7786B1D7,C79A295,COURSE_C79A295DA02B
STUDENT_6D5E7786B1D7,3F1B128,COURSE_3F1B1281DACC
STUDENT_6D5E7786B1D7,2B7ADA6,COURSE_2B7ADA67C898
STUDENT_6D5E7786B1D7,355947D,COURSE_355947D15102
STUDENT_6D5E7786B1D7,3544086,COURSE_354408622855
STUDENT_E127D76CCA02,C0809A7,COURSE_C0809A768480
STUDENT_E127D76CCA02,BAFD130,COURSE_BAFD130A3032
STUDENT_E127D76CCA02,69DBF44,COURSE_69DBF44B3D90
STUDENT_E127D76CCA02,6913DA1,COURSE_6913DA13F5CD
STUDENT_E127D76CCA02,2271E57,COURSE_2271E57A6113
STUDENT_E127D76CCA02,9057D89,COURSE_9057D894165E
STUDENT_3703C8EEA15D,A419E04,COURSE_A419E04C917F
STUDENT_3703C8EEA15D,9316CD4,COURSE_9316CD4D881E
STUDENT_3703C8EEA15D,AFFC57F,COURSE_AFFC57FABE98
STUDENT_3703C8EEA15D,88A5BB2,COURSE_88A5BB2A9E50
STUDENT_3703C8EEA15D,2A9F863,COURSE_2A9F8630D88C
STUDENT_3703C8EEA15D,BAFD130,COURSE_BAFD130A3032
STUDENT_31298D6A5F1B,D4B3043,COURSE_D4B30433AFFD
STUDENT_CD6450B12954,CCB0EDD,COURSE_CCB0EDDCF252
STUDENT_CD6450B12954,B2EED57,COURSE_B2EED574D766
STUDENT_CD6450B12954,4E4632B,COURSE_4E4632BBE56E
STUDENT_CD6450B12954,165B6EC,COURSE_165B6EC64386
STUDENT_D9F41DE668EC,BB7F370,COURSE_BB7F370548AA
STUDENT_D9F41DE668EC,0173213,COURSE_0173213F93B6
STUDENT_D9F41DE668EC,2AB210B,COURSE_2AB210BBEC8C
STUDENT_D9F41DE668EC,6AEB855,COURSE_6AEB8553B28E
STUDENT_D9F41DE668EC,F34ADCC,COURSE_F34ADCCF6010
STUDENT_14E99B533CD1,81A8D50,COURSE_81A8D508C067
STUDENT_14E99B533CD1,2271E57,COURSE_2271E57A6113
STUDENT_14E99B533CD1,691E308,COURSE_691E308022A0
STUDENT_18976C2EE10A,DF6FC47,COURSE_DF6FC470A7CD
STUDENT_18976C2EE10A,DBC12C3,COURSE_DBC12C371F89
STUDENT_18976C2EE10A,5CB16CB,COURSE_5CB16CB795C3
STUDENT_18976C2EE10A,66A6CAF,COURSE_66A6CAFEFBDE
STUDENT_18976C2EE10A,1330BF6,COURSE_1330BF611256
STUDENT_815A14275047,0186BC3,COURSE_0186BC3B6640
STUDENT_815A14275047,A419E04,COURSE_A419E04C917F
STUDENT_815A14275047,C0809A7,COURSE_C0809A768480
STUDENT_815A14275047,4E2B40A,COURSE_4E2B40A02EA8
STUDENT_815A14275047,1C5D6A5,COURSE_1C5D6A56EC25
STUDENT_815A14275047,2271E57,COURSE_2271E57A6113
STUDENT_815A14275047,D4B3043,COURSE_D4B30433AFFD
STUDENT_01A144C35AF8,EC38A74,COURSE_EC38A741879B
STUDENT_01A144C35AF8,EE22381,COURSE_EE2238133323
STUDENT_01A144C35AF8,6AE5916,COURSE_6AE5916D0725
STUDENT_01A144C35AF8,D60A15E,COURSE_D60A15E39D9C
STUDENT_01A144C35AF8,9F8E751,COURSE_9F8E7511D62C
STUDENT_01A144C35AF8,9C6DF31,COURSE_9C6DF318F006
STUDENT_7986A4BE8F4C,D83CCF6,COURSE_D83CCF67F12C
STUDENT_7986A4BE8F4C,1955497,COURSE_19554970F628
STUDENT_7986A4BE8F4C,500C8E8,COURSE_500C8E8E485C
STUDENT_7986A4BE8F4C,47510C7,COURSE_47510C7D6B2A
STUDENT_7986A4BE8F4C,5DB4771,COURSE_5DB4771B0A79
STUDENT_7986A4BE8F4C,165B6EC,COURSE_165B6EC64386
STUDENT_C3C6AC222AAA,D83CCF6,COURSE_D83CCF67F12C
STUDENT_C3C6AC222AAA,1955497,COURSE_19554970F628
STUDENT_C3C6AC222AAA,500C8E8,COURSE_500C8E8E485C
STUDENT_C3C6AC222AAA,47510C7,COURSE_47510C7D6B2A
STUDENT_C3C6AC222AAA,5DB4771,COURSE_5DB4771B0A79
STUDENT_C3C6AC222AAA,165B6EC,COURSE_165B6EC64386
STUDENT_D90211040377,F2EB940,COURSE_F2EB940C16DE
STUDENT_D90211040377,47E4DB4,COURSE_47E4DB4D9F6E
STUDENT_D90211040377,28DA87B,COURSE_28DA87BD0111
STUDENT_D90211040377,3A124DB,COURSE_3A124DB43FF4
STUDENT_D90211040377,5DB4771,COURSE_5DB4771B0A79
STUDENT_5291B4678116,9E6B1F1,COURSE_9E6B1F18531F
STUDENT_5291B4678116,190013B,COURSE_190013BFF7C1
STUDENT_5291B4678116,3A566B2,COURSE_3A566B2FDF91
STUDENT_5291B4678116,61C7475,COURSE_61C74758B507
STUDENT_5291B4678116,2272A89,COURSE_2272A89A56F1
STUDENT_FEE7C880DA96,D83CCF6,COURSE_D83CCF67F12C
STUDENT_FEE7C880DA96,1955497,COURSE_19554970F628
STUDENT_FEE7C880DA96,500C8E8,COURSE_500C8E8E485C
STUDENT_FEE7C880DA96,47510C7,COURSE_47510C7D6B2A
STUDENT_FEE7C880DA96,5DB4771,COURSE_5DB4771B0A79
STUDENT_FEE7C880DA96,165B6EC,COURSE_165B6EC64386
STUDENT_ACA62018C5F1,6E363D6,COURSE_6E363D600BA1
STUDENT_ACA62018C5F1,8928BF4,COURSE_8928BF411C22
STUDENT_ACA62018C5F1,342173B,COURSE_342173B29394
STUDENT_ACA62018C5F1,9772A41,COURSE_9772A418992F
STUDENT_ACA62018C5F1,A419E04,COURSE_A419E04C917F
STUDENT_1A9546515085,6C418F3,COURSE_6C418F3F4ACC
STUDENT_1A9546515085,500C8E8,COURSE_500C8E8E485C
STUDENT_1A9546515085,47510C7,COURSE_47510C7D6B2A
STUDENT_1A9546515085,5DB4771,COURSE_5DB4771B0A79
STUDENT_1A9546515085,4E4632B,COURSE_4E4632BBE56E
STUDENT_1A9546515085,165B6EC,COURSE_165B6EC64386
STUDENT_6F5226C78407,A419E04,COURSE_A419E04C917F
STUDENT_6F5226C78407,69DBF44,COURSE_69DBF44B3D90
STUDENT_6F5226C78407,258D4B8,COURSE_258D4B85BE0B
STUDENT_6F5226C78407,9316CD4,COURSE_9316CD4D881E
STUDENT_6F5226C78407,F2EB940,COURSE_F2EB940C16DE
STUDENT_0CFA1212DF5B,FF52A45,COURSE_FF52A456A828
STUDENT_0CFA1212DF5B,AFFC57F,COURSE_AFFC57FABE98
STUDENT_0CFA1212DF5B,9E6B1F1,COURSE_9E6B1F18531F
STUDENT_0CFA1212DF5B,AFF1D77,COURSE_AFF1D77BF8D8
STUDENT_0CFA1212DF5B,BAFD130,COURSE_BAFD130A3032
STUDENT_91690176C018,80EAE88,COURSE_80EAE885256A
STUDENT_91690176C018,250D49A,COURSE_250D49A6137B
STUDENT_91690176C018,32D5691,COURSE_32D569186237
STUDENT_91690176C018,24A18A5,COURSE_24A18A5B3FF2
STUDENT_91690176C018,F2EB940,COURSE_F2EB940C16DE
STUDENT_6F46DACDDC0F,986F248,COURSE_986F248A2D8A
STUDENT_A302ED57A3BF,6513E08,COURSE_6513E08F6B17
STUDENT_ADFEF0F3B943,80EAE88,COURSE_80EAE885256A
STUDENT_ADFEF0F3B943,250D49A,COURSE_250D49A6137B
STUDENT_ADFEF0F3B943,32D5691,COURSE_32D569186237
STUDENT_ADFEF0F3B943,24A18A5,COURSE_24A18A5B3FF2
STUDENT_ADFEF0F3B943,F2EB940,COURSE_F2EB940C16DE
STUDENT_6C1660F28735,691E308,COURSE_691E308022A0
STUDENT_6C1660F28735,8702F1E,COURSE_8702F1EA55DA
STUDENT_B355EFA19AA2,6AEB855,COURSE_6AEB8553B28E
STUDENT_D8DD15D9FB71,6E363D6,COURSE_6E363D600BA1
STUDENT_D8DD15D9FB71,8928BF4,COURSE_8928BF411C22
STUDENT_D8DD15D9FB71,342173B,COURSE_342173B29394
STUDENT_D8DD15D9FB71,9772A41,COURSE_9772A418992F
STUDENT_D8DD15D9FB71,C40C59E,COURSE_C40C59E77909
STUDENT_10164F9492B0,BB7F370,COURSE_BB7F370548AA
STUDENT_10164F9492B0,2AB210B,COURSE_2AB210BBEC8C
STUDENT_0D49DC44ACCB,58B4C36,COURSE_58B4C3685A81
STUDENT_0D49DC44ACCB,B4B5B8E,COURSE_B4B5B8E85C6D
STUDENT_0D49DC44ACCB,F911ACE,COURSE_F911ACEAA7B5
STUDENT_0D49DC44ACCB,4457B1D,COURSE_4457B1DB75EA
STUDENT_0D49DC44ACCB,91BFF3B,COURSE_91BFF3B09E00
STUDENT_0D49DC44ACCB,2AB210B,COURSE_2AB210BBEC8C
STUDENT_443E9379F07C,1EB8DAB,COURSE_1EB8DABCEE22
STUDENT_443E9379F07C,EC38A74,COURSE_EC38A741879B
STUDENT_443E9379F07C,6AE5916,COURSE_6AE5916D0725
STUDENT_443E9379F07C,D60A15E,COURSE_D60A15E39D9C
STUDENT_443E9379F07C,9F8E751,COURSE_9F8E7511D62C
STUDENT_443E9379F07C,9C6DF31,COURSE_9C6DF318F006
STUDENT_801D5CBFE912,3F1B128,COURSE_3F1B1281DACC
STUDENT_801D5CBFE912,64056FA,COURSE_64056FA06151
STUDENT_801D5CBFE912,BB7F370,COURSE_BB7F370548AA
STUDENT_801D5CBFE912,0173213,COURSE_0173213F93B6
STUDENT_801D5CBFE912,F34ADCC,COURSE_F34ADCCF6010
STUDENT_801D5CBFE912,CE06967,COURSE_CE06967084F9
STUDENT_8C69B2BC411D,A419E04,COURSE_A419E04C917F
STUDENT_8C69B2BC411D,69DBF44,COURSE_69DBF44B3D90
STUDENT_8C69B2BC411D,258D4B8,COURSE_258D4B85BE0B
STUDENT_8C69B2BC411D,9316CD4,COURSE_9316CD4D881E
STUDENT_8C69B2BC411D,BAFD130,COURSE_BAFD130A3032
STUDENT_6930656291C6,C0809A7,COURSE_C0809A768480
STUDENT_6930656291C6,6913DA1,COURSE_6913DA13F5CD
STUDENT_6930656291C6,2271E57,COURSE_2271E57A6113
STUDENT_6930656291C6,653E100,COURSE_653E100DE826
STUDENT_6930656291C6,07FFBA6,COURSE_07FFBA646CB9
STUDENT_00573C054696,6AEB855,COURSE_6AEB8553B28E
STUDENT_00573C054696,28DA87B,COURSE_28DA87BD0111
STUDENT_00573C054696,383B616,COURSE_383B6165A0C6
STUDENT_00573C054696,81F8284,COURSE_81F8284E70A1
STUDENT_00573C054696,6BF0AA9,COURSE_6BF0AA9F243F
STUDENT_C3C6E98CE4CF,64056FA,COURSE_64056FA06151
STUDENT_C3C6E98CE4CF,BB7F370,COURSE_BB7F370548AA
STUDENT_C3C6E98CE4CF,0173213,COURSE_0173213F93B6
STUDENT_C3C6E98CE4CF,F34ADCC,COURSE_F34ADCCF6010
STUDENT_C3C6E98CE4CF,3444FA0,COURSE_3444FA0063FE
STUDENT_FD3B6255B0CA,6C418F3,COURSE_6C418F3F4ACC
STUDENT_730F798E5DC5,81F8284,COURSE_81F8284E70A1
STUDENT_730F798E5DC5,81AC608,COURSE_81AC608D129E
STUDENT_730F798E5DC5,847CF53,COURSE_847CF537763E
STUDENT_730F798E5DC5,75BD307,COURSE_75BD3070F668
STUDENT_A93A53A702C7,99173EC,COURSE_99173EC7A0C3
STUDENT_A93A53A702C7,49EFDEC,COURSE_49EFDEC4AD22
STUDENT_B0271509E4AB,80EAE88,COURSE_80EAE885256A
STUDENT_B0271509E4AB,250D49A,COURSE_250D49A6137B
STUDENT_B0271509E4AB,32D5691,COURSE_32D569186237
STUDENT_B0271509E4AB,24A18A5,COURSE_24A18A5B3FF2
STUDENT_B0271509E4AB,F2EB940,COURSE_F2EB940C16DE
STUDENT_DAF8E68D7D49,121C1E5,COURSE_121C1E5CA81A
STUDENT_DAF8E68D7D49,C0809A7,COURSE_C0809A768480
STUDENT_DAF8E68D7D49,6913DA1,COURSE_6913DA13F5CD
STUDENT_DAF8E68D7D49,2271E57,COURSE_2271E57A6113
STUDENT_DAF8E68D7D49,9057D89,COURSE_9057D894165E
STUDENT_DAF8E68D7D49,165B6EC,COURSE_165B6EC64386
STUDENT_73CAF5610FAA,258D4B8,COURSE_258D4B85BE0B
STUDENT_73CAF5610FAA,A419E04,COURSE_A419E04C917F
STUDENT_73CAF5610FAA,6913DA1,COURSE_6913DA13F5CD
STUDENT_73CAF5610FAA,2271E57,COURSE_2271E57A6113
STUDENT_73CAF5610FAA,9057D89,COURSE_9057D894165E
STUDENT_73CAF5610FAA,9F8E751,COURSE_9F8E7511D62C
STUDENT_6D7D3AF52508,69DBF44,COURSE_69DBF44B3D90
STUDENT_6D7D3AF52508,30902F4,COURSE_30902F436CC4
STUDENT_6D7D3AF52508,83D7482,COURSE_83D748271771
STUDENT_6D7D3AF52508,B936E4C,COURSE_B936E4CB244C
STUDENT_EBEB97FC91D3,81F8284,COURSE_81F8284E70A1
STUDENT_EBEB97FC91D3,81AC608,COURSE_81AC608D129E
STUDENT_EBEB97FC91D3,847CF53,COURSE_847CF537763E
STUDENT_EBEB97FC91D3,75BD307,COURSE_75BD3070F668
STUDENT_D4E2108ACAFF,4DFDBD5,COURSE_4DFDBD5A1EAB
STUDENT_D4E2108ACAFF,195AC94,COURSE_195AC942FF0E
STUDENT_A84DC3760CBD,A419E04,COURSE_A419E04C917F
STUDENT_A84DC3760CBD,1AA2066,COURSE_1AA20669074A
STUDENT_A84DC3760CBD,4DFDBD5,COURSE_4DFDBD5A1EAB
STUDENT_A84DC3760CBD,6F2977C,COURSE_6F2977CBA34F
STUDENT_A84DC3760CBD,C0809A7,COURSE_C0809A768480
STUDENT_A84DC3760CBD,4E2B40A,COURSE_4E2B40A02EA8
STUDENT_A84DC3760CBD,9F8E751,COURSE_9F8E7511D62C
STUDENT_59B6FADDCAD7,D83CCF6,COURSE_D83CCF67F12C
STUDENT_59B6FADDCAD7,1955497,COURSE_19554970F628
STUDENT_59B6FADDCAD7,500C8E8,COURSE_500C8E8E485C
STUDENT_59B6FADDCAD7,47510C7,COURSE_47510C7D6B2A
STUDENT_59B6FADDCAD7,5DB4771,COURSE_5DB4771B0A79
STUDENT_59B6FADDCAD7,165B6EC,COURSE_165B6EC64386
STUDENT_0CFBBC478231,5DCF966,COURSE_5DCF966FA1E3
STUDENT_0CFBBC478231,99173EC,COURSE_99173EC7A0C3
STUDENT_0CFBBC478231,099DA73,COURSE_099DA73E98E3
STUDENT_5EE139AC0DDF,9772A41,COURSE_9772A418992F
STUDENT_5EE139AC0DDF,90C1B72,COURSE_90C1B7254FDD
STUDENT_5EE139AC0DDF,645A680,COURSE_645A680E52B7
STUDENT_5EE139AC0DDF,0186BC3,COURSE_0186BC3B6640
STUDENT_DE5441128E86,D83CCF6,COURSE_D83CCF67F12C
STUDENT_DE5441128E86,1955497,COURSE_19554970F628
STUDENT_DE5441128E86,500C8E8,COURSE_500C8E8E485C
STUDENT_DE5441128E86,47510C7,COURSE_47510C7D6B2A
STUDENT_DE5441128E86,5DB4771,COURSE_5DB4771B0A79
STUDENT_DE5441128E86,165B6EC,COURSE_165B6EC64386
STUDENT_0022F51AC9D2,A419E04,COURSE_A419E04C917F
STUDENT_0022F51AC9D2,69DBF44,COURSE_69DBF44B3D90
STUDENT_0022F51AC9D2,258D4B8,COURSE_258D4B85BE0B
STUDENT_0022F51AC9D2,9316CD4,COURSE_9316CD4D881E
STUDENT_0022F51AC9D2,F2EB940,COURSE_F2EB940C16DE
STUDENT_EFC85A73C06B,6E363D6,COURSE_6E363D600BA1
STUDENT_EFC85A73C06B,8928BF4,COURSE_8928BF411C22
STUDENT_EFC85A73C06B,91BFF3B,COURSE_91BFF3B09E00
STUDENT_EFC85A73C06B,80EAE88,COURSE_80EAE885256A
STUDENT_EFC85A73C06B,9772A41,COURSE_9772A418992F
STUDENT_3A96F5C1EC87,83D7482,COURSE_83D748271771
STUDENT_3A96F5C1EC87,190013B,COURSE_190013BFF7C1
STUDENT_3A96F5C1EC87,3A566B2,COURSE_3A566B2FDF91
STUDENT_3A96F5C1EC87,61C7475,COURSE_61C74758B507
STUDENT_3A96F5C1EC87,2272A89,COURSE_2272A89A56F1
STUDENT_3A96F5C1EC87,28DA87B,COURSE_28DA87BD0111
STUDENT_E3E15EE4B3B4,64056FA,COURSE_64056FA06151
STUDENT_E3E15EE4B3B4,BB7F370,COURSE_BB7F370548AA
STUDENT_E3E15EE4B3B4,0173213,COURSE_0173213F93B6
STUDENT_E3E15EE4B3B4,78104A3,COURSE_78104A3E8A10
STUDENT_E3E15EE4B3B4,EB9466F,COURSE_EB9466FE229C
STUDENT_2BCE1EFD7FB2,258D4B8,COURSE_258D4B85BE0B
STUDENT_2BCE1EFD7FB2,81A8D50,COURSE_81A8D508C067
STUDENT_2BCE1EFD7FB2,69DBF44,COURSE_69DBF44B3D90
STUDENT_2BCE1EFD7FB2,6913DA1,COURSE_6913DA13F5CD
STUDENT_2BCE1EFD7FB2,2271E57,COURSE_2271E57A6113
STUDENT_2BCE1EFD7FB2,9057D89,COURSE_9057D894165E
STUDENT_DA3A924C9BF8,FCF20E6,COURSE_FCF20E6D19D8
STUDENT_DA3A924C9BF8,BB7F370,COURSE_BB7F370548AA
STUDENT_DA3A924C9BF8,0173213,COURSE_0173213F93B6
STUDENT_DA3A924C9BF8,6AEB855,COURSE_6AEB8553B28E
STUDENT_DA3A924C9BF8,F34ADCC,COURSE_F34ADCCF6010
STUDENT_0876E7246502,80EAE88,COURSE_80EAE885256A
STUDENT_0876E7246502,250D49A,COURSE_250D49A6137B
STUDENT_0876E7246502,32D5691,COURSE_32D569186237
STUDENT_0876E7246502,24A18A5,COURSE_24A18A5B3FF2
STUDENT_0876E7246502,F2EB940,COURSE_F2EB940C16DE
STUDENT_936CDF2C9D5E,6E363D6,COURSE_6E363D600BA1
STUDENT_936CDF2C9D5E,8928BF4,COURSE_8928BF411C22
STUDENT_936CDF2C9D5E,342173B,COURSE_342173B29394
STUDENT_936CDF2C9D5E,9772A41,COURSE_9772A418992F
STUDENT_936CDF2C9D5E,C40C59E,COURSE_C40C59E77909
STUDENT_96F14CBD8B90,90C1B72,COURSE_90C1B7254FDD
STUDENT_96F14CBD8B90,645A680,COURSE_645A680E52B7
STUDENT_96F14CBD8B90,0186BC3,COURSE_0186BC3B6640
STUDENT_96F14CBD8B90,32D5691,COURSE_32D569186237
STUDENT_A4A5ED3CFBB4,1EB8DAB,COURSE_1EB8DABCEE22
STUDENT_A4A5ED3CFBB4,EC38A74,COURSE_EC38A741879B
STUDENT_A4A5ED3CFBB4,6AE5916,COURSE_6AE5916D0725
STUDENT_A4A5ED3CFBB4,9F8E751,COURSE_9F8E7511D62C
STUDENT_A4A5ED3CFBB4,9C6DF31,COURSE_9C6DF318F006
STUDENT_A4A5ED3CFBB4,CE06967,COURSE_CE06967084F9
STUDENT_E5700F6F48C6,D83CCF6,COURSE_D83CCF67F12C
STUDENT_E5700F6F48C6,1955497,COURSE_19554970F628
STUDENT_E5700F6F48C6,500C8E8,COURSE_500C8E8E485C
STUDENT_E5700F6F48C6,47510C7,COURSE_47510C7D6B2A
STUDENT_E5700F6F48C6,5DB4771,COURSE_5DB4771B0A79
STUDENT_E5700F6F48C6,165B6EC,COURSE_165B6EC64386
STUDENT_600FEAD21305,157E49E,COURSE_157E49E5EB6E
STUDENT_600FEAD21305,A419E04,COURSE_A419E04C917F
STUDENT_600FEAD21305,9316CD4,COURSE_9316CD4D881E
STUDENT_600FEAD21305,B936E4C,COURSE_B936E4CB244C
STUDENT_7F1C71C6D93E,BB7F370,COURSE_BB7F370548AA
STUDENT_7F1C71C6D93E,0173213,COURSE_0173213F93B6
STUDENT_7F1C71C6D93E,2AB210B,COURSE_2AB210BBEC8C
STUDENT_7F1C71C6D93E,9A1418F,COURSE_9A1418F9C846
STUDENT_7F1C71C6D93E,6AEB855,COURSE_6AEB8553B28E
STUDENT_EE39698FBDEC,2B7ADA6,COURSE_2B7ADA67C898
STUDENT_EE39698FBDEC,250D49A,COURSE_250D49A6137B
STUDENT_EE39698FBDEC,32D5691,COURSE_32D569186237
STUDENT_EE39698FBDEC,24A18A5,COURSE_24A18A5B3FF2
STUDENT_EE39698FBDEC,F2EB940,COURSE_F2EB940C16DE
STUDENT_F555B863517B,157E49E,COURSE_157E49E5EB6E
STUDENT_F555B863517B,A419E04,COURSE_A419E04C917F
STUDENT_F555B863517B,9316CD4,COURSE_9316CD4D881E
STUDENT_F555B863517B,69DBF44,COURSE_69DBF44B3D90
STUDENT_528A9B863B39,383B616,COURSE_383B6165A0C6
STUDENT_528A9B863B39,81F8284,COURSE_81F8284E70A1
STUDENT_528A9B863B39,81AC608,COURSE_81AC608D129E
STUDENT_528A9B863B39,847CF53,COURSE_847CF537763E
STUDENT_5F70699AC510,190013B,COURSE_190013BFF7C1
STUDENT_5F70699AC510,3A566B2,COURSE_3A566B2FDF91
STUDENT_5F70699AC510,61C7475,COURSE_61C74758B507
STUDENT_5F70699AC510,2272A89,COURSE_2272A89A56F1
STUDENT_5F70699AC510,49EFDEC,COURSE_49EFDEC4AD22
STUDENT_1AD97B479B49,BB7F370,COURSE_BB7F370548AA
STUDENT_13B94C9EFB26,8928BF4,COURSE_8928BF411C22
STUDENT_13B94C9EFB26,C79A295,COURSE_C79A295DA02B
STUDENT_13B94C9EFB26,3F1B128,COURSE_3F1B1281DACC
STUDENT_13B94C9EFB26,2B7ADA6,COURSE_2B7ADA67C898
STUDENT_13B94C9EFB26,355947D,COURSE_355947D15102
STUDENT_332E906163AF,80EAE88,COURSE_80EAE885256A
STUDENT_332E906163AF,B4B5B8E,COURSE_B4B5B8E85C6D
STUDENT_7AE27830143C,58B4C36,COURSE_58B4C3685A81
STUDENT_7AE27830143C,B4B5B8E,COURSE_B4B5B8E85C6D
STUDENT_7AE27830143C,F911ACE,COURSE_F911ACEAA7B5
STUDENT_7AE27830143C,4457B1D,COURSE_4457B1DB75EA
STUDENT_7AE27830143C,91BFF3B,COURSE_91BFF3B09E00
STUDENT_7AE27830143C,C40C59E,COURSE_C40C59E77909
STUDENT_EB30802AD8C2,383B616,COURSE_383B6165A0C6
STUDENT_EB30802AD8C2,81F8284,COURSE_81F8284E70A1
STUDENT_EB30802AD8C2,81AC608,COURSE_81AC608D129E
STUDENT_EB30802AD8C2,75BD307,COURSE_75BD3070F668
STUDENT_9F396EFBCFAD,190013B,COURSE_190013BFF7C1
STUDENT_9F396EFBCFAD,3A566B2,COURSE_3A566B2FDF91
STUDENT_9F396EFBCFAD,61C7475,COURSE_61C74758B507
STUDENT_9F396EFBCFAD,2272A89,COURSE_2272A89A56F1
STUDENT_9F396EFBCFAD,49EFDEC,COURSE_49EFDEC4AD22
STUDENT_722987244EA5,A419E04,COURSE_A419E04C917F
STUDENT_722987244EA5,9316CD4,COURSE_9316CD4D881E
STUDENT_722987244EA5,FF52A45,COURSE_FF52A456A828
STUDENT_722987244EA5,AFF1D77,COURSE_AFF1D77BF8D8
STUDENT_722987244EA5,88A5BB2,COURSE_88A5BB2A9E50
STUDENT_722987244EA5,2A9F863,COURSE_2A9F8630D88C
STUDENT_722987244EA5,BAFD130,COURSE_BAFD130A3032
STUDENT_8403696E75D0,DF6FC47,COURSE_DF6FC470A7CD
STUDENT_8403696E75D0,DBC12C3,COURSE_DBC12C371F89
STUDENT_8403696E75D0,5CB16CB,COURSE_5CB16CB795C3
STUDENT_8403696E75D0,66A6CAF,COURSE_66A6CAFEFBDE
STUDENT_8403696E75D0,1330BF6,COURSE_1330BF611256
STUDENT_6945744F572B,A419E04,COURSE_A419E04C917F
STUDENT_6945744F572B,69DBF44,COURSE_69DBF44B3D90
STUDENT_6945744F572B,258D4B8,COURSE_258D4B85BE0B
STUDENT_6945744F572B,9316CD4,COURSE_9316CD4D881E
STUDENT_6945744F572B,4F8DAE0,COURSE_4F8DAE02A7A0
STUDENT_F094785096FF,47E4DB4,COURSE_47E4DB4D9F6E
STUDENT_F094785096FF,28DA87B,COURSE_28DA87BD0111
STUDENT_F094785096FF,3A124DB,COURSE_3A124DB43FF4
STUDENT_F094785096FF,4F8DAE0,COURSE_4F8DAE02A7A0
STUDENT_F094785096FF,5DB4771,COURSE_5DB4771B0A79
STUDENT_4089359D10D7,6E363D6,COURSE_6E363D600BA1
STUDENT_4089359D10D7,8928BF4,COURSE_8928BF411C22
STUDENT_4089359D10D7,342173B,COURSE_342173B29394
STUDENT_4089359D10D7,9772A41,COURSE_9772A418992F
STUDENT_4089359D10D7,3F1B128,COURSE_3F1B1281DACC
STUDENT_4089359D10D7,E00D025,COURSE_E00D02523E87
STUDENT_A35873CE2713,157E49E,COURSE_157E49E5EB6E
STUDENT_A35873CE2713,9316CD4,COURSE_9316CD4D881E
STUDENT_A35873CE2713,30902F4,COURSE_30902F436CC4
STUDENT_A35873CE2713,83D7482,COURSE_83D748271771
STUDENT_A35873CE2713,B936E4C,COURSE_B936E4CB244C
STUDENT_CBFEADF2CAB5,91BFF3B,COURSE_91BFF3B09E00
STUDENT_CBFEADF2CAB5,0173213,COURSE_0173213F93B6
STUDENT_ED636A9D0DB5,C79A295,COURSE_C79A295DA02B
STUDENT_ED636A9D0DB5,3F1B128,COURSE_3F1B1281DACC
STUDENT_ED636A9D0DB5,2B7ADA6,COURSE_2B7ADA67C898
STUDENT_ED636A9D0DB5,355947D,COURSE_355947D15102
STUDENT_ED636A9D0DB5,E00D025,COURSE_E00D02523E87
STUDENT_D901F2478A10,64056FA,COURSE_64056FA06151
STUDENT_D901F2478A10,BB7F370,COURSE_BB7F370548AA
STUDENT_D901F2478A10,9A1418F,COURSE_9A1418F9C846
STUDENT_D901F2478A10,C79A295,COURSE_C79A295DA02B
STUDENT_BF484F61CD2C,A419E04,COURSE_A419E04C917F
STUDENT_BF484F61CD2C,69DBF44,COURSE_69DBF44B3D90
STUDENT_BF484F61CD2C,258D4B8,COURSE_258D4B85BE0B
STUDENT_BF484F61CD2C,9316CD4,COURSE_9316CD4D881E
STUDENT_BF484F61CD2C,F2EB940,COURSE_F2EB940C16DE
STUDENT_5A47EF7DCC13,BAFD130,COURSE_BAFD130A3032
STUDENT_2F70EA8413C6,157E49E,COURSE_157E49E5EB6E
STUDENT_2F70EA8413C6,A419E04,COURSE_A419E04C917F
STUDENT_2F70EA8413C6,9316CD4,COURSE_9316CD4D881E
STUDENT_2F70EA8413C6,69DBF44,COURSE_69DBF44B3D90
STUDENT_93113718C9D0,691E308,COURSE_691E308022A0
STUDENT_93113718C9D0,91D9143,COURSE_91D914364C5C
STUDENT_DD73D81899F3,9316CD4,COURSE_9316CD4D881E
STUDENT_DD73D81899F3,30902F4,COURSE_30902F436CC4
STUDENT_DD73D81899F3,83D7482,COURSE_83D748271771
STUDENT_DD73D81899F3,B936E4C,COURSE_B936E4CB244C
STUDENT_375AD0FF14EE,4DFDBD5,COURSE_4DFDBD5A1EAB
STUDENT_375AD0FF14EE,2271E57,COURSE_2271E57A6113
STUDENT_6772FB23A6D2,383B616,COURSE_383B6165A0C6
STUDENT_6772FB23A6D2,81F8284,COURSE_81F8284E70A1
STUDENT_6772FB23A6D2,6BF0AA9,COURSE_6BF0AA9F243F
STUDENT_6772FB23A6D2,6B4B9A8,COURSE_6B4B9A851F21
STUDENT_E703EE603F89,383B616,COURSE_383B6165A0C6
STUDENT_E703EE603F89,81F8284,COURSE_81F8284E70A1
STUDENT_E703EE603F89,81AC608,COURSE_81AC608D129E
STUDENT_E703EE603F89,6B4B9A8,COURSE_6B4B9A851F21
STUDENT_E703EE603F89,195AC94,COURSE_195AC942FF0E
STUDENT_365568D315DB,383B616,COURSE_383B6165A0C6
STUDENT_365568D315DB,81F8284,COURSE_81F8284E70A1
STUDENT_365568D315DB,81AC608,COURSE_81AC608D129E
STUDENT_365568D315DB,847CF53,COURSE_847CF537763E
STUDENT_FD54C645505C,4DFDBD5,COURSE_4DFDBD5A1EAB
STUDENT_FD54C645505C,6F2977C,COURSE_6F2977CBA34F
STUDENT_FD54C645505C,6913DA1,COURSE_6913DA13F5CD
STUDENT_FD54C645505C,F8FF4AF,COURSE_F8FF4AFC0BCD
STUDENT_FD54C645505C,2271E57,COURSE_2271E57A6113
STUDENT_3D58FE0F5E8E,BB7F370,COURSE_BB7F370548AA
STUDENT_3D58FE0F5E8E,EB9466F,COURSE_EB9466FE229C
STUDENT_3D58FE0F5E8E,9A1418F,COURSE_9A1418F9C846
STUDENT_E1EBEBB27E3E,EC38A74,COURSE_EC38A741879B
STUDENT_E1EBEBB27E3E,EE22381,COURSE_EE2238133323
STUDENT_E1EBEBB27E3E,6AE5916,COURSE_6AE5916D0725
STUDENT_E1EBEBB27E3E,D60A15E,COURSE_D60A15E39D9C
STUDENT_E1EBEBB27E3E,9F8E751,COURSE_9F8E7511D62C
STUDENT_E1EBEBB27E3E,BF0C1E7,COURSE_BF0C1E79B695
STUDENT_BE0D39C5625E,BB7F370,COURSE_BB7F370548AA
STUDENT_BE0D39C5625E,EB9466F,COURSE_EB9466FE229C
STUDENT_BE0D39C5625E,9A1418F,COURSE_9A1418F9C846
STUDENT_7C70F38296EC,645A680,COURSE_645A680E52B7
STUDENT_7C70F38296EC,81F8284,COURSE_81F8284E70A1
STUDENT_7C70F38296EC,6BF0AA9,COURSE_6BF0AA9F243F
STUDENT_7C70F38296EC,6B4B9A8,COURSE_6B4B9A851F21
STUDENT_E83BD28B4090,28DA87B,COURSE_28DA87BD0111
STUDENT_E83BD28B4090,383B616,COURSE_383B6165A0C6
STUDENT_E83BD28B4090,81F8284,COURSE_81F8284E70A1
STUDENT_E83BD28B4090,6BF0AA9,COURSE_6BF0AA9F243F
STUDENT_E83BD28B4090,6B4B9A8,COURSE_6B4B9A851F21
STUDENT_70A6D18651D1,645A680,COURSE_645A680E52B7
STUDENT_70A6D18651D1,81F8284,COURSE_81F8284E70A1
STUDENT_70A6D18651D1,6BF0AA9,COURSE_6BF0AA9F243F
STUDENT_70A6D18651D1,6B4B9A8,COURSE_6B4B9A851F21
STUDENT_B58C339B7C51,28DA87B,COURSE_28DA87BD0111
STUDENT_B58C339B7C51,383B616,COURSE_383B6165A0C6
STUDENT_B58C339B7C51,81F8284,COURSE_81F8284E70A1
STUDENT_B58C339B7C51,6BF0AA9,COURSE_6BF0AA9F243F
STUDENT_B58C339B7C51,6B4B9A8,COURSE_6B4B9A851F21
STUDENT_F60DD3D5866D,C834FC6,COURSE_C834FC623CA7
STUDENT_F60DD3D5866D,383B616,COURSE_383B6165A0C6
STUDENT_F60DD3D5866D,6B4B9A8,COURSE_6B4B9A851F21
STUDENT_BB104C545B8D,258D4B8,COURSE_258D4B85BE0B
STUDENT_BB104C545B8D,AFFC57F,COURSE_AFFC57FABE98
STUDENT_BB104C545B8D,AFF1D77,COURSE_AFF1D77BF8D8
STUDENT_BB104C545B8D,88A5BB2,COURSE_88A5BB2A9E50
STUDENT_4E63028CD69D,6F2977C,COURSE_6F2977CBA34F
STUDENT_4E63028CD69D,C0809A7,COURSE_C0809A768480
STUDENT_4E63028CD69D,4E2B40A,COURSE_4E2B40A02EA8
STUDENT_4E63028CD69D,1C5D6A5,COURSE_1C5D6A56EC25
STUDENT_4E63028CD69D,653E100,COURSE_653E100DE826
STUDENT_4E63028CD69D,9F8E751,COURSE_9F8E7511D62C
STUDENT_7B13DEA2D96D,D83CCF6,COURSE_D83CCF67F12C
STUDENT_7B13DEA2D96D,1955497,COURSE_19554970F628
STUDENT_7B13DEA2D96D,500C8E8,COURSE_500C8E8E485C
STUDENT_7B13DEA2D96D,47510C7,COURSE_47510C7D6B2A
STUDENT_7B13DEA2D96D,5DB4771,COURSE_5DB4771B0A79
STUDENT_7B13DEA2D96D,165B6EC,COURSE_165B6EC64386
STUDENT_6F7B57B52900,9316CD4,COURSE_9316CD4D881E
STUDENT_6F7B57B52900,30902F4,COURSE_30902F436CC4
STUDENT_6F7B57B52900,83D7482,COURSE_83D748271771
STUDENT_6F7B57B52900,B936E4C,COURSE_B936E4CB244C
STUDENT_FD479BFDEDE6,B4B5B8E,COURSE_B4B5B8E85C6D
STUDENT_FD479BFDEDE6,9C6DF31,COURSE_9C6DF318F006
STUDENT_FD479BFDEDE6,6AE5916,COURSE_6AE5916D0725
STUDENT_449C48D41BF0,6E363D6,COURSE_6E363D600BA1
STUDENT_449C48D41BF0,8928BF4,COURSE_8928BF411C22
STUDENT_449C48D41BF0,91BFF3B,COURSE_91BFF3B09E00
STUDENT_449C48D41BF0,9772A41,COURSE_9772A418992F
STUDENT_449C48D41BF0,4457B1D,COURSE_4457B1DB75EA
STUDENT_252FFF472397,FF52A45,COURSE_FF52A456A828
STUDENT_252FFF472397,AFFC57F,COURSE_AFFC57FABE98
STUDENT_252FFF472397,9E6B1F1,COURSE_9E6B1F18531F
STUDENT_252FFF472397,AFF1D77,COURSE_AFF1D77BF8D8
STUDENT_252FFF472397,BAFD130,COURSE_BAFD130A3032
STUDENT_05329AC071DD,DF6FC47,COURSE_DF6FC470A7CD
STUDENT_05329AC071DD,DBC12C3,COURSE_DBC12C371F89
STUDENT_05329AC071DD,5CB16CB,COURSE_5CB16CB795C3
STUDENT_05329AC071DD,66A6CAF,COURSE_66A6CAFEFBDE
STUDENT_05329AC071DD,5DCF966,COURSE_5DCF966FA1E3
STUDENT_AE110CFCC484,58B4C36,COURSE_58B4C3685A81
STUDENT_AE110CFCC484,B4B5B8E,COURSE_B4B5B8E85C6D
STUDENT_AE110CFCC484,F911ACE,COURSE_F911ACEAA7B5
STUDENT_AE110CFCC484,4457B1D,COURSE_4457B1DB75EA
STUDENT_AE110CFCC484,91BFF3B,COURSE_91BFF3B09E00
STUDENT_AE110CFCC484,80EAE88,COURSE_80EAE885256A
STUDENT_60A256F62A89,58B4C36,COURSE_58B4C3685A81
STUDENT_60A256F62A89,B4B5B8E,COURSE_B4B5B8E85C6D
STUDENT_60A256F62A89,F911ACE,COURSE_F911ACEAA7B5
STUDENT_60A256F62A89,4457B1D,COURSE_4457B1DB75EA
STUDENT_60A256F62A89,91BFF3B,COURSE_91BFF3B09E00
STUDENT_60A256F62A89,80EAE88,COURSE_80EAE885256A
STUDENT_434E4553282F,9316CD4,COURSE_9316CD4D881E
STUDENT_434E4553282F,165B6EC,COURSE_165B6EC64386
STUDENT_434E4553282F,2962003,COURSE_2962003E8EB8
STUDENT_434E4553282F,47E4DB4,COURSE_47E4DB4D9F6E
STUDENT_434E4553282F,28DA87B,COURSE_28DA87BD0111
STUDENT_434E4553282F,3A124DB,COURSE_3A124DB43FF4
STUDENT_434E4553282F,5DB4771,COURSE_5DB4771B0A79
STUDENT_1FC72527144A,90C1B72,COURSE_90C1B7254FDD
STUDENT_1FC72527144A,FCF20E6,COURSE_FCF20E6D19D8
STUDENT_1FC72527144A,C79A295,COURSE_C79A295DA02B
STUDENT_EA2FDCFA5A0A,58B4C36,COURSE_58B4C3685A81
STUDENT_EA2FDCFA5A0A,B4B5B8E,COURSE_B4B5B8E85C6D
STUDENT_EA2FDCFA5A0A,F911ACE,COURSE_F911ACEAA7B5
STUDENT_EA2FDCFA5A0A,4457B1D,COURSE_4457B1DB75EA
STUDENT_EA2FDCFA5A0A,91BFF3B,COURSE_91BFF3B09E00
STUDENT_EA2FDCFA5A0A,0D5AE07,COURSE_0D5AE07010E3
STUDENT_971800251A46,250D49A,COURSE_250D49A6137B
STUDENT_96071E74D538,8928BF4,COURSE_8928BF411C22
STUDENT_96071E74D538,C79A295,COURSE_C79A295DA02B
STUDENT_96071E74D538,3F1B128,COURSE_3F1B1281DACC
STUDENT_96071E74D538,2B7ADA6,COURSE_2B7ADA67C898
STUDENT_96071E74D538,355947D,COURSE_355947D15102
STUDENT_DBD721410F67,9316CD4,COURSE_9316CD4D881E
STUDENT_DBD721410F67,30902F4,COURSE_30902F436CC4
STUDENT_DBD721410F67,83D7482,COURSE_83D748271771
STUDENT_DBD721410F67,B936E4C,COURSE_B936E4CB244C
STUDENT_F37E3265F766,F911ACE,COURSE_F911ACEAA7B5
STUDENT_F37E3265F766,4457B1D,COURSE_4457B1DB75EA
STUDENT_FE479639F51A,F911ACE,COURSE_F911ACEAA7B5
STUDENT_FE479639F51A,4457B1D,COURSE_4457B1DB75EA
STUDENT_FB16658107C6,6E363D6,COURSE_6E363D600BA1
STUDENT_FB16658107C6,8928BF4,COURSE_8928BF411C22
STUDENT_FB16658107C6,342173B,COURSE_342173B29394
STUDENT_FB16658107C6,9772A41,COURSE_9772A418992F
STUDENT_FB16658107C6,F2EB940,COURSE_F2EB940C16DE
STUDENT_BF0039E7B029,0186BC3,COURSE_0186BC3B6640
STUDENT_BF0039E7B029,3444FA0,COURSE_3444FA0063FE
STUDENT_1C50E5AFD1E8,157E49E,COURSE_157E49E5EB6E
STUDENT_1C50E5AFD1E8,A419E04,COURSE_A419E04C917F
STUDENT_1C50E5AFD1E8,9316CD4,COURSE_9316CD4D881E
STUDENT_1C50E5AFD1E8,69DBF44,COURSE_69DBF44B3D90
STUDENT_1FB26A87F402,D83CCF6,COURSE_D83CCF67F12C
STUDENT_1FB26A87F402,1955497,COURSE_19554970F628
STUDENT_1FB26A87F402,500C8E8,COURSE_500C8E8E485C
STUDENT_1FB26A87F402,47510C7,COURSE_47510C7D6B2A
STUDENT_1FB26A87F402,5DB4771,COURSE_5DB4771B0A79
STUDENT_1FB26A87F402,165B6EC,COURSE_165B6EC64386
STUDENT_D4486F1CCD2A,9772A41,COURSE_9772A418992F
STUDENT_D4486F1CCD2A,2962003,COURSE_2962003E8EB8
STUDENT_D4486F1CCD2A,47E4DB4,COURSE_47E4DB4D9F6E
STUDENT_D4486F1CCD2A,28DA87B,COURSE_28DA87BD0111
STUDENT_D4486F1CCD2A,3A124DB,COURSE_3A124DB43FF4
STUDENT_D4486F1CCD2A,5DB4771,COURSE_5DB4771B0A79
STUDENT_7BC598CE6F08,8928BF4,COURSE_8928BF411C22
STUDENT_7BC598CE6F08,C79A295,COURSE_C79A295DA02B
STUDENT_7BC598CE6F08,3F1B128,COURSE_3F1B1281DACC
STUDENT_7BC598CE6F08,2B7ADA6,COURSE_2B7ADA67C898
STUDENT_7BC598CE6F08,355947D,COURSE_355947D15102
STUDENT_6CACD11AAC6C,1AA2066,COURSE_1AA20669074A
STUDENT_6CACD11AAC6C,6F2977C,COURSE_6F2977CBA34F
STUDENT_6CACD11AAC6C,4E2B40A,COURSE_4E2B40A02EA8
STUDENT_6CACD11AAC6C,E1A4EFE,COURSE_E1A4EFE9B9B1
STUDENT_6CACD11AAC6C,C834FC6,COURSE_C834FC623CA7
STUDENT_6CACD11AAC6C,D4B3043,COURSE_D4B30433AFFD
STUDENT_D67BB2CDE036,BB7F370,COURSE_BB7F370548AA
STUDENT_2422205F2B25,6E363D6,COURSE_6E363D600BA1
STUDENT_2422205F2B25,8928BF4,COURSE_8928BF411C22
STUDENT_2422205F2B25,342173B,COURSE_342173B29394
STUDENT_2422205F2B25,9772A41,COURSE_9772A418992F
STUDENT_2422205F2B25,E00D025,COURSE_E00D02523E87
STUDENT_D2967124B70A,D83CCF6,COURSE_D83CCF67F12C
STUDENT_D2967124B70A,1955497,COURSE_19554970F628
STUDENT_D2967124B70A,500C8E8,COURSE_500C8E8E485C
STUDENT_D2967124B70A,47510C7,COURSE_47510C7D6B2A
STUDENT_D2967124B70A,5DB4771,COURSE_5DB4771B0A79
STUDENT_D2967124B70A,165B6EC,COURSE_165B6EC64386
STUDENT_619C77E48F94,9A1418F,COURSE_9A1418F9C846
STUDENT_619C77E48F94,C79A295,COURSE_C79A295DA02B
STUDENT_8DD954F8A98B,9A1418F,COURSE_9A1418F9C846
STUDENT_8DD954F8A98B,C79A295,COURSE_C79A295DA02B
STUDENT_5DFC61F80F13,80EAE88,COURSE_80EAE885256A
STUDENT_5DFC61F80F13,FF52A45,COURSE_FF52A456A828
STUDENT_5DFC61F80F13,AFF1D77,COURSE_AFF1D77BF8D8
STUDENT_5DFC61F80F13,88A5BB2,COURSE_88A5BB2A9E50
STUDENT_5DFC61F80F13,2A9F863,COURSE_2A9F8630D88C
STUDENT_5DFC61F80F13,BAFD130,COURSE_BAFD130A3032
STUDENT_5DFC61F80F13,D4B3043,COURSE_D4B30433AFFD
STUDENT_EFCC557C8A26,121C1E5,COURSE_121C1E5CA81A
STUDENT_EFCC557C8A26,C0809A7,COURSE_C0809A768480
STUDENT_EFCC557C8A26,6913DA1,COURSE_6913DA13F5CD
STUDENT_EFCC557C8A26,2271E57,COURSE_2271E57A6113
STUDENT_EFCC557C8A26,9057D89,COURSE_9057D894165E
STUDENT_6031404DB72A,1955497,COURSE_19554970F628
STUDENT_6031404DB72A,500C8E8,COURSE_500C8E8E485C
STUDENT_6031404DB72A,47510C7,COURSE_47510C7D6B2A
STUDENT_6031404DB72A,5DB4771,COURSE_5DB4771B0A79
STUDENT_6031404DB72A,165B6EC,COURSE_165B6EC64386
STUDENT_6031404DB72A,A9C3CE0,COURSE_A9C3CE099531
STUDENT_FEB90B98F358,EC38A74,COURSE_EC38A741879B
STUDENT_FEB90B98F358,EE22381,COURSE_EE2238133323
STUDENT_FEB90B98F358,6AE5916,COURSE_6AE5916D0725
STUDENT_FEB90B98F358,D60A15E,COURSE_D60A15E39D9C
STUDENT_FEB90B98F358,9F8E751,COURSE_9F8E7511D62C
STUDENT_FEB90B98F358,D4B3043,COURSE_D4B30433AFFD
STUDENT_424FF18EC910,D83CCF6,COURSE_D83CCF67F12C
STUDENT_424FF18EC910,1955497,COURSE_19554970F628
STUDENT_424FF18EC910,500C8E8,COURSE_500C8E8E485C
STUDENT_424FF18EC910,47510C7,COURSE_47510C7D6B2A
STUDENT_424FF18EC910,5DB4771,COURSE_5DB4771B0A79
STUDENT_424FF18EC910,165B6EC,COURSE_165B6EC64386
STUDENT_510E0F987CF3,258D4B8,COURSE_258D4B85BE0B
STUDENT_510E0F987CF3,FF52A45,COURSE_FF52A456A828
STUDENT_510E0F987CF3,AFFC57F,COURSE_AFFC57FABE98
STUDENT_510E0F987CF3,9E6B1F1,COURSE_9E6B1F18531F
STUDENT_510E0F987CF3,AFF1D77,COURSE_AFF1D77BF8D8
STUDENT_5535E3DEB8A0,D83CCF6,COURSE_D83CCF67F12C
STUDENT_5535E3DEB8A0,1955497,COURSE_19554970F628
STUDENT_5535E3DEB8A0,500C8E8,COURSE_500C8E8E485C
STUDENT_5535E3DEB8A0,47510C7,COURSE_47510C7D6B2A
STUDENT_5535E3DEB8A0,5DB4771,COURSE_5DB4771B0A79
STUDENT_5535E3DEB8A0,165B6EC,COURSE_165B6EC64386
STUDENT_8F7C18C23F54,258D4B8,COURSE_258D4B85BE0B
STUDENT_8F7C18C23F54,FF52A45,COURSE_FF52A456A828
STUDENT_8F7C18C23F54,AFFC57F,COURSE_AFFC57FABE98
STUDENT_8F7C18C23F54,9E6B1F1,COURSE_9E6B1F18531F
STUDENT_8F7C18C23F54,AFF1D77,COURSE_AFF1D77BF8D8
STUDENT_998266869066,D5957F4,COURSE_D5957F457326
STUDENT_998266869066,9A1418F,COURSE_9A1418F9C846
STUDENT_E731A7E834E4,9F8E751,COURSE_9F8E7511D62C
STUDENT_E731A7E834E4,CE06967,COURSE_CE06967084F9
STUDENT_EFD2A1465F0A,88B5D98,COURSE_88B5D984C554
STUDENT_EFD2A1465F0A,383B616,COURSE_383B6165A0C6
STUDENT_EFD2A1465F0A,6BF0AA9,COURSE_6BF0AA9F243F
STUDENT_098D321C524B,121C1E5,COURSE_121C1E5CA81A
STUDENT_098D321C524B,4DFDBD5,COURSE_4DFDBD5A1EAB
STUDENT_098D321C524B,6F2977C,COURSE_6F2977CBA34F
STUDENT_098D321C524B,2271E57,COURSE_2271E57A6113
STUDENT_098D321C524B,653E100,COURSE_653E100DE826
STUDENT_098D321C524B,9057D89,COURSE_9057D894165E
STUDENT_AFB462203466,C79A295,COURSE_C79A295DA02B
STUDENT_AFB462203466,3F1B128,COURSE_3F1B1281DACC
STUDENT_AFB462203466,2B7ADA6,COURSE_2B7ADA67C898
STUDENT_AFB462203466,3544086,COURSE_354408622855
STUDENT_2CC0E1106A84,258D4B8,COURSE_258D4B85BE0B
STUDENT_2CC0E1106A84,FF52A45,COURSE_FF52A456A828
STUDENT_2CC0E1106A84,AFFC57F,COURSE_AFFC57FABE98
STUDENT_2CC0E1106A84,9E6B1F1,COURSE_9E6B1F18531F
STUDENT_2CC0E1106A84,AFF1D77,COURSE_AFF1D77BF8D8
STUDENT_29D21FC55505,69DBF44,COURSE_69DBF44B3D90
STUDENT_29D21FC55505,30902F4,COURSE_30902F436CC4
STUDENT_29D21FC55505,83D7482,COURSE_83D748271771
STUDENT_29D21FC55505,B936E4C,COURSE_B936E4CB244C
STUDENT_29D21FC55505,28DA87B,COURSE_28DA87BD0111
STUDENT_24DFA4446E63,5D48D2E,COURSE_5D48D2E51549
STUDENT_24DFA4446E63,91D9143,COURSE_91D914364C5C
STUDENT_0F429659174C,80EAE88,COURSE_80EAE885256A
STUDENT_0F429659174C,6C418F3,COURSE_6C418F3F4ACC
STUDENT_0F429659174C,250D49A,COURSE_250D49A6137B
STUDENT_0F429659174C,32D5691,COURSE_32D569186237
STUDENT_0F429659174C,24A18A5,COURSE_24A18A5B3FF2
STUDENT_0F429659174C,F2EB940,COURSE_F2EB940C16DE
STUDENT_7BD0C4D2AD7C,47E4DB4,COURSE_47E4DB4D9F6E
STUDENT_7BD0C4D2AD7C,28DA87B,COURSE_28DA87BD0111
STUDENT_7BD0C4D2AD7C,3A124DB,COURSE_3A124DB43FF4
STUDENT_7BD0C4D2AD7C,4F8DAE0,COURSE_4F8DAE02A7A0
STUDENT_7BD0C4D2AD7C,5DB4771,COURSE_5DB4771B0A79
STUDENT_CF48FDC75805,B2EED57,COURSE_B2EED574D766
STUDENT_8A136D065F33,190013B,COURSE_190013BFF7C1
STUDENT_8A136D065F33,3A566B2,COURSE_3A566B2FDF91
STUDENT_8A136D065F33,61C7475,COURSE_61C74758B507
STUDENT_8A136D065F33,2272A89,COURSE_2272A89A56F1
STUDENT_8A136D065F33,66A6CAF,COURSE_66A6CAFEFBDE
STUDENT_B30364916E0D,CE06967,COURSE_CE06967084F9
STUDENT_B30364916E0D,EC38A74,COURSE_EC38A741879B
STUDENT_75F68EED1DC4,6E363D6,COURSE_6E363D600BA1
STUDENT_75F68EED1DC4,8928BF4,COURSE_8928BF411C22
STUDENT_75F68EED1DC4,342173B,COURSE_342173B29394
STUDENT_75F68EED1DC4,9772A41,COURSE_9772A418992F
STUDENT_75F68EED1DC4,C40C59E,COURSE_C40C59E77909
STUDENT_75F68EED1DC4,2962003,COURSE_2962003E8EB8
STUDENT_11BF91F3E288,80EAE88,COURSE_80EAE885256A
STUDENT_11BF91F3E288,B4B5B8E,COURSE_B4B5B8E85C6D
STUDENT_8F39A7D6C1C0,383B616,COURSE_383B6165A0C6
STUDENT_8F39A7D6C1C0,81F8284,COURSE_81F8284E70A1
STUDENT_8F39A7D6C1C0,847CF53,COURSE_847CF537763E
STUDENT_8F39A7D6C1C0,6B4B9A8,COURSE_6B4B9A851F21
STUDENT_855E8A9800DD,FF52A45,COURSE_FF52A456A828
STUDENT_855E8A9800DD,D4B3043,COURSE_D4B30433AFFD
STUDENT_5198299FD851,D4B3043,COURSE_D4B30433AFFD
STUDENT_5198299FD851,0D5AE07,COURSE_0D5AE07010E3
STUDENT_72B71289BD3C,FF52A45,COURSE_FF52A456A828
STUDENT_72B71289BD3C,AFF1D77,COURSE_AFF1D77BF8D8
STUDENT_72B71289BD3C,88A5BB2,COURSE_88A5BB2A9E50
STUDENT_72B71289BD3C,2A9F863,COURSE_2A9F8630D88C
STUDENT_72B71289BD3C,BAFD130,COURSE_BAFD130A3032
STUDENT_72B71289BD3C,9F8E751,COURSE_9F8E7511D62C
STUDENT_72B71289BD3C,CE06967,COURSE_CE06967084F9
STUDENT_367AC10E7E08,BB7F370,COURSE_BB7F370548AA
STUDENT_048C3A26A612,0173213,COURSE_0173213F93B6
STUDENT_048C3A26A612,383B616,COURSE_383B6165A0C6
STUDENT_AB1C7CD919AC,4DFDBD5,COURSE_4DFDBD5A1EAB
STUDENT_AB1C7CD919AC,4E2B40A,COURSE_4E2B40A02EA8
STUDENT_AB1C7CD919AC,1C5D6A5,COURSE_1C5D6A56EC25
STUDENT_AB1C7CD919AC,9F8E751,COURSE_9F8E7511D62C
STUDENT_AB1C7CD919AC,CE06967,COURSE_CE06967084F9
STUDENT_AB1C7CD919AC,D4B3043,COURSE_D4B30433AFFD
STUDENT_21509A721736,D5957F4,COURSE_D5957F457326
STUDENT_21509A721736,C79A295,COURSE_C79A295DA02B
STUDENT_88902D5D342E,D83CCF6,COURSE_D83CCF67F12C
STUDENT_88902D5D342E,1955497,COURSE_19554970F628
STUDENT_88902D5D342E,500C8E8,COURSE_500C8E8E485C
STUDENT_88902D5D342E,47510C7,COURSE_47510C7D6B2A
STUDENT_88902D5D342E,5DB4771,COURSE_5DB4771B0A79
STUDENT_88902D5D342E,165B6EC,COURSE_165B6EC64386
STUDENT_87C2789395BB,D83CCF6,COURSE_D83CCF67F12C
STUDENT_87C2789395BB,1955497,COURSE_19554970F628
STUDENT_87C2789395BB,500C8E8,COURSE_500C8E8E485C
STUDENT_87C2789395BB,47510C7,COURSE_47510C7D6B2A
STUDENT_87C2789395BB,5DB4771,COURSE_5DB4771B0A79
STUDENT_87C2789395BB,165B6EC,COURSE_165B6EC64386
STUDENT_C82B8BF50550,80EAE88,COURSE_80EAE885256A
STUDENT_C82B8BF50550,250D49A,COURSE_250D49A6137B
STUDENT_C82B8BF50550,32D5691,COURSE_32D569186237
STUDENT_C82B8BF50550,24A18A5,COURSE_24A18A5B3FF2
STUDENT_C82B8BF50550,F2EB940,COURSE_F2EB940C16DE
STUDENT_AA5C578606F7,47E4DB4,COURSE_47E4DB4D9F6E
STUDENT_AA5C578606F7,28DA87B,COURSE_28DA87BD0111
STUDENT_AA5C578606F7,3A124DB,COURSE_3A124DB43FF4
STUDENT_AA5C578606F7,4F8DAE0,COURSE_4F8DAE02A7A0
STUDENT_AA5C578606F7,5DB4771,COURSE_5DB4771B0A79
STUDENT_F9C8A07563BC,9031CED,COURSE_9031CEDB50FD
STUDENT_F9C8A07563BC,58B4C36,COURSE_58B4C3685A81
STUDENT_F9C8A07563BC,B4B5B8E,COURSE_B4B5B8E85C6D
STUDENT_F9C8A07563BC,4457B1D,COURSE_4457B1DB75EA
STUDENT_F9C8A07563BC,91BFF3B,COURSE_91BFF3B09E00
STUDENT_F9C8A07563BC,F2EB940,COURSE_F2EB940C16DE
STUDENT_F9C8A07563BC,CE06967,COURSE_CE06967084F9
STUDENT_F5279B8B6402,157E49E,COURSE_157E49E5EB6E
STUDENT_F5279B8B6402,A419E04,COURSE_A419E04C917F
STUDENT_F5279B8B6402,9316CD4,COURSE_9316CD4D881E
STUDENT_F5279B8B6402,69DBF44,COURSE_69DBF44B3D90
STUDENT_EAE7AB427D6F,9C6DF31,COURSE_9C6DF318F006
STUDENT_EAE7AB427D6F,CE06967,COURSE_CE06967084F9
STUDENT_E218D8014A6C,258D4B8,COURSE_258D4B85BE0B
STUDENT_E218D8014A6C,6913DA1,COURSE_6913DA13F5CD
STUDENT_E218D8014A6C,2271E57,COURSE_2271E57A6113
STUDENT_E218D8014A6C,9057D89,COURSE_9057D894165E
STUDENT_E218D8014A6C,9F8E751,COURSE_9F8E7511D62C
STUDENT_E3213297CD7F,9031CED,COURSE_9031CEDB50FD
STUDENT_E3213297CD7F,58B4C36,COURSE_58B4C3685A81
STUDENT_E3213297CD7F,B4B5B8E,COURSE_B4B5B8E85C6D
STUDENT_E3213297CD7F,F911ACE,COURSE_F911ACEAA7B5
STUDENT_E3213297CD7F,91BFF3B,COURSE_91BFF3B09E00
STUDENT_E3213297CD7F,80EAE88,COURSE_80EAE885256A
STUDENT_FC70AF0B6BDA,5429497,COURSE_5429497A358D
STUDENT_30FD5A961EBC,D83CCF6,COURSE_D83CCF67F12C
STUDENT_30FD5A961EBC,1955497,COURSE_19554970F628
STUDENT_30FD5A961EBC,500C8E8,COURSE_500C8E8E485C
STUDENT_30FD5A961EBC,47510C7,COURSE_47510C7D6B2A
STUDENT_30FD5A961EBC,5DB4771,COURSE_5DB4771B0A79
STUDENT_30FD5A961EBC,165B6EC,COURSE_165B6EC64386
STUDENT_564A75963ADC,157E49E,COURSE_157E49E5EB6E
STUDENT_564A75963ADC,A419E04,COURSE_A419E04C917F
STUDENT_564A75963ADC,9316CD4,COURSE_9316CD4D881E
STUDENT_564A75963ADC,69DBF44,COURSE_69DBF44B3D90
STUDENT_20C3D5D88B65,47E4DB4,COURSE_47E4DB4D9F6E
STUDENT_20C3D5D88B65,28DA87B,COURSE_28DA87BD0111
STUDENT_20C3D5D88B65,3A124DB,COURSE_3A124DB43FF4
STUDENT_20C3D5D88B65,4F8DAE0,COURSE_4F8DAE02A7A0
STUDENT_20C3D5D88B65,5DB4771,COURSE_5DB4771B0A79
STUDENT_1947B3B862D2,6E363D6,COURSE_6E363D600BA1
STUDENT_1947B3B862D2,8928BF4,COURSE_8928BF411C22
STUDENT_1947B3B862D2,342173B,COURSE_342173B29394
STUDENT_1947B3B862D2,80EAE88,COURSE_80EAE885256A
STUDENT_1947B3B862D2,F2EB940,COURSE_F2EB940C16DE
STUDENT_EFBFE2A411FF,90C1B72,COURSE_90C1B7254FDD
STUDENT_EFBFE2A411FF,645A680,COURSE_645A680E52B7
STUDENT_EFBFE2A411FF,0186BC3,COURSE_0186BC3B6640
STUDENT_EFBFE2A411FF,69DBF44,COURSE_69DBF44B3D90
STUDENT_A89F092407B8,64056FA,COURSE_64056FA06151
STUDENT_A89F092407B8,BB7F370,COURSE_BB7F370548AA
STUDENT_A89F092407B8,0173213,COURSE_0173213F93B6
STUDENT_A89F092407B8,D5957F4,COURSE_D5957F457326
STUDENT_A89F092407B8,9A1418F,COURSE_9A1418F9C846
STUDENT_BF88273D484B,6E363D6,COURSE_6E363D600BA1
STUDENT_BF88273D484B,8928BF4,COURSE_8928BF411C22
STUDENT_BF88273D484B,342173B,COURSE_342173B29394
STUDENT_BF88273D484B,9772A41,COURSE_9772A418992F
STUDENT_BF88273D484B,3F1B128,COURSE_3F1B1281DACC
STUDENT_2CD2062731EA,47E4DB4,COURSE_47E4DB4D9F6E
STUDENT_2CD2062731EA,28DA87B,COURSE_28DA87BD0111
STUDENT_2CD2062731EA,3A124DB,COURSE_3A124DB43FF4
STUDENT_2CD2062731EA,4F8DAE0,COURSE_4F8DAE02A7A0
STUDENT_2CD2062731EA,383B616,COURSE_383B6165A0C6
STUDENT_45E647465CE3,90C1B72,COURSE_90C1B7254FDD
STUDENT_45E647465CE3,645A680,COURSE_645A680E52B7
STUDENT_45E647465CE3,0186BC3,COURSE_0186BC3B6640
STUDENT_45E647465CE3,F2EB940,COURSE_F2EB940C16DE
STUDENT_D30BD38CD21E,6E363D6,COURSE_6E363D600BA1
STUDENT_D30BD38CD21E,8928BF4,COURSE_8928BF411C22
STUDENT_D30BD38CD21E,342173B,COURSE_342173B29394
STUDENT_D30BD38CD21E,9772A41,COURSE_9772A418992F
STUDENT_D30BD38CD21E,C40C59E,COURSE_C40C59E77909
STUDENT_F35FF0D2F2ED,2962003,COURSE_2962003E8EB8
STUDENT_F35FF0D2F2ED,986F248,COURSE_986F248A2D8A
STUDENT_B9B311F0094C,80EAE88,COURSE_80EAE885256A
STUDENT_B9B311F0094C,250D49A,COURSE_250D49A6137B
STUDENT_B9B311F0094C,32D5691,COURSE_32D569186237
STUDENT_B9B311F0094C,24A18A5,COURSE_24A18A5B3FF2
STUDENT_B9B311F0094C,F2EB940,COURSE_F2EB940C16DE
STUDENT_29E05511CC5C,190013B,COURSE_190013BFF7C1
STUDENT_29E05511CC5C,3A566B2,COURSE_3A566B2FDF91
STUDENT_29E05511CC5C,61C7475,COURSE_61C74758B507
STUDENT_29E05511CC5C,2272A89,COURSE_2272A89A56F1
STUDENT_29E05511CC5C,28DA87B,COURSE_28DA87BD0111
STUDENT_8083A9E46008,190013B,COURSE_190013BFF7C1
STUDENT_8083A9E46008,3A566B2,COURSE_3A566B2FDF91
STUDENT_8083A9E46008,47E4DB4,COURSE_47E4DB4D9F6E
STUDENT_8083A9E46008,28DA87B,COURSE_28DA87BD0111
STUDENT_8083A9E46008,3A124DB,COURSE_3A124DB43FF4
STUDENT_8083A9E46008,5DB4771,COURSE_5DB4771B0A79
STUDENT_EC2E7894D916,99173EC,COURSE_99173EC7A0C3
STUDENT_EC2E7894D916,1330BF6,COURSE_1330BF611256
STUDENT_C8ADD06A1679,9316CD4,COURSE_9316CD4D881E
STUDENT_C8ADD06A1679,30902F4,COURSE_30902F436CC4
STUDENT_C8ADD06A1679,83D7482,COURSE_83D748271771
STUDENT_C8ADD06A1679,B936E4C,COURSE_B936E4CB244C
STUDENT_D1600F5BBCB2,D83CCF6,COURSE_D83CCF67F12C
STUDENT_D1600F5BBCB2,1955497,COURSE_19554970F628
STUDENT_D1600F5BBCB2,500C8E8,COURSE_500C8E8E485C
STUDENT_D1600F5BBCB2,47510C7,COURSE_47510C7D6B2A
STUDENT_D1600F5BBCB2,5DB4771,COURSE_5DB4771B0A79
STUDENT_D1600F5BBCB2,165B6EC,COURSE_165B6EC64386
STUDENT_B84A9314B32E,383B616,COURSE_383B6165A0C6
STUDENT_B84A9314B32E,81F8284,COURSE_81F8284E70A1
STUDENT_B84A9314B32E,6BF0AA9,COURSE_6BF0AA9F243F
STUDENT_B84A9314B32E,6B4B9A8,COURSE_6B4B9A851F21
STUDENT_9462F0384543,99173EC,COURSE_99173EC7A0C3
STUDENT_9462F0384543,A50759E,COURSE_A50759E88C40
STUDENT_D25A89054D61,190013B,COURSE_190013BFF7C1
STUDENT_D25A89054D61,3A566B2,COURSE_3A566B2FDF91
STUDENT_D25A89054D61,61C7475,COURSE_61C74758B507
STUDENT_D25A89054D61,2272A89,COURSE_2272A89A56F1
STUDENT_D25A89054D61,66A6CAF,COURSE_66A6CAFEFBDE
STUDENT_52D39342CE2A,F2EB940,COURSE_F2EB940C16DE
STUDENT_52D39342CE2A,1EB8DAB,COURSE_1EB8DABCEE22
STUDENT_52D39342CE2A,EC38A74,COURSE_EC38A741879B
STUDENT_52D39342CE2A,6AE5916,COURSE_6AE5916D0725
STUDENT_52D39342CE2A,D60A15E,COURSE_D60A15E39D9C
STUDENT_52D39342CE2A,9F8E751,COURSE_9F8E7511D62C
STUDENT_52D39342CE2A,CE06967,COURSE_CE06967084F9
STUDENT_C15EDA689A51,6E363D6,COURSE_6E363D600BA1
STUDENT_C15EDA689A51,8928BF4,COURSE_8928BF411C22
STUDENT_C15EDA689A51,342173B,COURSE_342173B29394
STUDENT_C15EDA689A51,80EAE88,COURSE_80EAE885256A
STUDENT_C15EDA689A51,F2EB940,COURSE_F2EB940C16DE
STUDENT_0CF804A3CF85,1EB8DAB,COURSE_1EB8DABCEE22
STUDENT_0CF804A3CF85,EC38A74,COURSE_EC38A741879B
STUDENT_0CF804A3CF85,6AE5916,COURSE_6AE5916D0725
STUDENT_0CF804A3CF85,9F8E751,COURSE_9F8E7511D62C
STUDENT_0CF804A3CF85,9C6DF31,COURSE_9C6DF318F006
STUDENT_0CF804A3CF85,CE06967,COURSE_CE06967084F9
STUDENT_80162BC53D41,383B616,COURSE_383B6165A0C6
STUDENT_80162BC53D41,6B4B9A8,COURSE_6B4B9A851F21
STUDENT_80162BC53D41,75BD307,COURSE_75BD3070F668
STUDENT_189649D099B0,D83CCF6,COURSE_D83CCF67F12C
STUDENT_189649D099B0,1955497,COURSE_19554970F628
STUDENT_189649D099B0,500C8E8,COURSE_500C8E8E485C
STUDENT_189649D099B0,47510C7,COURSE_47510C7D6B2A
STUDENT_189649D099B0,5DB4771,COURSE_5DB4771B0A79
STUDENT_189649D099B0,165B6EC,COURSE_165B6EC64386
STUDENT_E78D28CFB1B3,190013B,COURSE_190013BFF7C1
STUDENT_E78D28CFB1B3,3A566B2,COURSE_3A566B2FDF91
STUDENT_E78D28CFB1B3,61C7475,COURSE_61C74758B507
STUDENT_E78D28CFB1B3,2272A89,COURSE_2272A89A56F1
STUDENT_E78D28CFB1B3,66A6CAF,COURSE_66A6CAFEFBDE
STUDENT_C587F7E1CF23,A419E04,COURSE_A419E04C917F
STUDENT_C587F7E1CF23,69DBF44,COURSE_69DBF44B3D90
STUDENT_C587F7E1CF23,258D4B8,COURSE_258D4B85BE0B
STUDENT_C587F7E1CF23,9316CD4,COURSE_9316CD4D881E
STUDENT_C587F7E1CF23,F2EB940,COURSE_F2EB940C16DE
STUDENT_CCDB8DA96CC2,C40C59E,COURSE_C40C59E77909
STUDENT_CCDB8DA96CC2,58B4C36,COURSE_58B4C3685A81
STUDENT_CCDB8DA96CC2,4457B1D,COURSE_4457B1DB75EA
STUDENT_285137C96C7E,645A680,COURSE_645A680E52B7
STUDENT_285137C96C7E,47E4DB4,COURSE_47E4DB4D9F6E
STUDENT_285137C96C7E,28DA87B,COURSE_28DA87BD0111
STUDENT_285137C96C7E,3A124DB,COURSE_3A124DB43FF4
STUDENT_285137C96C7E,5DB4771,COURSE_5DB4771B0A79
STUDENT_143A7E23C123,6E363D6,COURSE_6E363D600BA1
STUDENT_143A7E23C123,8928BF4,COURSE_8928BF411C22
STUDENT_143A7E23C123,342173B,COURSE_342173B29394
STUDENT_143A7E23C123,80EAE88,COURSE_80EAE885256A
STUDENT_143A7E23C123,C40C59E,COURSE_C40C59E77909
STUDENT_4D3635DD67B1,4F3752C,COURSE_4F3752CD456B
STUDENT_4D3635DD67B1,B9EED81,COURSE_B9EED8153A7D
STUDENT_4D3635DD67B1,099DA73,COURSE_099DA73E98E3
STUDENT_4D3635DD67B1,1330BF6,COURSE_1330BF611256
STUDENT_09FAF2102724,EC38A74,COURSE_EC38A741879B
STUDENT_09FAF2102724,EE22381,COURSE_EE2238133323
STUDENT_09FAF2102724,6AE5916,COURSE_6AE5916D0725
STUDENT_09FAF2102724,D60A15E,COURSE_D60A15E39D9C
STUDENT_09FAF2102724,9F8E751,COURSE_9F8E7511D62C
STUDENT_09FAF2102724,CE06967,COURSE_CE06967084F9
STUDENT_6300C063B53A,CCB0EDD,COURSE_CCB0EDDCF252
STUDENT_6300C063B53A,3895DF1,COURSE_3895DF1B2396
STUDENT_6300C063B53A,6C418F3,COURSE_6C418F3F4ACC
STUDENT_6300C063B53A,500C8E8,COURSE_500C8E8E485C
STUDENT_6300C063B53A,4E4632B,COURSE_4E4632BBE56E
STUDENT_6300C063B53A,165B6EC,COURSE_165B6EC64386
STUDENT_86018C86916E,69DBF44,COURSE_69DBF44B3D90
STUDENT_86018C86916E,30902F4,COURSE_30902F436CC4
STUDENT_86018C86916E,83D7482,COURSE_83D748271771
STUDENT_86018C86916E,B936E4C,COURSE_B936E4CB244C
STUDENT_1F726035629D,6E363D6,COURSE_6E363D600BA1
STUDENT_1F726035629D,8928BF4,COURSE_8928BF411C22
STUDENT_1F726035629D,342173B,COURSE_342173B29394
STUDENT_1F726035629D,C40C59E,COURSE_C40C59E77909
STUDENT_1F726035629D,E00D025,COURSE_E00D02523E87
STUDENT_EB67625DB1EC,6E363D6,COURSE_6E363D600BA1
STUDENT_EB67625DB1EC,8928BF4,COURSE_8928BF411C22
STUDENT_EB67625DB1EC,342173B,COURSE_342173B29394
STUDENT_EB67625DB1EC,80EAE88,COURSE_80EAE885256A
STUDENT_EB67625DB1EC,9772A41,COURSE_9772A418992F
STUDENT_16E50A43CF0C,C79A295,COURSE_C79A295DA02B
STUDENT_16E50A43CF0C,3F1B128,COURSE_3F1B1281DACC
STUDENT_16E50A43CF0C,E00D025,COURSE_E00D02523E87
STUDENT_16E50A43CF0C,64056FA,COURSE_64056FA06151
STUDENT_16E50A43CF0C,BA20CD1,COURSE_BA20CD16DF25
STUDENT_1A3A9659E5F6,4DFDBD5,COURSE_4DFDBD5A1EAB
STUDENT_1A3A9659E5F6,6F2977C,COURSE_6F2977CBA34F
STUDENT_1A3A9659E5F6,C0809A7,COURSE_C0809A768480
STUDENT_1A3A9659E5F6,4E2B40A,COURSE_4E2B40A02EA8
STUDENT_1A3A9659E5F6,9F8E751,COURSE_9F8E7511D62C
STUDENT_1A3A9659E5F6,C834FC6,COURSE_C834FC623CA7
STUDENT_1A3A9659E5F6,165B6EC,COURSE_165B6EC64386
STUDENT_9A4815B2B280,165B6EC,COURSE_165B6EC64386
STUDENT_00E0008944D0,1EB8DAB,COURSE_1EB8DABCEE22
STUDENT_00E0008944D0,EC38A74,COURSE_EC38A741879B
STUDENT_00E0008944D0,6AE5916,COURSE_6AE5916D0725
STUDENT_00E0008944D0,9F8E751,COURSE_9F8E7511D62C
STUDENT_00E0008944D0,9C6DF31,COURSE_9C6DF318F006
STUDENT_00E0008944D0,CE06967,COURSE_CE06967084F9
STUDENT_2856FEEB9032,6E363D6,COURSE_6E363D600BA1
STUDENT_2856FEEB9032,8928BF4,COURSE_8928BF411C22
STUDENT_2856FEEB9032,342173B,COURSE_342173B29394
STUDENT_2856FEEB9032,C40C59E,COURSE_C40C59E77909
STUDENT_2856FEEB9032,E00D025,COURSE_E00D02523E87
STUDENT_C933F5C09D45,383B616,COURSE_383B6165A0C6
STUDENT_C933F5C09D45,81F8284,COURSE_81F8284E70A1
STUDENT_C933F5C09D45,847CF53,COURSE_847CF537763E
STUDENT_C933F5C09D45,8702F1E,COURSE_8702F1EA55DA
STUDENT_C144C2397C70,383B616,COURSE_383B6165A0C6
STUDENT_C144C2397C70,81F8284,COURSE_81F8284E70A1
STUDENT_C144C2397C70,8702F1E,COURSE_8702F1EA55DA
STUDENT_C144C2397C70,195AC94,COURSE_195AC942FF0E
STUDENT_8ED799D96E13,C79A295,COURSE_C79A295DA02B
STUDENT_8ED799D96E13,3F1B128,COURSE_3F1B1281DACC
STUDENT_8ED799D96E13,2B7ADA6,COURSE_2B7ADA67C898
STUDENT_8ED799D96E13,355947D,COURSE_355947D15102
STUDENT_8ED799D96E13,3544086,COURSE_354408622855
STUDENT_C17CBB0ED0BD,157E49E,COURSE_157E49E5EB6E
STUDENT_C17CBB0ED0BD,A419E04,COURSE_A419E04C917F
STUDENT_C17CBB0ED0BD,9316CD4,COURSE_9316CD4D881E
STUDENT_C17CBB0ED0BD,30902F4,COURSE_30902F436CC4
STUDENT_B43757C763BA,F1CDD3F,COURSE_F1CDD3F613DA
STUDENT_B43757C763BA,D4B3043,COURSE_D4B30433AFFD
STUDENT_6B9E85B14E80,D83CCF6,COURSE_D83CCF67F12C
STUDENT_6B9E85B14E80,1955497,COURSE_19554970F628
STUDENT_6B9E85B14E80,500C8E8,COURSE_500C8E8E485C
STUDENT_6B9E85B14E80,47510C7,COURSE_47510C7D6B2A
STUDENT_6B9E85B14E80,5DB4771,COURSE_5DB4771B0A79
STUDENT_6B9E85B14E80,165B6EC,COURSE_165B6EC64386
STUDENT_3ECC5E67E017,47E4DB4,COURSE_47E4DB4D9F6E
STUDENT_3ECC5E67E017,28DA87B,COURSE_28DA87BD0111
STUDENT_3ECC5E67E017,3A124DB,COURSE_3A124DB43FF4
STUDENT_3ECC5E67E017,4F8DAE0,COURSE_4F8DAE02A7A0
STUDENT_3ECC5E67E017,5DB4771,COURSE_5DB4771B0A79
STUDENT_D1053D3A378B,9031CED,COURSE_9031CEDB50FD
STUDENT_D1053D3A378B,58B4C36,COURSE_58B4C3685A81
STUDENT_D1053D3A378B,B4B5B8E,COURSE_B4B5B8E85C6D
STUDENT_D1053D3A378B,F911ACE,COURSE_F911ACEAA7B5
STUDENT_D1053D3A378B,4457B1D,COURSE_4457B1DB75EA
STUDENT_D1053D3A378B,91BFF3B,COURSE_91BFF3B09E00
STUDENT_1519018DE0DD,D83CCF6,COURSE_D83CCF67F12C
STUDENT_1519018DE0DD,1955497,COURSE_19554970F628
STUDENT_1519018DE0DD,500C8E8,COURSE_500C8E8E485C
STUDENT_1519018DE0DD,47510C7,COURSE_47510C7D6B2A
STUDENT_1519018DE0DD,5DB4771,COURSE_5DB4771B0A79
STUDENT_1519018DE0DD,165B6EC,COURSE_165B6EC64386
STUDENT_51B79734D163,A419E04,COURSE_A419E04C917F
STUDENT_51B79734D163,69DBF44,COURSE_69DBF44B3D90
STUDENT_51B79734D163,258D4B8,COURSE_258D4B85BE0B
STUDENT_51B79734D163,9316CD4,COURSE_9316CD4D881E
STUDENT_51B79734D163,157E49E,COURSE_157E49E5EB6E
STUDENT_A1D1F3C10563,A419E04,COURSE_A419E04C917F
STUDENT_A1D1F3C10563,69DBF44,COURSE_69DBF44B3D90
STUDENT_A1D1F3C10563,258D4B8,COURSE_258D4B85BE0B
STUDENT_A1D1F3C10563,9316CD4,COURSE_9316CD4D881E
STUDENT_A1D1F3C10563,BAFD130,COURSE_BAFD130A3032
STUDENT_6A5C97E2FA4A,88B5D98,COURSE_88B5D984C554
STUDENT_6A5C97E2FA4A,383B616,COURSE_383B6165A0C6
STUDENT_6A5C97E2FA4A,6BF0AA9,COURSE_6BF0AA9F243F
STUDENT_4C3839522A55,80EAE88,COURSE_80EAE885256A
STUDENT_4C3839522A55,250D49A,COURSE_250D49A6137B
STUDENT_4C3839522A55,32D5691,COURSE_32D569186237
STUDENT_4C3839522A55,24A18A5,COURSE_24A18A5B3FF2
STUDENT_4C3839522A55,F2EB940,COURSE_F2EB940C16DE
STUDENT_A73BF4D1DA27,8928BF4,COURSE_8928BF411C22
STUDENT_A73BF4D1DA27,C79A295,COURSE_C79A295DA02B
STUDENT_A73BF4D1DA27,3F1B128,COURSE_3F1B1281DACC
STUDENT_A73BF4D1DA27,2B7ADA6,COURSE_2B7ADA67C898
STUDENT_A73BF4D1DA27,355947D,COURSE_355947D15102
STUDENT_5589D91CF2AC,6E363D6,COURSE_6E363D600BA1
STUDENT_5589D91CF2AC,8928BF4,COURSE_8928BF411C22
STUDENT_5589D91CF2AC,342173B,COURSE_342173B29394
STUDENT_5589D91CF2AC,80EAE88,COURSE_80EAE885256A
STUDENT_5589D91CF2AC,C40C59E,COURSE_C40C59E77909
STUDENT_D30923403421,4F3752C,COURSE_4F3752CD456B
STUDENT_D30923403421,B9EED81,COURSE_B9EED8153A7D
STUDENT_D30923403421,99173EC,COURSE_99173EC7A0C3
STUDENT_D30923403421,1330BF6,COURSE_1330BF611256
STUDENT_67E8BBC8B63B,6E363D6,COURSE_6E363D600BA1
STUDENT_67E8BBC8B63B,8928BF4,COURSE_8928BF411C22
STUDENT_67E8BBC8B63B,342173B,COURSE_342173B29394
STUDENT_67E8BBC8B63B,80EAE88,COURSE_80EAE885256A
STUDENT_67E8BBC8B63B,F2EB940,COURSE_F2EB940C16DE
STUDENT_F46D1E9881CB,EC38A74,COURSE_EC38A741879B
STUDENT_F46D1E9881CB,EE22381,COURSE_EE2238133323
STUDENT_F46D1E9881CB,6AE5916,COURSE_6AE5916D0725
STUDENT_F46D1E9881CB,D60A15E,COURSE_D60A15E39D9C
STUDENT_F46D1E9881CB,9F8E751,COURSE_9F8E7511D62C
STUDENT_F46D1E9881CB,BF0C1E7,COURSE_BF0C1E79B695
STUDENT_AB9FE49C525A,F1CDD3F,COURSE_F1CDD3F613DA
STUDENT_AB9FE49C525A,FCF20E6,COURSE_FCF20E6D19D8
STUDENT_4456682B52BE,D83CCF6,COURSE_D83CCF67F12C
STUDENT_4456682B52BE,1955497,COURSE_19554970F628
STUDENT_4456682B52BE,500C8E8,COURSE_500C8E8E485C
STUDENT_4456682B52BE,47510C7,COURSE_47510C7D6B2A
STUDENT_4456682B52BE,5DB4771,COURSE_5DB4771B0A79
STUDENT_4456682B52BE,165B6EC,COURSE_165B6EC64386
STUDENT_4E7668AA2915,88B5D98,COURSE_88B5D984C554
STUDENT_4E7668AA2915,383B616,COURSE_383B6165A0C6
STUDENT_4E7668AA2915,6BF0AA9,COURSE_6BF0AA9F243F
STUDENT_4E18D16D288F,9316CD4,COURSE_9316CD4D881E
STUDENT_4E18D16D288F,30902F4,COURSE_30902F436CC4
STUDENT_4E18D16D288F,83D7482,COURSE_83D748271771
STUDENT_4E18D16D288F,B936E4C,COURSE_B936E4CB244C
STUDENT_D35CF96F0523,D83CCF6,COURSE_D83CCF67F12C
STUDENT_D35CF96F0523,1955497,COURSE_19554970F628
STUDENT_D35CF96F0523,500C8E8,COURSE_500C8E8E485C
STUDENT_D35CF96F0523,47510C7,COURSE_47510C7D6B2A
STUDENT_D35CF96F0523,5DB4771,COURSE_5DB4771B0A79
STUDENT_D35CF96F0523,165B6EC,COURSE_165B6EC64386
STUDENT_D743CD7751E8,EC38A74,COURSE_EC38A741879B
STUDENT_D743CD7751E8,EE22381,COURSE_EE2238133323
STUDENT_D743CD7751E8,6AE5916,COURSE_6AE5916D0725
STUDENT_D743CD7751E8,D60A15E,COURSE_D60A15E39D9C
STUDENT_D743CD7751E8,BF0C1E7,COURSE_BF0C1E79B695
STUDENT_D743CD7751E8,6BF0AA9,COURSE_6BF0AA9F243F
STUDENT_35DF6B6F12E1,C40C59E,COURSE_C40C59E77909
STUDENT_35DF6B6F12E1,B4B5B8E,COURSE_B4B5B8E85C6D
STUDENT_35DF6B6F12E1,F911ACE,COURSE_F911ACEAA7B5
STUDENT_DDDBEAD879BF,D83CCF6,COURSE_D83CCF67F12C
STUDENT_DDDBEAD879BF,1955497,COURSE_19554970F628
STUDENT_DDDBEAD879BF,500C8E8,COURSE_500C8E8E485C
STUDENT_DDDBEAD879BF,47510C7,COURSE_47510C7D6B2A
STUDENT_DDDBEAD879BF,5DB4771,COURSE_5DB4771B0A79
STUDENT_DDDBEAD879BF,165B6EC,COURSE_165B6EC64386
STUDENT_9D4B63ABD3F8,0186BC3,COURSE_0186BC3B6640
STUDENT_9D4B63ABD3F8,250D49A,COURSE_250D49A6137B
STUDENT_9D4B63ABD3F8,32D5691,COURSE_32D569186237
STUDENT_9D4B63ABD3F8,24A18A5,COURSE_24A18A5B3FF2
STUDENT_9D4B63ABD3F8,F2EB940,COURSE_F2EB940C16DE
STUDENT_27A299599FD8,4DFDBD5,COURSE_4DFDBD5A1EAB
STUDENT_27A299599FD8,157E49E,COURSE_157E49E5EB6E
STUDENT_90AA07816690,EC38A74,COURSE_EC38A741879B
STUDENT_90AA07816690,EE22381,COURSE_EE2238133323
STUDENT_90AA07816690,6AE5916,COURSE_6AE5916D0725
STUDENT_90AA07816690,D60A15E,COURSE_D60A15E39D9C
STUDENT_90AA07816690,CE06967,COURSE_CE06967084F9
STUDENT_90AA07816690,D4B3043,COURSE_D4B30433AFFD
STUDENT_412C0498B767,6F2977C,COURSE_6F2977CBA34F
STUDENT_412C0498B767,BAFD130,COURSE_BAFD130A3032
STUDENT_642AADFA58B5,69DBF44,COURSE_69DBF44B3D90
STUDENT_642AADFA58B5,258D4B8,COURSE_258D4B85BE0B
STUDENT_F5AEFB436D6C,2B7ADA6,COURSE_2B7ADA67C898
STUDENT_26B62BF40D71,90C1B72,COURSE_90C1B7254FDD
STUDENT_26B62BF40D71,FCF20E6,COURSE_FCF20E6D19D8
STUDENT_26B62BF40D71,F8FF4AF,COURSE_F8FF4AFC0BCD
STUDENT_7CEAEF114E88,88B5D98,COURSE_88B5D984C554
STUDENT_7CEAEF114E88,383B616,COURSE_383B6165A0C6
STUDENT_7CEAEF114E88,6BF0AA9,COURSE_6BF0AA9F243F
STUDENT_4939662E6BE9,383B616,COURSE_383B6165A0C6
STUDENT_4939662E6BE9,81F8284,COURSE_81F8284E70A1
STUDENT_4939662E6BE9,81AC608,COURSE_81AC608D129E
STUDENT_4939662E6BE9,847CF53,COURSE_847CF537763E
STUDENT_14F5D4961A8D,258D4B8,COURSE_258D4B85BE0B
STUDENT_14F5D4961A8D,6913DA1,COURSE_6913DA13F5CD
STUDENT_14F5D4961A8D,F8FF4AF,COURSE_F8FF4AFC0BCD
STUDENT_14F5D4961A8D,2271E57,COURSE_2271E57A6113
STUDENT_14F5D4961A8D,D5557C5,COURSE_D5557C5D2419
STUDENT_5C0370DB1E60,258D4B8,COURSE_258D4B85BE0B
STUDENT_5C0370DB1E60,250D49A,COURSE_250D49A6137B
STUDENT_5C0370DB1E60,32D5691,COURSE_32D569186237
STUDENT_5C0370DB1E60,24A18A5,COURSE_24A18A5B3FF2
STUDENT_5C0370DB1E60,F2EB940,COURSE_F2EB940C16DE
STUDENT_5C0370DB1E60,2962003,COURSE_2962003E8EB8
STUDENT_E9E1CC7F9504,3444FA0,COURSE_3444FA0063FE
STUDENT_E9E1CC7F9504,88B5D98,COURSE_88B5D984C554
STUDENT_E9E1CC7F9504,6B4B9A8,COURSE_6B4B9A851F21
STUDENT_4DB91686BCBA,80EAE88,COURSE_80EAE885256A
STUDENT_4DB91686BCBA,6C418F3,COURSE_6C418F3F4ACC
STUDENT_4DB91686BCBA,250D49A,COURSE_250D49A6137B
STUDENT_4DB91686BCBA,32D5691,COURSE_32D569186237
STUDENT_4DB91686BCBA,24A18A5,COURSE_24A18A5B3FF2
STUDENT_4DB91686BCBA,F2EB940,COURSE_F2EB940C16DE
STUDENT_67029F724F03,2B7ADA6,COURSE_2B7ADA67C898
STUDENT_607DF35F21BA,D83CCF6,COURSE_D83CCF67F12C
STUDENT_607DF35F21BA,1955497,COURSE_19554970F628
STUDENT_607DF35F21BA,500C8E8,COURSE_500C8E8E485C
STUDENT_607DF35F21BA,47510C7,COURSE_47510C7D6B2A
STUDENT_607DF35F21BA,5DB4771,COURSE_5DB4771B0A79
STUDENT_607DF35F21BA,165B6EC,COURSE_165B6EC64386
STUDENT_4FA265694A5D,D83CCF6,COURSE_D83CCF67F12C
STUDENT_4FA265694A5D,1955497,COURSE_19554970F628
STUDENT_4FA265694A5D,500C8E8,COURSE_500C8E8E485C
STUDENT_4FA265694A5D,47510C7,COURSE_47510C7D6B2A
STUDENT_4FA265694A5D,5DB4771,COURSE_5DB4771B0A79
STUDENT_4FA265694A5D,165B6EC,COURSE_165B6EC64386
STUDENT_16CC4483B839,DF6FC47,COURSE_DF6FC470A7CD
STUDENT_16CC4483B839,DBC12C3,COURSE_DBC12C371F89
STUDENT_16CC4483B839,5CB16CB,COURSE_5CB16CB795C3
STUDENT_16CC4483B839,66A6CAF,COURSE_66A6CAFEFBDE
STUDENT_16CC4483B839,5DCF966,COURSE_5DCF966FA1E3
STUDENT_16CC4483B839,3A124DB,COURSE_3A124DB43FF4
STUDENT_4862297860F7,28DA87B,COURSE_28DA87BD0111
STUDENT_4862297860F7,383B616,COURSE_383B6165A0C6
STUDENT_4862297860F7,81F8284,COURSE_81F8284E70A1
STUDENT_4862297860F7,8702F1E,COURSE_8702F1EA55DA
STUDENT_4862297860F7,6B4B9A8,COURSE_6B4B9A851F21
STUDENT_7289DA2F33C4,88B5D98,COURSE_88B5D984C554
STUDENT_7289DA2F33C4,8702F1E,COURSE_8702F1EA55DA
STUDENT_7289DA2F33C4,28DA87B,COURSE_28DA87BD0111
STUDENT_FA24D3666999,EC38A74,COURSE_EC38A741879B
STUDENT_FA24D3666999,EE22381,COURSE_EE2238133323
STUDENT_FA24D3666999,6AE5916,COURSE_6AE5916D0725
STUDENT_FA24D3666999,D60A15E,COURSE_D60A15E39D9C
STUDENT_FA24D3666999,CE06967,COURSE_CE06967084F9
STUDENT_FA24D3666999,D4B3043,COURSE_D4B30433AFFD
STUDENT_C4AE9B07B285,D83CCF6,COURSE_D83CCF67F12C
STUDENT_C4AE9B07B285,1955497,COURSE_19554970F628
STUDENT_C4AE9B07B285,500C8E8,COURSE_500C8E8E485C
STUDENT_C4AE9B07B285,47510C7,COURSE_47510C7D6B2A
STUDENT_C4AE9B07B285,5DB4771,COURSE_5DB4771B0A79
STUDENT_C4AE9B07B285,165B6EC,COURSE_165B6EC64386
STUDENT_28CF1B097B7B,190013B,COURSE_190013BFF7C1
STUDENT_28CF1B097B7B,3A566B2,COURSE_3A566B2FDF91
STUDENT_28CF1B097B7B,61C7475,COURSE_61C74758B507
STUDENT_28CF1B097B7B,2272A89,COURSE_2272A89A56F1
STUDENT_28CF1B097B7B,66A6CAF,COURSE_66A6CAFEFBDE
STUDENT_63CB78333AFD,28DA87B,COURSE_28DA87BD0111
STUDENT_63CB78333AFD,383B616,COURSE_383B6165A0C6
STUDENT_63CB78333AFD,81F8284,COURSE_81F8284E70A1
STUDENT_63CB78333AFD,847CF53,COURSE_847CF537763E
STUDENT_63CB78333AFD,8702F1E,COURSE_8702F1EA55DA
STUDENT_C69DD82B8E08,383B616,COURSE_383B6165A0C6
STUDENT_C69DD82B8E08,81F8284,COURSE_81F8284E70A1
STUDENT_C69DD82B8E08,81AC608,COURSE_81AC608D129E
STUDENT_C69DD82B8E08,195AC94,COURSE_195AC942FF0E
STUDENT_C69DD82B8E08,75BD307,COURSE_75BD3070F668
STUDENT_83F43AA84A53,190013B,COURSE_190013BFF7C1
STUDENT_83F43AA84A53,3A566B2,COURSE_3A566B2FDF91
STUDENT_83F43AA84A53,61C7475,COURSE_61C74758B507
STUDENT_83F43AA84A53,2272A89,COURSE_2272A89A56F1
STUDENT_83F43AA84A53,66A6CAF,COURSE_66A6CAFEFBDE
STUDENT_35890434A424,190013B,COURSE_190013BFF7C1
STUDENT_35890434A424,3A566B2,COURSE_3A566B2FDF91
STUDENT_35890434A424,61C7475,COURSE_61C74758B507
STUDENT_35890434A424,2272A89,COURSE_2272A89A56F1
STUDENT_35890434A424,66A6CAF,COURSE_66A6CAFEFBDE
STUDENT_8ACFBD05D6F0,FF52A45,COURSE_FF52A456A828
STUDENT_8ACFBD05D6F0,AFFC57F,COURSE_AFFC57FABE98
STUDENT_8ACFBD05D6F0,9E6B1F1,COURSE_9E6B1F18531F
STUDENT_8ACFBD05D6F0,AFF1D77,COURSE_AFF1D77BF8D8
STUDENT_A24FE4516C50,6E363D6,COURSE_6E363D600BA1
STUDENT_A24FE4516C50,8928BF4,COURSE_8928BF411C22
STUDENT_A24FE4516C50,342173B,COURSE_342173B29394
STUDENT_A24FE4516C50,80EAE88,COURSE_80EAE885256A
STUDENT_A24FE4516C50,F2EB940,COURSE_F2EB940C16DE
STUDENT_3328378FC39D,90C1B72,COURSE_90C1B7254FDD
STUDENT_3328378FC39D,645A680,COURSE_645A680E52B7
STUDENT_3328378FC39D,0186BC3,COURSE_0186BC3B6640
STUDENT_3328378FC39D,F2EB940,COURSE_F2EB940C16DE
STUDENT_797EC7352123,D83CCF6,COURSE_D83CCF67F12C
STUDENT_797EC7352123,1955497,COURSE_19554970F628
STUDENT_797EC7352123,500C8E8,COURSE_500C8E8E485C
STUDENT_797EC7352123,47510C7,COURSE_47510C7D6B2A
STUDENT_797EC7352123,5DB4771,COURSE_5DB4771B0A79
STUDENT_797EC7352123,165B6EC,COURSE_165B6EC64386
STUDENT_2DFB03E2C949,A419E04,COURSE_A419E04C917F
STUDENT_2DFB03E2C949,69DBF44,COURSE_69DBF44B3D90
STUDENT_2DFB03E2C949,258D4B8,COURSE_258D4B85BE0B
STUDENT_2DFB03E2C949,9316CD4,COURSE_9316CD4D881E
STUDENT_2DFB03E2C949,F2EB940,COURSE_F2EB940C16DE
STUDENT_610B1686AF65,190013B,COURSE_190013BFF7C1
STUDENT_610B1686AF65,3A566B2,COURSE_3A566B2FDF91
STUDENT_610B1686AF65,61C7475,COURSE_61C74758B507
STUDENT_610B1686AF65,2272A89,COURSE_2272A89A56F1
STUDENT_610B1686AF65,66A6CAF,COURSE_66A6CAFEFBDE
STUDENT_1E77495A3589,258D4B8,COURSE_258D4B85BE0B
STUDENT_1E77495A3589,9E6B1F1,COURSE_9E6B1F18531F
STUDENT_1E77495A3589,88A5BB2,COURSE_88A5BB2A9E50
STUDENT_B0774007867E,A419E04,COURSE_A419E04C917F
STUDENT_B0774007867E,69DBF44,COURSE_69DBF44B3D90
STUDENT_B0774007867E,258D4B8,COURSE_258D4B85BE0B
STUDENT_B0774007867E,9316CD4,COURSE_9316CD4D881E
STUDENT_B0774007867E,F2EB940,COURSE_F2EB940C16DE
STUDENT_6C9C7A299CFD,BB7F370,COURSE_BB7F370548AA
STUDENT_6C9C7A299CFD,6AEB855,COURSE_6AEB8553B28E
STUDENT_6C9C7A299CFD,F34ADCC,COURSE_F34ADCCF6010
STUDENT_7702366E6C54,190013B,COURSE_190013BFF7C1
STUDENT_7702366E6C54,3A566B2,COURSE_3A566B2FDF91
STUDENT_7702366E6C54,61C7475,COURSE_61C74758B507
STUDENT_7702366E6C54,2272A89,COURSE_2272A89A56F1
STUDENT_7702366E6C54,49EFDEC,COURSE_49EFDEC4AD22
STUDENT_BBF821E34AE4,190013B,COURSE_190013BFF7C1
STUDENT_BBF821E34AE4,3A566B2,COURSE_3A566B2FDF91
STUDENT_BBF821E34AE4,61C7475,COURSE_61C74758B507
STUDENT_BBF821E34AE4,2272A89,COURSE_2272A89A56F1
STUDENT_BBF821E34AE4,66A6CAF,COURSE_66A6CAFEFBDE
STUDENT_AE97860AC0A3,D83CCF6,COURSE_D83CCF67F12C
STUDENT_AE97860AC0A3,1955497,COURSE_19554970F628
STUDENT_AE97860AC0A3,500C8E8,COURSE_500C8E8E485C
STUDENT_AE97860AC0A3,47510C7,COURSE_47510C7D6B2A
STUDENT_AE97860AC0A3,5DB4771,COURSE_5DB4771B0A79
STUDENT_AE97860AC0A3,165B6EC,COURSE_165B6EC64386
STUDENT_337F392A5F71,9E6B1F1,COURSE_9E6B1F18531F
STUDENT_337F392A5F71,47E4DB4,COURSE_47E4DB4D9F6E
STUDENT_337F392A5F71,28DA87B,COURSE_28DA87BD0111
STUDENT_337F392A5F71,3A124DB,COURSE_3A124DB43FF4
STUDENT_337F392A5F71,5DB4771,COURSE_5DB4771B0A79
STUDENT_0C28E6D8B3FC,383B616,COURSE_383B6165A0C6
STUDENT_0C28E6D8B3FC,81F8284,COURSE_81F8284E70A1
STUDENT_0C28E6D8B3FC,81AC608,COURSE_81AC608D129E
STUDENT_0C28E6D8B3FC,75BD307,COURSE_75BD3070F668
STUDENT_08BDD37B6407,FCF20E6,COURSE_FCF20E6D19D8
STUDENT_08BDD37B6407,D4B3043,COURSE_D4B30433AFFD
STUDENT_332E6D8F8A09,C0809A7,COURSE_C0809A768480
STUDENT_332E6D8F8A09,6913DA1,COURSE_6913DA13F5CD
STUDENT_332E6D8F8A09,F8FF4AF,COURSE_F8FF4AFC0BCD
STUDENT_332E6D8F8A09,2271E57,COURSE_2271E57A6113
STUDENT_332E6D8F8A09,D5557C5,COURSE_D5557C5D2419
STUDENT_1A2A4C73B647,165B6EC,COURSE_165B6EC64386
STUDENT_E20CABF8E5C1,9316CD4,COURSE_9316CD4D881E
STUDENT_E20CABF8E5C1,30902F4,COURSE_30902F436CC4
STUDENT_E20CABF8E5C1,83D7482,COURSE_83D748271771
STUDENT_E20CABF8E5C1,B936E4C,COURSE_B936E4CB244C
STUDENT_E20CABF8E5C1,165B6EC,COURSE_165B6EC64386
STUDENT_E379BCECA752,A419E04,COURSE_A419E04C917F
STUDENT_E379BCECA752,C0809A7,COURSE_C0809A768480
STUDENT_E379BCECA752,4E2B40A,COURSE_4E2B40A02EA8
STUDENT_E379BCECA752,1C5D6A5,COURSE_1C5D6A56EC25
STUDENT_E379BCECA752,BAFD130,COURSE_BAFD130A3032
STUDENT_E379BCECA752,653E100,COURSE_653E100DE826
STUDENT_E379BCECA752,9057D89,COURSE_9057D894165E
STUDENT_365F8D9612C1,C79A295,COURSE_C79A295DA02B
STUDENT_365F8D9612C1,3F1B128,COURSE_3F1B1281DACC
STUDENT_365F8D9612C1,2B7ADA6,COURSE_2B7ADA67C898
STUDENT_365F8D9612C1,355947D,COURSE_355947D15102
STUDENT_365F8D9612C1,E00D025,COURSE_E00D02523E87
STUDENT_725113B4F700,190013B,COURSE_190013BFF7C1
STUDENT_725113B4F700,DF6FC47,COURSE_DF6FC470A7CD
STUDENT_725113B4F700,DBC12C3,COURSE_DBC12C371F89
STUDENT_725113B4F700,5CB16CB,COURSE_5CB16CB795C3
STUDENT_725113B4F700,66A6CAF,COURSE_66A6CAFEFBDE
STUDENT_725113B4F700,07FFBA6,COURSE_07FFBA646CB9
STUDENT_7B07F9B4F4D6,4F3752C,COURSE_4F3752CD456B
STUDENT_7B07F9B4F4D6,B9EED81,COURSE_B9EED8153A7D
STUDENT_7B07F9B4F4D6,99173EC,COURSE_99173EC7A0C3
STUDENT_7B07F9B4F4D6,1330BF6,COURSE_1330BF611256
STUDENT_01E65F2D5FF4,645A680,COURSE_645A680E52B7
STUDENT_01E65F2D5FF4,81F8284,COURSE_81F8284E70A1
STUDENT_01E65F2D5FF4,6BF0AA9,COURSE_6BF0AA9F243F
STUDENT_01E65F2D5FF4,6B4B9A8,COURSE_6B4B9A851F21
STUDENT_06AA89EC6C08,A419E04,COURSE_A419E04C917F
STUDENT_06AA89EC6C08,69DBF44,COURSE_69DBF44B3D90
STUDENT_06AA89EC6C08,258D4B8,COURSE_258D4B85BE0B
STUDENT_06AA89EC6C08,9316CD4,COURSE_9316CD4D881E
STUDENT_06AA89EC6C08,BAFD130,COURSE_BAFD130A3032
STUDENT_07AF28901B65,28DA87B,COURSE_28DA87BD0111
STUDENT_07AF28901B65,383B616,COURSE_383B6165A0C6
STUDENT_07AF28901B65,81F8284,COURSE_81F8284E70A1
STUDENT_07AF28901B65,6BF0AA9,COURSE_6BF0AA9F243F
STUDENT_07AF28901B65,195AC94,COURSE_195AC942FF0E
STUDENT_D8AB3E8C8BAF,0D5AE07,COURSE_0D5AE07010E3
STUDENT_29246F6A43A3,9A1418F,COURSE_9A1418F9C846
STUDENT_29246F6A43A3,C79A295,COURSE_C79A295DA02B
STUDENT_91EBF82F92FF,190013B,COURSE_190013BFF7C1
STUDENT_91EBF82F92FF,81AC608,COURSE_81AC608D129E
STUDENT_91EBF82F92FF,75BD307,COURSE_75BD3070F668
STUDENT_F7E098D9F4A8,D83CCF6,COURSE_D83CCF67F12C
STUDENT_F7E098D9F4A8,1955497,COURSE_19554970F628
STUDENT_F7E098D9F4A8,500C8E8,COURSE_500C8E8E485C
STUDENT_F7E098D9F4A8,47510C7,COURSE_47510C7D6B2A
STUDENT_F7E098D9F4A8,5DB4771,COURSE_5DB4771B0A79
STUDENT_F7E098D9F4A8,165B6EC,COURSE_165B6EC64386
STUDENT_A74DB1C59667,58B4C36,COURSE_58B4C3685A81
STUDENT_A74DB1C59667,B4B5B8E,COURSE_B4B5B8E85C6D
STUDENT_A74DB1C59667,F911ACE,COURSE_F911ACEAA7B5
STUDENT_A74DB1C59667,91BFF3B,COURSE_91BFF3B09E00
STUDENT_A74DB1C59667,80EAE88,COURSE_80EAE885256A
STUDENT_A74DB1C59667,C834FC6,COURSE_C834FC623CA7
STUDENT_9A18C1FF3930,F2EB940,COURSE_F2EB940C16DE
STUDENT_9A18C1FF3930,190013B,COURSE_190013BFF7C1
STUDENT_9A18C1FF3930,3A566B2,COURSE_3A566B2FDF91
STUDENT_9A18C1FF3930,61C7475,COURSE_61C74758B507
STUDENT_9A18C1FF3930,2272A89,COURSE_2272A89A56F1
STUDENT_45D70F7B96DC,80EAE88,COURSE_80EAE885256A
STUDENT_45D70F7B96DC,250D49A,COURSE_250D49A6137B
STUDENT_45D70F7B96DC,32D5691,COURSE_32D569186237
STUDENT_45D70F7B96DC,24A18A5,COURSE_24A18A5B3FF2
STUDENT_45D70F7B96DC,F2EB940,COURSE_F2EB940C16DE
STUDENT_EF46626F280E,FF52A45,COURSE_FF52A456A828
STUDENT_EF46626F280E,88A5BB2,COURSE_88A5BB2A9E50
STUDENT_EF46626F280E,2A9F863,COURSE_2A9F8630D88C
STUDENT_EF46626F280E,BAFD130,COURSE_BAFD130A3032
STUDENT_EF46626F280E,9F8E751,COURSE_9F8E7511D62C
STUDENT_EF46626F280E,CE06967,COURSE_CE06967084F9
STUDENT_14D1B5FFFAEB,645A680,COURSE_645A680E52B7
STUDENT_14D1B5FFFAEB,81F8284,COURSE_81F8284E70A1
STUDENT_14D1B5FFFAEB,6BF0AA9,COURSE_6BF0AA9F243F
STUDENT_14D1B5FFFAEB,6B4B9A8,COURSE_6B4B9A851F21
STUDENT_9AA4FC747C80,28DA87B,COURSE_28DA87BD0111
STUDENT_9AA4FC747C80,195AC94,COURSE_195AC942FF0E
STUDENT_9AA4FC747C80,75BD307,COURSE_75BD3070F668
STUDENT_8D85F9D59CFD,80EAE88,COURSE_80EAE885256A
STUDENT_8D85F9D59CFD,250D49A,COURSE_250D49A6137B
STUDENT_8D85F9D59CFD,32D5691,COURSE_32D569186237
STUDENT_8D85F9D59CFD,24A18A5,COURSE_24A18A5B3FF2
STUDENT_8D85F9D59CFD,F2EB940,COURSE_F2EB940C16DE
STUDENT_94768E5149CA,383B616,COURSE_383B6165A0C6
STUDENT_53448C76C1FA,AFFC57F,COURSE_AFFC57FABE98
STUDENT_53448C76C1FA,88A5BB2,COURSE_88A5BB2A9E50
STUDENT_53448C76C1FA,2A9F863,COURSE_2A9F8630D88C
STUDENT_53448C76C1FA,BAFD130,COURSE_BAFD130A3032
STUDENT_53448C76C1FA,E1A4EFE,COURSE_E1A4EFE9B9B1
STUDENT_53448C76C1FA,C834FC6,COURSE_C834FC623CA7
STUDENT_396EDF142B49,847CF53,COURSE_847CF537763E
STUDENT_396EDF142B49,AC3C396,COURSE_AC3C3967D4FC
STUDENT_12ABFEF8C7B8,DF6FC47,COURSE_DF6FC470A7CD
STUDENT_12ABFEF8C7B8,DBC12C3,COURSE_DBC12C371F89
STUDENT_12ABFEF8C7B8,5CB16CB,COURSE_5CB16CB795C3
STUDENT_12ABFEF8C7B8,66A6CAF,COURSE_66A6CAFEFBDE
STUDENT_12ABFEF8C7B8,1330BF6,COURSE_1330BF611256
STUDENT_F6FE826BBD91,80EAE88,COURSE_80EAE885256A
STUDENT_F6FE826BBD91,250D49A,COURSE_250D49A6137B
STUDENT_F6FE826BBD91,32D5691,COURSE_32D569186237
STUDENT_F6FE826BBD91,24A18A5,COURSE_24A18A5B3FF2
STUDENT_F6FE826BBD91,F2EB940,COURSE_F2EB940C16DE
STUDENT_FF93A2EA8668,8928BF4,COURSE_8928BF411C22
STUDENT_FF93A2EA8668,190013B,COURSE_190013BFF7C1
STUDENT_FF93A2EA8668,3A566B2,COURSE_3A566B2FDF91
STUDENT_FF93A2EA8668,61C7475,COURSE_61C74758B507
STUDENT_FF93A2EA8668,2272A89,COURSE_2272A89A56F1
STUDENT_319D6543C4B9,81A8D50,COURSE_81A8D508C067
STUDENT_319D6543C4B9,4E2B40A,COURSE_4E2B40A02EA8
STUDENT_319D6543C4B9,1C5D6A5,COURSE_1C5D6A56EC25
STUDENT_319D6543C4B9,6913DA1,COURSE_6913DA13F5CD
STUDENT_319D6543C4B9,9F8E751,COURSE_9F8E7511D62C
STUDENT_319D6543C4B9,D4B3043,COURSE_D4B30433AFFD
STUDENT_587C3C1E42B4,DF6FC47,COURSE_DF6FC470A7CD
STUDENT_587C3C1E42B4,DBC12C3,COURSE_DBC12C371F89
STUDENT_587C3C1E42B4,5CB16CB,COURSE_5CB16CB795C3
STUDENT_587C3C1E42B4,66A6CAF,COURSE_66A6CAFEFBDE
STUDENT_587C3C1E42B4,5DCF966,COURSE_5DCF966FA1E3
STUDENT_587C3C1E42B4,1330BF6,COURSE_1330BF611256
STUDENT_E5AA93A14827,69DBF44,COURSE_69DBF44B3D90
STUDENT_E5AA93A14827,258D4B8,COURSE_258D4B85BE0B
STUDENT_E5AA93A14827,9316CD4,COURSE_9316CD4D881E
STUDENT_8FC59DB703CC,BF0C1E7,COURSE_BF0C1E79B695
STUDENT_8FC59DB703CC,EC38A74,COURSE_EC38A741879B
STUDENT_C52B1E1DAAF3,6F2977C,COURSE_6F2977CBA34F
STUDENT_C52B1E1DAAF3,FF52A45,COURSE_FF52A456A828
STUDENT_C52B1E1DAAF3,BAFD130,COURSE_BAFD130A3032
STUDENT_97D747B7908F,2271E57,COURSE_2271E57A6113
STUDENT_97D747B7908F,D5557C5,COURSE_D5557C5D2419
STUDENT_452FDAF6E6DB,3444FA0,COURSE_3444FA0063FE
STUDENT_452FDAF6E6DB,9F8E751,COURSE_9F8E7511D62C
STUDENT_D49414ABF874,500C8E8,COURSE_500C8E8E485C
STUDENT_D49414ABF874,5DB4771,COURSE_5DB4771B0A79
STUDENT_D49414ABF874,165B6EC,COURSE_165B6EC64386
STUDENT_D49414ABF874,A9C3CE0,COURSE_A9C3CE099531
STUDENT_D49414ABF874,2962003,COURSE_2962003E8EB8
STUDENT_D49414ABF874,986F248,COURSE_986F248A2D8A
STUDENT_83352BB660D4,B4B5B8E,COURSE_B4B5B8E85C6D
STUDENT_83352BB660D4,90C1B72,COURSE_90C1B7254FDD
STUDENT_83352BB660D4,FCF20E6,COURSE_FCF20E6D19D8
STUDENT_7D3B29A99E36,A419E04,COURSE_A419E04C917F
STUDENT_7D3B29A99E36,69DBF44,COURSE_69DBF44B3D90
STUDENT_7D3B29A99E36,258D4B8,COURSE_258D4B85BE0B
STUDENT_7D3B29A99E36,9316CD4,COURSE_9316CD4D881E
STUDENT_7D3B29A99E36,83D7482,COURSE_83D748271771
STUDENT_6A8A4CB61EB6,A419E04,COURSE_A419E04C917F
STUDENT_6A8A4CB61EB6,69DBF44,COURSE_69DBF44B3D90
STUDENT_6A8A4CB61EB6,258D4B8,COURSE_258D4B85BE0B
STUDENT_6A8A4CB61EB6,9316CD4,COURSE_9316CD4D881E
STUDENT_6A8A4CB61EB6,BAFD130,COURSE_BAFD130A3032
STUDENT_AA6BC538DD07,F2EB940,COURSE_F2EB940C16DE
STUDENT_AA6BC538DD07,EC38A74,COURSE_EC38A741879B
STUDENT_AA6BC538DD07,EE22381,COURSE_EE2238133323
STUDENT_AA6BC538DD07,6AE5916,COURSE_6AE5916D0725
STUDENT_AA6BC538DD07,D60A15E,COURSE_D60A15E39D9C
STUDENT_AA6BC538DD07,9F8E751,COURSE_9F8E7511D62C
STUDENT_AA6BC538DD07,D4B3043,COURSE_D4B30433AFFD
STUDENT_1148AF369C1C,EC38A74,COURSE_EC38A741879B
STUDENT_1148AF369C1C,EE22381,COURSE_EE2238133323
STUDENT_1148AF369C1C,6AE5916,COURSE_6AE5916D0725
STUDENT_1148AF369C1C,D60A15E,COURSE_D60A15E39D9C
STUDENT_1148AF369C1C,CE06967,COURSE_CE06967084F9
STUDENT_1148AF369C1C,D4B3043,COURSE_D4B30433AFFD
STUDENT_7A49830066EA,80EAE88,COURSE_80EAE885256A
STUDENT_7A49830066EA,250D49A,COURSE_250D49A6137B
STUDENT_7A49830066EA,32D5691,COURSE_32D569186237
STUDENT_7A49830066EA,24A18A5,COURSE_24A18A5B3FF2
STUDENT_7A49830066EA,F2EB940,COURSE_F2EB940C16DE
STUDENT_AF75122592D0,B2EED57,COURSE_B2EED574D766
STUDENT_AF75122592D0,1955497,COURSE_19554970F628
STUDENT_AF75122592D0,500C8E8,COURSE_500C8E8E485C
STUDENT_AF75122592D0,4E4632B,COURSE_4E4632BBE56E
STUDENT_AF75122592D0,165B6EC,COURSE_165B6EC64386
STUDENT_AF75122592D0,986F248,COURSE_986F248A2D8A
STUDENT_6ED9C000B087,157E49E,COURSE_157E49E5EB6E
STUDENT_6ED9C000B087,190013B,COURSE_190013BFF7C1
STUDENT_6ED9C000B087,3A566B2,COURSE_3A566B2FDF91
STUDENT_6ED9C000B087,61C7475,COURSE_61C74758B507
STUDENT_6ED9C000B087,2272A89,COURSE_2272A89A56F1
STUDENT_B92B99C71493,D83CCF6,COURSE_D83CCF67F12C
STUDENT_B92B99C71493,1955497,COURSE_19554970F628
STUDENT_B92B99C71493,500C8E8,COURSE_500C8E8E485C
STUDENT_B92B99C71493,47510C7,COURSE_47510C7D6B2A
STUDENT_B92B99C71493,5DB4771,COURSE_5DB4771B0A79
STUDENT_B92B99C71493,165B6EC,COURSE_165B6EC64386
STUDENT_1AE75E9F43A9,3444FA0,COURSE_3444FA0063FE
STUDENT_1AE75E9F43A9,383B616,COURSE_383B6165A0C6
STUDENT_1AE75E9F43A9,81F8284,COURSE_81F8284E70A1
STUDENT_1AE75E9F43A9,6B4B9A8,COURSE_6B4B9A851F21
STUDENT_1AE75E9F43A9,75BD307,COURSE_75BD3070F668
STUDENT_691CC226B829,90C1B72,COURSE_90C1B7254FDD
STUDENT_691CC226B829,645A680,COURSE_645A680E52B7
STUDENT_691CC226B829,0186BC3,COURSE_0186BC3B6640
STUDENT_691CC226B829,258D4B8,COURSE_258D4B85BE0B
STUDENT_C9CB4D5CF9C2,EC38A74,COURSE_EC38A741879B
STUDENT_C9CB4D5CF9C2,EE22381,COURSE_EE2238133323
STUDENT_C9CB4D5CF9C2,6AE5916,COURSE_6AE5916D0725
STUDENT_C9CB4D5CF9C2,D60A15E,COURSE_D60A15E39D9C
STUDENT_C9CB4D5CF9C2,BF0C1E7,COURSE_BF0C1E79B695
STUDENT_C9CB4D5CF9C2,6513E08,COURSE_6513E08F6B17
STUDENT_BDAC0949663A,BB7F370,COURSE_BB7F370548AA
STUDENT_BDAC0949663A,0173213,COURSE_0173213F93B6
STUDENT_BDAC0949663A,2AB210B,COURSE_2AB210BBEC8C
STUDENT_BDAC0949663A,EB9466F,COURSE_EB9466FE229C
STUDENT_BDAC0949663A,3444FA0,COURSE_3444FA0063FE
STUDENT_FA418B999C20,90C1B72,COURSE_90C1B7254FDD
STUDENT_FA418B999C20,645A680,COURSE_645A680E52B7
STUDENT_FA418B999C20,0186BC3,COURSE_0186BC3B6640
STUDENT_FA418B999C20,F2EB940,COURSE_F2EB940C16DE
STUDENT_F9ACAC7D01F7,B2EED57,COURSE_B2EED574D766
STUDENT_F9ACAC7D01F7,1955497,COURSE_19554970F628
STUDENT_F9ACAC7D01F7,47510C7,COURSE_47510C7D6B2A
STUDENT_F9ACAC7D01F7,4E4632B,COURSE_4E4632BBE56E
STUDENT_F67F81795975,4DFDBD5,COURSE_4DFDBD5A1EAB
STUDENT_F67F81795975,6F2977C,COURSE_6F2977CBA34F
STUDENT_F67F81795975,4E2B40A,COURSE_4E2B40A02EA8
STUDENT_F67F81795975,9F8E751,COURSE_9F8E7511D62C
STUDENT_F67F81795975,C834FC6,COURSE_C834FC623CA7
STUDENT_F67F81795975,D4B3043,COURSE_D4B30433AFFD
STUDENT_329576D40C40,58B4C36,COURSE_58B4C3685A81
STUDENT_329576D40C40,B4B5B8E,COURSE_B4B5B8E85C6D
STUDENT_329576D40C40,F911ACE,COURSE_F911ACEAA7B5
STUDENT_329576D40C40,4457B1D,COURSE_4457B1DB75EA
STUDENT_329576D40C40,91BFF3B,COURSE_91BFF3B09E00
STUDENT_329576D40C40,CE06967,COURSE_CE06967084F9
STUDENT_4078089867D3,A419E04,COURSE_A419E04C917F
STUDENT_4078089867D3,69DBF44,COURSE_69DBF44B3D90
STUDENT_4078089867D3,258D4B8,COURSE_258D4B85BE0B
STUDENT_4078089867D3,9316CD4,COURSE_9316CD4D881E
STUDENT_4078089867D3,28DA87B,COURSE_28DA87BD0111
STUDENT_3D9276CF87C1,4DFDBD5,COURSE_4DFDBD5A1EAB
STUDENT_3D9276CF87C1,4E2B40A,COURSE_4E2B40A02EA8
STUDENT_3D9276CF87C1,1C5D6A5,COURSE_1C5D6A56EC25
STUDENT_3D9276CF87C1,2271E57,COURSE_2271E57A6113
STUDENT_3D9276CF87C1,CE06967,COURSE_CE06967084F9
STUDENT_3D9276CF87C1,D4B3043,COURSE_D4B30433AFFD
STUDENT_3D9276CF87C1,2962003,COURSE_2962003E8EB8
STUDENT_3D9276CF87C1,986F248,COURSE_986F248A2D8A
STUDENT_C6EEAB7CF06E,A419E04,COURSE_A419E04C917F
STUDENT_C6EEAB7CF06E,69DBF44,COURSE_69DBF44B3D90
STUDENT_C6EEAB7CF06E,258D4B8,COURSE_258D4B85BE0B
STUDENT_C6EEAB7CF06E,9316CD4,COURSE_9316CD4D881E
STUDENT_C6EEAB7CF06E,30902F4,COURSE_30902F436CC4
STUDENT_9759C0B43A12,D83CCF6,COURSE_D83CCF67F12C
STUDENT_9759C0B43A12,1955497,COURSE_19554970F628
STUDENT_9759C0B43A12,500C8E8,COURSE_500C8E8E485C
STUDENT_9759C0B43A12,47510C7,COURSE_47510C7D6B2A
STUDENT_9759C0B43A12,5DB4771,COURSE_5DB4771B0A79
STUDENT_9759C0B43A12,165B6EC,COURSE_165B6EC64386
STUDENT_5F5172AEFBBF,CCB0EDD,COURSE_CCB0EDDCF252
STUDENT_5F5172AEFBBF,B2EED57,COURSE_B2EED574D766
STUDENT_5F5172AEFBBF,1955497,COURSE_19554970F628
STUDENT_5F5172AEFBBF,500C8E8,COURSE_500C8E8E485C
STUDENT_5F5172AEFBBF,4E4632B,COURSE_4E4632BBE56E
STUDENT_5F5172AEFBBF,165B6EC,COURSE_165B6EC64386
STUDENT_57A72E60A29C,D83CCF6,COURSE_D83CCF67F12C
STUDENT_57A72E60A29C,1955497,COURSE_19554970F628
STUDENT_57A72E60A29C,500C8E8,COURSE_500C8E8E485C
STUDENT_57A72E60A29C,47510C7,COURSE_47510C7D6B2A
STUDENT_57A72E60A29C,5DB4771,COURSE_5DB4771B0A79
STUDENT_57A72E60A29C,165B6EC,COURSE_165B6EC64386
STUDENT_41C7BCE06B09,0173213,COURSE_0173213F93B6
STUDENT_41C7BCE06B09,9B598F9,COURSE_9B598F9EC811
STUDENT_41C7BCE06B09,A0EFB23,COURSE_A0EFB237A2A4
STUDENT_41C7BCE06B09,D4B3043,COURSE_D4B30433AFFD
STUDENT_D0E160479A0B,258D4B8,COURSE_258D4B85BE0B
STUDENT_D0E160479A0B,4DFDBD5,COURSE_4DFDBD5A1EAB
STUDENT_D0E160479A0B,69DBF44,COURSE_69DBF44B3D90
STUDENT_D0E160479A0B,6913DA1,COURSE_6913DA13F5CD
STUDENT_D0E160479A0B,2271E57,COURSE_2271E57A6113
STUDENT_D0E160479A0B,9057D89,COURSE_9057D894165E
STUDENT_B31BA2B08FD5,190013B,COURSE_190013BFF7C1
STUDENT_B31BA2B08FD5,3A566B2,COURSE_3A566B2FDF91
STUDENT_B31BA2B08FD5,61C7475,COURSE_61C74758B507
STUDENT_B31BA2B08FD5,2272A89,COURSE_2272A89A56F1
STUDENT_B31BA2B08FD5,49EFDEC,COURSE_49EFDEC4AD22
STUDENT_C777DC861454,383B616,COURSE_383B6165A0C6
STUDENT_C777DC861454,81F8284,COURSE_81F8284E70A1
STUDENT_C777DC861454,847CF53,COURSE_847CF537763E
STUDENT_C777DC861454,8702F1E,COURSE_8702F1EA55DA
STUDENT_7D3DF6F3B430,3F1B128,COURSE_3F1B1281DACC
STUDENT_7D3DF6F3B430,250D49A,COURSE_250D49A6137B
STUDENT_7D3DF6F3B430,32D5691,COURSE_32D569186237
STUDENT_7D3DF6F3B430,24A18A5,COURSE_24A18A5B3FF2
STUDENT_7D3DF6F3B430,F2EB940,COURSE_F2EB940C16DE
STUDENT_7C1790E5B6AA,61C7475,COURSE_61C74758B507
STUDENT_7C1790E5B6AA,99173EC,COURSE_99173EC7A0C3
STUDENT_B48C5A4680AF,C0809A7,COURSE_C0809A768480
STUDENT_B48C5A4680AF,653E100,COURSE_653E100DE826
STUDENT_1986C239ADCE,DF6FC47,COURSE_DF6FC470A7CD
STUDENT_1986C239ADCE,DBC12C3,COURSE_DBC12C371F89
STUDENT_1986C239ADCE,5CB16CB,COURSE_5CB16CB795C3
STUDENT_1986C239ADCE,66A6CAF,COURSE_66A6CAFEFBDE
STUDENT_1986C239ADCE,07FFBA6,COURSE_07FFBA646CB9
STUDENT_A926B6335243,EC38A74,COURSE_EC38A741879B
STUDENT_A926B6335243,EE22381,COURSE_EE2238133323
STUDENT_A926B6335243,6AE5916,COURSE_6AE5916D0725
STUDENT_A926B6335243,D60A15E,COURSE_D60A15E39D9C
STUDENT_A926B6335243,BF0C1E7,COURSE_BF0C1E79B695
STUDENT_A926B6335243,6513E08,COURSE_6513E08F6B17
STUDENT_59BD62C94333,99173EC,COURSE_99173EC7A0C3
STUDENT_59BD62C94333,099DA73,COURSE_099DA73E98E3
STUDENT_0C00437EB7FA,6E363D6,COURSE_6E363D600BA1
STUDENT_0C00437EB7FA,8928BF4,COURSE_8928BF411C22
STUDENT_0C00437EB7FA,342173B,COURSE_342173B29394
STUDENT_0C00437EB7FA,9772A41,COURSE_9772A418992F
STUDENT_0C00437EB7FA,E00D025,COURSE_E00D02523E87
STUDENT_EEBB98DB8088,58B4C36,COURSE_58B4C3685A81
STUDENT_EEBB98DB8088,B4B5B8E,COURSE_B4B5B8E85C6D
STUDENT_EEBB98DB8088,F911ACE,COURSE_F911ACEAA7B5
STUDENT_EEBB98DB8088,4457B1D,COURSE_4457B1DB75EA
STUDENT_EEBB98DB8088,91BFF3B,COURSE_91BFF3B09E00
STUDENT_EEBB98DB8088,CE06967,COURSE_CE06967084F9
STUDENT_FBCA379DB90A,383B616,COURSE_383B6165A0C6
STUDENT_FBCA379DB90A,81F8284,COURSE_81F8284E70A1
STUDENT_FBCA379DB90A,8702F1E,COURSE_8702F1EA55DA
STUDENT_FBCA379DB90A,195AC94,COURSE_195AC942FF0E
STUDENT_F21DD41184FD,D83CCF6,COURSE_D83CCF67F12C
STUDENT_F21DD41184FD,1955497,COURSE_19554970F628
STUDENT_F21DD41184FD,500C8E8,COURSE_500C8E8E485C
STUDENT_F21DD41184FD,47510C7,COURSE_47510C7D6B2A
STUDENT_F21DD41184FD,5DB4771,COURSE_5DB4771B0A79
STUDENT_F21DD41184FD,165B6EC,COURSE_165B6EC64386
STUDENT_4EE97E8A0E4A,9E6B1F1,COURSE_9E6B1F18531F
STUDENT_4EE97E8A0E4A,CE06967,COURSE_CE06967084F9
STUDENT_70C7BC6E2C81,C40C59E,COURSE_C40C59E77909
STUDENT_70C7BC6E2C81,9031CED,COURSE_9031CEDB50FD
STUDENT_70C7BC6E2C81,F911ACE,COURSE_F911ACEAA7B5
STUDENT_5C08013155E3,64056FA,COURSE_64056FA06151
STUDENT_5C08013155E3,BB7F370,COURSE_BB7F370548AA
STUDENT_5C08013155E3,0173213,COURSE_0173213F93B6
STUDENT_5C08013155E3,78104A3,COURSE_78104A3E8A10
STUDENT_5C08013155E3,2AB210B,COURSE_2AB210BBEC8C
STUDENT_74761BFAA878,C834FC6,COURSE_C834FC623CA7
STUDENT_6163956639A6,47E4DB4,COURSE_47E4DB4D9F6E
STUDENT_6163956639A6,28DA87B,COURSE_28DA87BD0111
STUDENT_6163956639A6,3A124DB,COURSE_3A124DB43FF4
STUDENT_6163956639A6,4F8DAE0,COURSE_4F8DAE02A7A0
STUDENT_6163956639A6,5DB4771,COURSE_5DB4771B0A79
STUDENT_BA33B51F816B,EC38A74,COURSE_EC38A741879B
STUDENT_BA33B51F816B,EE22381,COURSE_EE2238133323
STUDENT_BA33B51F816B,6AE5916,COURSE_6AE5916D0725
STUDENT_BA33B51F816B,D60A15E,COURSE_D60A15E39D9C
STUDENT_BA33B51F816B,CE06967,COURSE_CE06967084F9
STUDENT_BA33B51F816B,D4B3043,COURSE_D4B30433AFFD
STUDENT_32065F707D23,58B4C36,COURSE_58B4C3685A81
STUDENT_32065F707D23,B4B5B8E,COURSE_B4B5B8E85C6D
STUDENT_32065F707D23,F911ACE,COURSE_F911ACEAA7B5
STUDENT_32065F707D23,4457B1D,COURSE_4457B1DB75EA
STUDENT_32065F707D23,91BFF3B,COURSE_91BFF3B09E00
STUDENT_32065F707D23,C834FC6,COURSE_C834FC623CA7
STUDENT_947A7E427872,EC38A74,COURSE_EC38A741879B
STUDENT_00682A0A4BB2,80EAE88,COURSE_80EAE885256A
STUDENT_00682A0A4BB2,6913DA1,COURSE_6913DA13F5CD
STUDENT_00682A0A4BB2,691E308,COURSE_691E308022A0
STUDENT_00682A0A4BB2,91D9143,COURSE_91D914364C5C
STUDENT_00682A0A4BB2,9F8E751,COURSE_9F8E7511D62C
STUDENT_2D93F6CD29B5,91BFF3B,COURSE_91BFF3B09E00
STUDENT_2D93F6CD29B5,64056FA,COURSE_64056FA06151
STUDENT_2D93F6CD29B5,BB7F370,COURSE_BB7F370548AA
STUDENT_2D93F6CD29B5,0173213,COURSE_0173213F93B6
STUDENT_2D93F6CD29B5,D5957F4,COURSE_D5957F457326
STUDENT_AB477443341E,A419E04,COURSE_A419E04C917F
STUDENT_AB477443341E,69DBF44,COURSE_69DBF44B3D90
STUDENT_AB477443341E,258D4B8,COURSE_258D4B85BE0B
STUDENT_AB477443341E,9316CD4,COURSE_9316CD4D881E
STUDENT_AB477443341E,157E49E,COURSE_157E49E5EB6E
STUDENT_35C4BB5628E5,58B4C36,COURSE_58B4C3685A81
STUDENT_35C4BB5628E5,B4B5B8E,COURSE_B4B5B8E85C6D
STUDENT_35C4BB5628E5,F911ACE,COURSE_F911ACEAA7B5
STUDENT_35C4BB5628E5,4457B1D,COURSE_4457B1DB75EA
STUDENT_35C4BB5628E5,91BFF3B,COURSE_91BFF3B09E00
STUDENT_35C4BB5628E5,2AB210B,COURSE_2AB210BBEC8C
STUDENT_35C4BB5628E5,CE06967,COURSE_CE06967084F9
STUDENT_6461A9C21110,D83CCF6,COURSE_D83CCF67F12C
STUDENT_6461A9C21110,1955497,COURSE_19554970F628
STUDENT_6461A9C21110,500C8E8,COURSE_500C8E8E485C
STUDENT_6461A9C21110,47510C7,COURSE_47510C7D6B2A
STUDENT_6461A9C21110,5DB4771,COURSE_5DB4771B0A79
STUDENT_6461A9C21110,165B6EC,COURSE_165B6EC64386
STUDENT_99BE3ACFD7BC,80EAE88,COURSE_80EAE885256A
STUDENT_99BE3ACFD7BC,250D49A,COURSE_250D49A6137B
STUDENT_99BE3ACFD7BC,32D5691,COURSE_32D569186237
STUDENT_99BE3ACFD7BC,24A18A5,COURSE_24A18A5B3FF2
STUDENT_99BE3ACFD7BC,F2EB940,COURSE_F2EB940C16DE
STUDENT_0C45C7C314F7,258D4B8,COURSE_258D4B85BE0B
STUDENT_0C45C7C314F7,6913DA1,COURSE_6913DA13F5CD
STUDENT_0C45C7C314F7,2271E57,COURSE_2271E57A6113
STUDENT_0C45C7C314F7,9057D89,COURSE_9057D894165E
STUDENT_0C45C7C314F7,9F8E751,COURSE_9F8E7511D62C
STUDENT_068AE20836D6,BB7F370,COURSE_BB7F370548AA
STUDENT_068AE20836D6,0173213,COURSE_0173213F93B6
STUDENT_068AE20836D6,78104A3,COURSE_78104A3E8A10
STUDENT_068AE20836D6,2AB210B,COURSE_2AB210BBEC8C
STUDENT_068AE20836D6,6AEB855,COURSE_6AEB8553B28E
STUDENT_475689C18194,4DFDBD5,COURSE_4DFDBD5A1EAB
STUDENT_475689C18194,195AC94,COURSE_195AC942FF0E
STUDENT_23945EF6EB00,C79A295,COURSE_C79A295DA02B
STUDENT_23945EF6EB00,3F1B128,COURSE_3F1B1281DACC
STUDENT_23945EF6EB00,2B7ADA6,COURSE_2B7ADA67C898
STUDENT_23945EF6EB00,355947D,COURSE_355947D15102
STUDENT_23945EF6EB00,E00D025,COURSE_E00D02523E87
STUDENT_97AE0CE2B9E4,258D4B8,COURSE_258D4B85BE0B
STUDENT_97AE0CE2B9E4,6913DA1,COURSE_6913DA13F5CD
STUDENT_97AE0CE2B9E4,2271E57,COURSE_2271E57A6113
STUDENT_97AE0CE2B9E4,9057D89,COURSE_9057D894165E
STUDENT_97AE0CE2B9E4,9F8E751,COURSE_9F8E7511D62C
STUDENT_665E21141FFF,64056FA,COURSE_64056FA06151
STUDENT_665E21141FFF,BB7F370,COURSE_BB7F370548AA
STUDENT_665E21141FFF,0173213,COURSE_0173213F93B6
STUDENT_665E21141FFF,2AB210B,COURSE_2AB210BBEC8C
STUDENT_665E21141FFF,EB9466F,COURSE_EB9466FE229C
STUDENT_AE8E58B0395D,A419E04,COURSE_A419E04C917F
STUDENT_AE8E58B0395D,69DBF44,COURSE_69DBF44B3D90
STUDENT_AE8E58B0395D,258D4B8,COURSE_258D4B85BE0B
STUDENT_AE8E58B0395D,9316CD4,COURSE_9316CD4D881E
STUDENT_AE8E58B0395D,F2EB940,COURSE_F2EB940C16DE
STUDENT_A1A837ED3710,157E49E,COURSE_157E49E5EB6E
STUDENT_A1A837ED3710,190013B,COURSE_190013BFF7C1
STUDENT_A1A837ED3710,3A566B2,COURSE_3A566B2FDF91
STUDENT_A1A837ED3710,61C7475,COURSE_61C74758B507
STUDENT_A1A837ED3710,2272A89,COURSE_2272A89A56F1
STUDENT_F6B015B8245F,258D4B8,COURSE_258D4B85BE0B
STUDENT_F6B015B8245F,9316CD4,COURSE_9316CD4D881E
STUDENT_F6B015B8245F,30902F4,COURSE_30902F436CC4
STUDENT_F6B015B8245F,83D7482,COURSE_83D748271771
STUDENT_F6B015B8245F,B936E4C,COURSE_B936E4CB244C
STUDENT_B07D31FB6958,1955497,COURSE_19554970F628
STUDENT_B07D31FB6958,0173213,COURSE_0173213F93B6
STUDENT_B07D31FB6958,9B598F9,COURSE_9B598F9EC811
STUDENT_B07D31FB6958,A0EFB23,COURSE_A0EFB237A2A4
STUDENT_B07D31FB6958,9F8E751,COURSE_9F8E7511D62C
STUDENT_861A14EEB106,258D4B8,COURSE_258D4B85BE0B
STUDENT_861A14EEB106,FF52A45,COURSE_FF52A456A828
STUDENT_861A14EEB106,88A5BB2,COURSE_88A5BB2A9E50
STUDENT_861A14EEB106,2A9F863,COURSE_2A9F8630D88C
STUDENT_861A14EEB106,BAFD130,COURSE_BAFD130A3032
STUDENT_861A14EEB106,9F8E751,COURSE_9F8E7511D62C
STUDENT_2DC0E887B8A2,9316CD4,COURSE_9316CD4D881E
STUDENT_2DC0E887B8A2,FF52A45,COURSE_FF52A456A828
STUDENT_2DC0E887B8A2,AFFC57F,COURSE_AFFC57FABE98
STUDENT_2DC0E887B8A2,9E6B1F1,COURSE_9E6B1F18531F
STUDENT_2DC0E887B8A2,AFF1D77,COURSE_AFF1D77BF8D8
STUDENT_274E75282687,FCF20E6,COURSE_FCF20E6D19D8
STUDENT_274E75282687,64056FA,COURSE_64056FA06151
STUDENT_274E75282687,BB7F370,COURSE_BB7F370548AA
STUDENT_274E75282687,0173213,COURSE_0173213F93B6
STUDENT_274E75282687,F34ADCC,COURSE_F34ADCCF6010
STUDENT_74D244BFEE5D,A419E04,COURSE_A419E04C917F
STUDENT_74D244BFEE5D,81A8D50,COURSE_81A8D508C067
STUDENT_74D244BFEE5D,AFF1D77,COURSE_AFF1D77BF8D8
STUDENT_74D244BFEE5D,88A5BB2,COURSE_88A5BB2A9E50
STUDENT_74D244BFEE5D,2A9F863,COURSE_2A9F8630D88C
STUDENT_74D244BFEE5D,BAFD130,COURSE_BAFD130A3032
STUDENT_717F4C856B67,4F3752C,COURSE_4F3752CD456B
STUDENT_717F4C856B67,B9EED81,COURSE_B9EED8153A7D
STUDENT_717F4C856B67,99173EC,COURSE_99173EC7A0C3
STUDENT_717F4C856B67,1330BF6,COURSE_1330BF611256
STUDENT_EB551CFD83E0,1AA2066,COURSE_1AA20669074A
STUDENT_EB551CFD83E0,121C1E5,COURSE_121C1E5CA81A
STUDENT_EB551CFD83E0,6F2977C,COURSE_6F2977CBA34F
STUDENT_EB551CFD83E0,4E2B40A,COURSE_4E2B40A02EA8
STUDENT_EB551CFD83E0,2271E57,COURSE_2271E57A6113
STUDENT_EB551CFD83E0,CE06967,COURSE_CE06967084F9
STUDENT_B67DA61A36D7,BB7F370,COURSE_BB7F370548AA
STUDENT_0B2C6478F6AD,EC38A74,COURSE_EC38A741879B
STUDENT_0B2C6478F6AD,EE22381,COURSE_EE2238133323
STUDENT_0B2C6478F6AD,6AE5916,COURSE_6AE5916D0725
STUDENT_0B2C6478F6AD,D60A15E,COURSE_D60A15E39D9C
STUDENT_0B2C6478F6AD,9F8E751,COURSE_9F8E7511D62C
STUDENT_0B2C6478F6AD,BF0C1E7,COURSE_BF0C1E79B695
STUDENT_F5BD7F50B148,A419E04,COURSE_A419E04C917F
STUDENT_F5BD7F50B148,69DBF44,COURSE_69DBF44B3D90
STUDENT_F5BD7F50B148,258D4B8,COURSE_258D4B85BE0B
STUDENT_F5BD7F50B148,9316CD4,COURSE_9316CD4D881E
STUDENT_F5BD7F50B148,30902F4,COURSE_30902F436CC4
STUDENT_60DF6EFDAFFD,157E49E,COURSE_157E49E5EB6E
STUDENT_60DF6EFDAFFD,9316CD4,COURSE_9316CD4D881E
STUDENT_60DF6EFDAFFD,83D7482,COURSE_83D748271771
STUDENT_60DF6EFDAFFD,B936E4C,COURSE_B936E4CB244C
STUDENT_C5F9FBD8C468,80EAE88,COURSE_80EAE885256A
STUDENT_C5F9FBD8C468,250D49A,COURSE_250D49A6137B
STUDENT_C5F9FBD8C468,32D5691,COURSE_32D569186237
STUDENT_C5F9FBD8C468,24A18A5,COURSE_24A18A5B3FF2
STUDENT_C5F9FBD8C468,F2EB940,COURSE_F2EB940C16DE
STUDENT_924B740C4E3E,4F3752C,COURSE_4F3752CD456B
STUDENT_924B740C4E3E,B9EED81,COURSE_B9EED8153A7D
STUDENT_924B740C4E3E,99173EC,COURSE_99173EC7A0C3
STUDENT_924B740C4E3E,1330BF6,COURSE_1330BF611256
STUDENT_4991A80CE582,500C8E8,COURSE_500C8E8E485C
STUDENT_4991A80CE582,88A5BB2,COURSE_88A5BB2A9E50
STUDENT_4991A80CE582,2A9F863,COURSE_2A9F8630D88C
STUDENT_4991A80CE582,BAFD130,COURSE_BAFD130A3032
STUDENT_4991A80CE582,6AE5916,COURSE_6AE5916D0725
STUDENT_4991A80CE582,D4B3043,COURSE_D4B30433AFFD
STUDENT_CC9316AECD76,C0809A7,COURSE_C0809A768480
STUDENT_CC9316AECD76,653E100,COURSE_653E100DE826
STUDENT_29DEB88BCD2B,69DBF44,COURSE_69DBF44B3D90
STUDENT_29DEB88BCD2B,30902F4,COURSE_30902F436CC4
STUDENT_29DEB88BCD2B,83D7482,COURSE_83D748271771
STUDENT_29DEB88BCD2B,B936E4C,COURSE_B936E4CB244C
STUDENT_A31115B1D59F,28DA87B,COURSE_28DA87BD0111
STUDENT_A31115B1D59F,383B616,COURSE_383B6165A0C6
STUDENT_A31115B1D59F,81F8284,COURSE_81F8284E70A1
STUDENT_A31115B1D59F,8702F1E,COURSE_8702F1EA55DA
STUDENT_A31115B1D59F,6B4B9A8,COURSE_6B4B9A851F21
STUDENT_CA37633F9DC2,EC38A74,COURSE_EC38A741879B
STUDENT_CA37633F9DC2,EE22381,COURSE_EE2238133323
STUDENT_CA37633F9DC2,6AE5916,COURSE_6AE5916D0725
STUDENT_CA37633F9DC2,D60A15E,COURSE_D60A15E39D9C
STUDENT_CA37633F9DC2,9F8E751,COURSE_9F8E7511D62C
STUDENT_CA37633F9DC2,CE06967,COURSE_CE06967084F9
STUDENT_8174F95707C2,88B5D98,COURSE_88B5D984C554
STUDENT_8174F95707C2,383B616,COURSE_383B6165A0C6
STUDENT_8174F95707C2,6BF0AA9,COURSE_6BF0AA9F243F
STUDENT_DCB34E83E997,AFFC57F,COURSE_AFFC57FABE98
STUDENT_DCB34E83E997,AFF1D77,COURSE_AFF1D77BF8D8
STUDENT_DCB34E83E997,88A5BB2,COURSE_88A5BB2A9E50
STUDENT_DCB34E83E997,2A9F863,COURSE_2A9F8630D88C
STUDENT_DCB34E83E997,BAFD130,COURSE_BAFD130A3032
STUDENT_DCB34E83E997,9F8E751,COURSE_9F8E7511D62C
STUDENT_DCB34E83E997,D4B3043,COURSE_D4B30433AFFD
STUDENT_56273BAD3220,258D4B8,COURSE_258D4B85BE0B
STUDENT_56273BAD3220,FF52A45,COURSE_FF52A456A828
STUDENT_56273BAD3220,AFFC57F,COURSE_AFFC57FABE98
STUDENT_56273BAD3220,9E6B1F1,COURSE_9E6B1F18531F
STUDENT_56273BAD3220,AFF1D77,COURSE_AFF1D77BF8D8
STUDENT_E3ACE7208201,58B4C36,COURSE_58B4C3685A81
STUDENT_E3ACE7208201,B4B5B8E,COURSE_B4B5B8E85C6D
STUDENT_E3ACE7208201,F911ACE,COURSE_F911ACEAA7B5
STUDENT_E3ACE7208201,4457B1D,COURSE_4457B1DB75EA
STUDENT_E3ACE7208201,91BFF3B,COURSE_91BFF3B09E00
STUDENT_E3ACE7208201,2AB210B,COURSE_2AB210BBEC8C
STUDENT_F5CC0030DF42,80EAE88,COURSE_80EAE885256A
STUDENT_F5CC0030DF42,250D49A,COURSE_250D49A6137B
STUDENT_F5CC0030DF42,32D5691,COURSE_32D569186237
STUDENT_F5CC0030DF42,24A18A5,COURSE_24A18A5B3FF2
STUDENT_F5CC0030DF42,F2EB940,COURSE_F2EB940C16DE
STUDENT_433B4966DD95,58B4C36,COURSE_58B4C3685A81
STUDENT_433B4966DD95,B4B5B8E,COURSE_B4B5B8E85C6D
STUDENT_433B4966DD95,F911ACE,COURSE_F911ACEAA7B5
STUDENT_433B4966DD95,4457B1D,COURSE_4457B1DB75EA
STUDENT_433B4966DD95,91BFF3B,COURSE_91BFF3B09E00
STUDENT_433B4966DD95,2AB210B,COURSE_2AB210BBEC8C
STUDENT_855A14301CDB,80EAE88,COURSE_80EAE885256A
STUDENT_855A14301CDB,250D49A,COURSE_250D49A6137B
STUDENT_855A14301CDB,32D5691,COURSE_32D569186237
STUDENT_855A14301CDB,24A18A5,COURSE_24A18A5B3FF2
STUDENT_855A14301CDB,F2EB940,COURSE_F2EB940C16DE
STUDENT_7C860F78F57E,D4B3043,COURSE_D4B30433AFFD
STUDENT_79CE253866B4,4DFDBD5,COURSE_4DFDBD5A1EAB
STUDENT_79CE253866B4,6F2977C,COURSE_6F2977CBA34F
STUDENT_79CE253866B4,C0809A7,COURSE_C0809A768480
STUDENT_79CE253866B4,4E2B40A,COURSE_4E2B40A02EA8
STUDENT_79CE253866B4,BAFD130,COURSE_BAFD130A3032
STUDENT_79CE253866B4,2271E57,COURSE_2271E57A6113
STUDENT_33F654383E0B,0173213,COURSE_0173213F93B6
STUDENT_33F654383E0B,C0809A7,COURSE_C0809A768480
STUDENT_33F654383E0B,6913DA1,COURSE_6913DA13F5CD
STUDENT_33F654383E0B,D5557C5,COURSE_D5557C5D2419
STUDENT_33F654383E0B,5D48D2E,COURSE_5D48D2E51549
STUDENT_33F654383E0B,691E308,COURSE_691E308022A0
STUDENT_807A57541BEC,258D4B8,COURSE_258D4B85BE0B
STUDENT_807A57541BEC,250D49A,COURSE_250D49A6137B
STUDENT_807A57541BEC,32D5691,COURSE_32D569186237
STUDENT_807A57541BEC,24A18A5,COURSE_24A18A5B3FF2
STUDENT_807A57541BEC,F2EB940,COURSE_F2EB940C16DE
STUDENT_F250495196D5,121C1E5,COURSE_121C1E5CA81A
STUDENT_F250495196D5,C0809A7,COURSE_C0809A768480
STUDENT_F250495196D5,9316CD4,COURSE_9316CD4D881E
STUDENT_F250495196D5,6913DA1,COURSE_6913DA13F5CD
STUDENT_F250495196D5,2271E57,COURSE_2271E57A6113
STUDENT_F250495196D5,9057D89,COURSE_9057D894165E
STUDENT_2CB85887CD6C,6E363D6,COURSE_6E363D600BA1
STUDENT_2CB85887CD6C,47E4DB4,COURSE_47E4DB4D9F6E
STUDENT_2CB85887CD6C,28DA87B,COURSE_28DA87BD0111
STUDENT_2CB85887CD6C,3A124DB,COURSE_3A124DB43FF4
STUDENT_2CB85887CD6C,5DB4771,COURSE_5DB4771B0A79
STUDENT_683AB87C0FF0,2B7ADA6,COURSE_2B7ADA67C898
STUDENT_683AB87C0FF0,355947D,COURSE_355947D15102
STUDENT_683AB87C0FF0,E00D025,COURSE_E00D02523E87
STUDENT_B4AC4AC5E1FE,3895DF1,COURSE_3895DF1B2396
STUDENT_B4AC4AC5E1FE,EC38A74,COURSE_EC38A741879B
STUDENT_B4AC4AC5E1FE,EE22381,COURSE_EE2238133323
STUDENT_B4AC4AC5E1FE,6AE5916,COURSE_6AE5916D0725
STUDENT_B4AC4AC5E1FE,D60A15E,COURSE_D60A15E39D9C
STUDENT_B4AC4AC5E1FE,9F8E751,COURSE_9F8E7511D62C
STUDENT_B4AC4AC5E1FE,BF0C1E7,COURSE_BF0C1E79B695
STUDENT_9827F7AE0994,58B4C36,COURSE_58B4C3685A81
STUDENT_9827F7AE0994,B4B5B8E,COURSE_B4B5B8E85C6D
STUDENT_9827F7AE0994,F911ACE,COURSE_F911ACEAA7B5
STUDENT_9827F7AE0994,4457B1D,COURSE_4457B1DB75EA
STUDENT_9827F7AE0994,91BFF3B,COURSE_91BFF3B09E00
STUDENT_9827F7AE0994,80EAE88,COURSE_80EAE885256A
STUDENT_63728935F1BE,1AA2066,COURSE_1AA20669074A
STUDENT_63728935F1BE,121C1E5,COURSE_121C1E5CA81A
STUDENT_63728935F1BE,6F2977C,COURSE_6F2977CBA34F
STUDENT_63728935F1BE,4E2B40A,COURSE_4E2B40A02EA8
STUDENT_63728935F1BE,2271E57,COURSE_2271E57A6113
STUDENT_63728935F1BE,CE06967,COURSE_CE06967084F9
STUDENT_05BC646D4D50,64056FA,COURSE_64056FA06151
STUDENT_05BC646D4D50,BB7F370,COURSE_BB7F370548AA
STUDENT_05BC646D4D50,0173213,COURSE_0173213F93B6
STUDENT_05BC646D4D50,9A1418F,COURSE_9A1418F9C846
STUDENT_05BC646D4D50,5429497,COURSE_5429497A358D
STUDENT_8F6C340A6368,F2EB940,COURSE_F2EB940C16DE
STUDENT_8F6C340A6368,9F8E751,COURSE_9F8E7511D62C
STUDENT_871850F3F249,1EB8DAB,COURSE_1EB8DABCEE22
STUDENT_871850F3F249,EC38A74,COURSE_EC38A741879B
STUDENT_871850F3F249,EE22381,COURSE_EE2238133323
STUDENT_871850F3F249,6AE5916,COURSE_6AE5916D0725
STUDENT_871850F3F249,9F8E751,COURSE_9F8E7511D62C
STUDENT_871850F3F249,CE06967,COURSE_CE06967084F9
STUDENT_907F781E9FBE,80EAE88,COURSE_80EAE885256A
STUDENT_907F781E9FBE,250D49A,COURSE_250D49A6137B
STUDENT_907F781E9FBE,32D5691,COURSE_32D569186237
STUDENT_907F781E9FBE,24A18A5,COURSE_24A18A5B3FF2
STUDENT_907F781E9FBE,F2EB940,COURSE_F2EB940C16DE
STUDENT_9290112839DE,80EAE88,COURSE_80EAE885256A
STUDENT_9290112839DE,FF52A45,COURSE_FF52A456A828
STUDENT_9290112839DE,AFF1D77,COURSE_AFF1D77BF8D8
STUDENT_9290112839DE,88A5BB2,COURSE_88A5BB2A9E50
STUDENT_9290112839DE,2A9F863,COURSE_2A9F8630D88C
STUDENT_9290112839DE,BAFD130,COURSE_BAFD130A3032
STUDENT_9290112839DE,D4B3043,COURSE_D4B30433AFFD
STUDENT_D08D699EBD51,88B5D98,COURSE_88B5D984C554
STUDENT_D08D699EBD51,81AC608,COURSE_81AC608D129E
STUDENT_D08D699EBD51,847CF53,COURSE_847CF537763E
STUDENT_A2D71B934709,6E363D6,COURSE_6E363D600BA1
STUDENT_A2D71B934709,C79A295,COURSE_C79A295DA02B
STUDENT_A2D71B934709,3F1B128,COURSE_3F1B1281DACC
STUDENT_A2D71B934709,2B7ADA6,COURSE_2B7ADA67C898
STUDENT_A2D71B934709,355947D,COURSE_355947D15102
STUDENT_74909CFB77D7,6E363D6,COURSE_6E363D600BA1
STUDENT_74909CFB77D7,8928BF4,COURSE_8928BF411C22
STUDENT_74909CFB77D7,342173B,COURSE_342173B29394
STUDENT_74909CFB77D7,80EAE88,COURSE_80EAE885256A
STUDENT_74909CFB77D7,C40C59E,COURSE_C40C59E77909
STUDENT_75FA02A62DC1,6E363D6,COURSE_6E363D600BA1
STUDENT_75FA02A62DC1,8928BF4,COURSE_8928BF411C22
STUDENT_75FA02A62DC1,91BFF3B,COURSE_91BFF3B09E00
STUDENT_75FA02A62DC1,80EAE88,COURSE_80EAE885256A
STUDENT_75FA02A62DC1,9772A41,COURSE_9772A418992F
STUDENT_E85D6C2EF17A,6F2977C,COURSE_6F2977CBA34F
STUDENT_E85D6C2EF17A,C0809A7,COURSE_C0809A768480
STUDENT_E85D6C2EF17A,6913DA1,COURSE_6913DA13F5CD
STUDENT_E85D6C2EF17A,2271E57,COURSE_2271E57A6113
STUDENT_E85D6C2EF17A,9057D89,COURSE_9057D894165E
STUDENT_DFA7B3FCE65D,EC38A74,COURSE_EC38A741879B
STUDENT_DFA7B3FCE65D,EE22381,COURSE_EE2238133323
STUDENT_DFA7B3FCE65D,6AE5916,COURSE_6AE5916D0725
STUDENT_DFA7B3FCE65D,D60A15E,COURSE_D60A15E39D9C
STUDENT_DFA7B3FCE65D,9F8E751,COURSE_9F8E7511D62C
STUDENT_DFA7B3FCE65D,CE06967,COURSE_CE06967084F9
STUDENT_CB39B15DF794,EC38A74,COURSE_EC38A741879B
STUDENT_CB39B15DF794,EE22381,COURSE_EE2238133323
STUDENT_CB39B15DF794,6AE5916,COURSE_6AE5916D0725
STUDENT_CB39B15DF794,D60A15E,COURSE_D60A15E39D9C
STUDENT_CB39B15DF794,9F8E751,COURSE_9F8E7511D62C
STUDENT_CB39B15DF794,CE06967,COURSE_CE06967084F9
STUDENT_76B70174E437,EC38A74,COURSE_EC38A741879B
STUDENT_76B70174E437,EE22381,COURSE_EE2238133323
STUDENT_76B70174E437,6AE5916,COURSE_6AE5916D0725
STUDENT_76B70174E437,D60A15E,COURSE_D60A15E39D9C
STUDENT_76B70174E437,9F8E751,COURSE_9F8E7511D62C
STUDENT_76B70174E437,CE06967,COURSE_CE06967084F9
STUDENT_853CC1519A14,9E6B1F1,COURSE_9E6B1F18531F
STUDENT_853CC1519A14,88A5BB2,COURSE_88A5BB2A9E50
STUDENT_853CC1519A14,BAFD130,COURSE_BAFD130A3032
STUDENT_044AC925093D,28DA87B,COURSE_28DA87BD0111
STUDENT_044AC925093D,383B616,COURSE_383B6165A0C6
STUDENT_044AC925093D,81F8284,COURSE_81F8284E70A1
STUDENT_044AC925093D,81AC608,COURSE_81AC608D129E
STUDENT_044AC925093D,75BD307,COURSE_75BD3070F668
STUDENT_356986F65874,6E363D6,COURSE_6E363D600BA1
STUDENT_356986F65874,8928BF4,COURSE_8928BF411C22
STUDENT_356986F65874,342173B,COURSE_342173B29394
STUDENT_356986F65874,80EAE88,COURSE_80EAE885256A
STUDENT_356986F65874,9772A41,COURSE_9772A418992F
STUDENT_ECF2B58FFB46,6E363D6,COURSE_6E363D600BA1
STUDENT_ECF2B58FFB46,8928BF4,COURSE_8928BF411C22
STUDENT_ECF2B58FFB46,342173B,COURSE_342173B29394
STUDENT_ECF2B58FFB46,9772A41,COURSE_9772A418992F
STUDENT_ECF2B58FFB46,A419E04,COURSE_A419E04C917F
STUDENT_ECF2B58FFB46,165B6EC,COURSE_165B6EC64386
STUDENT_33F565D80330,99173EC,COURSE_99173EC7A0C3
STUDENT_33F565D80330,07FFBA6,COURSE_07FFBA646CB9
STUDENT_D4033E1E2BCF,DF6FC47,COURSE_DF6FC470A7CD
STUDENT_D4033E1E2BCF,DBC12C3,COURSE_DBC12C371F89
STUDENT_D4033E1E2BCF,5CB16CB,COURSE_5CB16CB795C3
STUDENT_D4033E1E2BCF,66A6CAF,COURSE_66A6CAFEFBDE
STUDENT_D4033E1E2BCF,5DCF966,COURSE_5DCF966FA1E3
STUDENT_ED519D61FAEA,342173B,COURSE_342173B29394
STUDENT_ED519D61FAEA,C79A295,COURSE_C79A295DA02B
STUDENT_ED519D61FAEA,3F1B128,COURSE_3F1B1281DACC
STUDENT_ED519D61FAEA,2B7ADA6,COURSE_2B7ADA67C898
STUDENT_ED519D61FAEA,355947D,COURSE_355947D15102
STUDENT_1D615BB9AF31,EC38A74,COURSE_EC38A741879B
STUDENT_1D615BB9AF31,EE22381,COURSE_EE2238133323
STUDENT_1D615BB9AF31,6AE5916,COURSE_6AE5916D0725
STUDENT_1D615BB9AF31,D60A15E,COURSE_D60A15E39D9C
STUDENT_1D615BB9AF31,9F8E751,COURSE_9F8E7511D62C
STUDENT_1D615BB9AF31,BF0C1E7,COURSE_BF0C1E79B695
STUDENT_97D2ADA71EC6,FF52A45,COURSE_FF52A456A828
STUDENT_97D2ADA71EC6,AFF1D77,COURSE_AFF1D77BF8D8
STUDENT_97D2ADA71EC6,88A5BB2,COURSE_88A5BB2A9E50
STUDENT_97D2ADA71EC6,2A9F863,COURSE_2A9F8630D88C
STUDENT_97D2ADA71EC6,BAFD130,COURSE_BAFD130A3032
STUDENT_97D2ADA71EC6,9F8E751,COURSE_9F8E7511D62C
STUDENT_97D2ADA71EC6,6513E08,COURSE_6513E08F6B17
STUDENT_D4122E1397A4,A419E04,COURSE_A419E04C917F
STUDENT_D4122E1397A4,24A18A5,COURSE_24A18A5B3FF2
STUDENT_D4122E1397A4,EC38A74,COURSE_EC38A741879B
STUDENT_D4122E1397A4,EE22381,COURSE_EE2238133323
STUDENT_D4122E1397A4,6AE5916,COURSE_6AE5916D0725
STUDENT_D4122E1397A4,D60A15E,COURSE_D60A15E39D9C
STUDENT_D4122E1397A4,9F8E751,COURSE_9F8E7511D62C
STUDENT_D4122E1397A4,D4B3043,COURSE_D4B30433AFFD
STUDENT_1A1858C15B11,3F1B128,COURSE_3F1B1281DACC
STUDENT_1A1858C15B11,BB7F370,COURSE_BB7F370548AA
STUDENT_1A1858C15B11,0173213,COURSE_0173213F93B6
STUDENT_1A1858C15B11,9A1418F,COURSE_9A1418F9C846
STUDENT_1A1858C15B11,3444FA0,COURSE_3444FA0063FE
STUDENT_1A1858C15B11,4F3752C,COURSE_4F3752CD456B
STUDENT_25E02CA67819,121C1E5,COURSE_121C1E5CA81A
STUDENT_25E02CA67819,4DFDBD5,COURSE_4DFDBD5A1EAB
STUDENT_25E02CA67819,6F2977C,COURSE_6F2977CBA34F
STUDENT_25E02CA67819,D5557C5,COURSE_D5557C5D2419
STUDENT_25E02CA67819,190013B,COURSE_190013BFF7C1
STUDENT_25E02CA67819,49EFDEC,COURSE_49EFDEC4AD22
STUDENT_81468367A5D4,258D4B8,COURSE_258D4B85BE0B
STUDENT_81468367A5D4,A419E04,COURSE_A419E04C917F
STUDENT_81468367A5D4,6913DA1,COURSE_6913DA13F5CD
STUDENT_81468367A5D4,2271E57,COURSE_2271E57A6113
STUDENT_81468367A5D4,9057D89,COURSE_9057D894165E
STUDENT_81468367A5D4,9F8E751,COURSE_9F8E7511D62C
STUDENT_DFB1B05606FA,EB9466F,COURSE_EB9466FE229C
STUDENT_48829B905034,58B4C36,COURSE_58B4C3685A81
STUDENT_48829B905034,B4B5B8E,COURSE_B4B5B8E85C6D
STUDENT_48829B905034,F911ACE,COURSE_F911ACEAA7B5
STUDENT_48829B905034,4457B1D,COURSE_4457B1DB75EA
STUDENT_48829B905034,91BFF3B,COURSE_91BFF3B09E00
STUDENT_48829B905034,24A18A5,COURSE_24A18A5B3FF2
STUDENT_39E474FB5A17,C834FC6,COURSE_C834FC623CA7
STUDENT_39E474FB5A17,383B616,COURSE_383B6165A0C6
STUDENT_39E474FB5A17,6B4B9A8,COURSE_6B4B9A851F21
STUDENT_DFB67FD486E7,190013B,COURSE_190013BFF7C1
STUDENT_DFB67FD486E7,383B616,COURSE_383B6165A0C6
STUDENT_DFB67FD486E7,81F8284,COURSE_81F8284E70A1
STUDENT_DFB67FD486E7,8702F1E,COURSE_8702F1EA55DA
STUDENT_A031C937DEE5,C40C59E,COURSE_C40C59E77909
STUDENT_A031C937DEE5,F911ACE,COURSE_F911ACEAA7B5
STUDENT_A031C937DEE5,4457B1D,COURSE_4457B1DB75EA
STUDENT_3E9C480A7E8B,58B4C36,COURSE_58B4C3685A81
STUDENT_3E9C480A7E8B,B4B5B8E,COURSE_B4B5B8E85C6D
STUDENT_3E9C480A7E8B,F911ACE,COURSE_F911ACEAA7B5
STUDENT_3E9C480A7E8B,4457B1D,COURSE_4457B1DB75EA
STUDENT_3E9C480A7E8B,91BFF3B,COURSE_91BFF3B09E00
STUDENT_3E9C480A7E8B,CE06967,COURSE_CE06967084F9
STUDENT_32E909A8865E,EC38A74,COURSE_EC38A741879B
STUDENT_32E909A8865E,EE22381,COURSE_EE2238133323
STUDENT_32E909A8865E,6AE5916,COURSE_6AE5916D0725
STUDENT_32E909A8865E,D60A15E,COURSE_D60A15E39D9C
STUDENT_32E909A8865E,9F8E751,COURSE_9F8E7511D62C
STUDENT_32E909A8865E,CE06967,COURSE_CE06967084F9
STUDENT_31C81FBF4386,195AC94,COURSE_195AC942FF0E
STUDENT_31C81FBF4386,75BD307,COURSE_75BD3070F668
STUDENT_FDE4C5E5FE85,B2EED57,COURSE_B2EED574D766
STUDENT_FDE4C5E5FE85,D83CCF6,COURSE_D83CCF67F12C
STUDENT_FDE4C5E5FE85,500C8E8,COURSE_500C8E8E485C
STUDENT_FDE4C5E5FE85,47510C7,COURSE_47510C7D6B2A
STUDENT_FDE4C5E5FE85,5DB4771,COURSE_5DB4771B0A79
STUDENT_FDE4C5E5FE85,165B6EC,COURSE_165B6EC64386
STUDENT_7CB97701EAE2,157E49E,COURSE_157E49E5EB6E
STUDENT_7CB97701EAE2,A419E04,COURSE_A419E04C917F
STUDENT_7CB97701EAE2,9316CD4,COURSE_9316CD4D881E
STUDENT_7CB97701EAE2,30902F4,COURSE_30902F436CC4
STUDENT_DA16D9AABB6E,BB7F370,COURSE_BB7F370548AA
STUDENT_DA16D9AABB6E,EB9466F,COURSE_EB9466FE229C
STUDENT_1E84ACF01769,47E4DB4,COURSE_47E4DB4D9F6E
STUDENT_1E84ACF01769,28DA87B,COURSE_28DA87BD0111
STUDENT_1E84ACF01769,3A124DB,COURSE_3A124DB43FF4
STUDENT_1E84ACF01769,4F8DAE0,COURSE_4F8DAE02A7A0
STUDENT_1E84ACF01769,5DB4771,COURSE_5DB4771B0A79
STUDENT_85E567F0A0A8,07FFBA6,COURSE_07FFBA646CB9
STUDENT_0EBCCF890F9C,69DBF44,COURSE_69DBF44B3D90
STUDENT_0EBCCF890F9C,30902F4,COURSE_30902F436CC4
STUDENT_0EBCCF890F9C,83D7482,COURSE_83D748271771
STUDENT_0EBCCF890F9C,B936E4C,COURSE_B936E4CB244C
STUDENT_4B59B4ABDB4A,61C7475,COURSE_61C74758B507
STUDENT_4B59B4ABDB4A,99173EC,COURSE_99173EC7A0C3
STUDENT_4B59B4ABDB4A,49EFDEC,COURSE_49EFDEC4AD22
STUDENT_CE40620D8DEC,6E363D6,COURSE_6E363D600BA1
STUDENT_CE40620D8DEC,8928BF4,COURSE_8928BF411C22
STUDENT_CE40620D8DEC,91BFF3B,COURSE_91BFF3B09E00
STUDENT_CE40620D8DEC,342173B,COURSE_342173B29394
STUDENT_CE40620D8DEC,80EAE88,COURSE_80EAE885256A
STUDENT_F88E1B9515C7,90C1B72,COURSE_90C1B7254FDD
STUDENT_F88E1B9515C7,0173213,COURSE_0173213F93B6
STUDENT_F88E1B9515C7,9B598F9,COURSE_9B598F9EC811
STUDENT_F88E1B9515C7,A0EFB23,COURSE_A0EFB237A2A4
STUDENT_F88E1B9515C7,FCF20E6,COURSE_FCF20E6D19D8
STUDENT_B8D9EB7E1235,80EAE88,COURSE_80EAE885256A
STUDENT_B8D9EB7E1235,81A8D50,COURSE_81A8D508C067
STUDENT_B8D9EB7E1235,FF52A45,COURSE_FF52A456A828
STUDENT_B8D9EB7E1235,88A5BB2,COURSE_88A5BB2A9E50
STUDENT_B8D9EB7E1235,2A9F863,COURSE_2A9F8630D88C
STUDENT_B8D9EB7E1235,BAFD130,COURSE_BAFD130A3032
STUDENT_1D0B9564DC91,47E4DB4,COURSE_47E4DB4D9F6E
STUDENT_1D0B9564DC91,28DA87B,COURSE_28DA87BD0111
STUDENT_1D0B9564DC91,3A124DB,COURSE_3A124DB43FF4
STUDENT_1D0B9564DC91,4F8DAE0,COURSE_4F8DAE02A7A0
STUDENT_1D0B9564DC91,383B616,COURSE_383B6165A0C6
STUDENT_53EF1846C5CE,80EAE88,COURSE_80EAE885256A
STUDENT_53EF1846C5CE,250D49A,COURSE_250D49A6137B
STUDENT_53EF1846C5CE,32D5691,COURSE_32D569186237
STUDENT_53EF1846C5CE,24A18A5,COURSE_24A18A5B3FF2
STUDENT_53EF1846C5CE,F2EB940,COURSE_F2EB940C16DE
STUDENT_D08C6E589E59,6E363D6,COURSE_6E363D600BA1
STUDENT_D08C6E589E59,8928BF4,COURSE_8928BF411C22
STUDENT_D08C6E589E59,342173B,COURSE_342173B29394
STUDENT_D08C6E589E59,80EAE88,COURSE_80EAE885256A
STUDENT_D08C6E589E59,9772A41,COURSE_9772A418992F
STUDENT_6825964EB3F3,1955497,COURSE_19554970F628
STUDENT_6825964EB3F3,0173213,COURSE_0173213F93B6
STUDENT_6825964EB3F3,9B598F9,COURSE_9B598F9EC811
STUDENT_6825964EB3F3,A0EFB23,COURSE_A0EFB237A2A4
STUDENT_6825964EB3F3,FCF20E6,COURSE_FCF20E6D19D8
STUDENT_594309F5F2B8,6E363D6,COURSE_6E363D600BA1
STUDENT_594309F5F2B8,8928BF4,COURSE_8928BF411C22
STUDENT_594309F5F2B8,342173B,COURSE_342173B29394
STUDENT_594309F5F2B8,80EAE88,COURSE_80EAE885256A
STUDENT_594309F5F2B8,9772A41,COURSE_9772A418992F
STUDENT_EB0BDFB74374,47E4DB4,COURSE_47E4DB4D9F6E
STUDENT_EB0BDFB74374,28DA87B,COURSE_28DA87BD0111
STUDENT_EB0BDFB74374,3A124DB,COURSE_3A124DB43FF4
STUDENT_EB0BDFB74374,4F8DAE0,COURSE_4F8DAE02A7A0
STUDENT_EB0BDFB74374,5DB4771,COURSE_5DB4771B0A79
STUDENT_792F67FA1F04,6E363D6,COURSE_6E363D600BA1
STUDENT_792F67FA1F04,8928BF4,COURSE_8928BF411C22
STUDENT_792F67FA1F04,342173B,COURSE_342173B29394
STUDENT_792F67FA1F04,9772A41,COURSE_9772A418992F
STUDENT_792F67FA1F04,C40C59E,COURSE_C40C59E77909
STUDENT_F43775F67B8F,4457B1D,COURSE_4457B1DB75EA
STUDENT_84E3B1D1D59B,47E4DB4,COURSE_47E4DB4D9F6E
STUDENT_84E3B1D1D59B,28DA87B,COURSE_28DA87BD0111
STUDENT_84E3B1D1D59B,3A124DB,COURSE_3A124DB43FF4
STUDENT_84E3B1D1D59B,4F8DAE0,COURSE_4F8DAE02A7A0
STUDENT_84E3B1D1D59B,383B616,COURSE_383B6165A0C6
STUDENT_C54DDC6E3CB5,A419E04,COURSE_A419E04C917F
STUDENT_C54DDC6E3CB5,69DBF44,COURSE_69DBF44B3D90
STUDENT_C54DDC6E3CB5,258D4B8,COURSE_258D4B85BE0B
STUDENT_C54DDC6E3CB5,9316CD4,COURSE_9316CD4D881E
STUDENT_C54DDC6E3CB5,F2EB940,COURSE_F2EB940C16DE
STUDENT_AAF7D6611E85,2B7ADA6,COURSE_2B7ADA67C898
STUDENT_AAF7D6611E85,47E4DB4,COURSE_47E4DB4D9F6E
STUDENT_AAF7D6611E85,28DA87B,COURSE_28DA87BD0111
STUDENT_AAF7D6611E85,3A124DB,COURSE_3A124DB43FF4
STUDENT_AAF7D6611E85,5DB4771,COURSE_5DB4771B0A79
STUDENT_D10784332154,58B4C36,COURSE_58B4C3685A81
STUDENT_D10784332154,B4B5B8E,COURSE_B4B5B8E85C6D
STUDENT_D10784332154,F911ACE,COURSE_F911ACEAA7B5
STUDENT_D10784332154,4457B1D,COURSE_4457B1DB75EA
STUDENT_D10784332154,91BFF3B,COURSE_91BFF3B09E00
STUDENT_D10784332154,2AB210B,COURSE_2AB210BBEC8C
STUDENT_48DFEDA76B9B,258D4B8,COURSE_258D4B85BE0B
STUDENT_48DFEDA76B9B,250D49A,COURSE_250D49A6137B
STUDENT_48DFEDA76B9B,32D5691,COURSE_32D569186237
STUDENT_48DFEDA76B9B,24A18A5,COURSE_24A18A5B3FF2
STUDENT_48DFEDA76B9B,F2EB940,COURSE_F2EB940C16DE
STUDENT_FB82634C560E,2AB210B,COURSE_2AB210BBEC8C
STUDENT_95964A851FB8,9316CD4,COURSE_9316CD4D881E
STUDENT_95964A851FB8,FF52A45,COURSE_FF52A456A828
STUDENT_95964A851FB8,AFFC57F,COURSE_AFFC57FABE98
STUDENT_95964A851FB8,9E6B1F1,COURSE_9E6B1F18531F
STUDENT_95964A851FB8,AFF1D77,COURSE_AFF1D77BF8D8
STUDENT_1B340A434FCA,47E4DB4,COURSE_47E4DB4D9F6E
STUDENT_1B340A434FCA,28DA87B,COURSE_28DA87BD0111
STUDENT_1B340A434FCA,3A124DB,COURSE_3A124DB43FF4
STUDENT_1B340A434FCA,4F8DAE0,COURSE_4F8DAE02A7A0
STUDENT_1B340A434FCA,383B616,COURSE_383B6165A0C6
STUDENT_00953AD7705F,0186BC3,COURSE_0186BC3B6640
STUDENT_00953AD7705F,FCF20E6,COURSE_FCF20E6D19D8
STUDENT_00953AD7705F,BB7F370,COURSE_BB7F370548AA
STUDENT_966DEC673E8A,88B5D98,COURSE_88B5D984C554
STUDENT_966DEC673E8A,847CF53,COURSE_847CF537763E
STUDENT_966DEC673E8A,28DA87B,COURSE_28DA87BD0111
STUDENT_AA0FC17B6497,88B5D98,COURSE_88B5D984C554
STUDENT_AA0FC17B6497,81AC608,COURSE_81AC608D129E
STUDENT_AA0FC17B6497,AC3C396,COURSE_AC3C3967D4FC
STUDENT_BFBD96558E64,190013B,COURSE_190013BFF7C1
STUDENT_BFBD96558E64,3A566B2,COURSE_3A566B2FDF91
STUDENT_BFBD96558E64,61C7475,COURSE_61C74758B507
STUDENT_BFBD96558E64,2272A89,COURSE_2272A89A56F1
STUDENT_BFBD96558E64,49EFDEC,COURSE_49EFDEC4AD22
STUDENT_0747DD0FCD22,342173B,COURSE_342173B29394
STUDENT_0747DD0FCD22,9772A41,COURSE_9772A418992F
STUDENT_DD3EC56636F4,691E308,COURSE_691E308022A0
STUDENT_DD3EC56636F4,91D9143,COURSE_91D914364C5C
STUDENT_C2EC09DDB79E,58B4C36,COURSE_58B4C3685A81
STUDENT_C2EC09DDB79E,B4B5B8E,COURSE_B4B5B8E85C6D
STUDENT_C2EC09DDB79E,F911ACE,COURSE_F911ACEAA7B5
STUDENT_C2EC09DDB79E,4457B1D,COURSE_4457B1DB75EA
STUDENT_C2EC09DDB79E,91BFF3B,COURSE_91BFF3B09E00
STUDENT_C2EC09DDB79E,80EAE88,COURSE_80EAE885256A
STUDENT_9B5C542E9AFF,F2EB940,COURSE_F2EB940C16DE
STUDENT_9B5C542E9AFF,190013B,COURSE_190013BFF7C1
STUDENT_9B5C542E9AFF,3A566B2,COURSE_3A566B2FDF91
STUDENT_9B5C542E9AFF,61C7475,COURSE_61C74758B507
STUDENT_9B5C542E9AFF,2272A89,COURSE_2272A89A56F1
STUDENT_D68CB72455F8,6AE5916,COURSE_6AE5916D0725
STUDENT_D355632E2EAC,80EAE88,COURSE_80EAE885256A
STUDENT_D355632E2EAC,250D49A,COURSE_250D49A6137B
STUDENT_D355632E2EAC,32D5691,COURSE_32D569186237
STUDENT_D355632E2EAC,24A18A5,COURSE_24A18A5B3FF2
STUDENT_D355632E2EAC,F2EB940,COURSE_F2EB940C16DE
STUDENT_0C9C89612CCF,81AC608,COURSE_81AC608D129E
STUDENT_0C9C89612CCF,8702F1E,COURSE_8702F1EA55DA
STUDENT_0C9C89612CCF,195AC94,COURSE_195AC942FF0E
STUDENT_F7FB52501DB0,47E4DB4,COURSE_47E4DB4D9F6E
STUDENT_F7FB52501DB0,28DA87B,COURSE_28DA87BD0111
STUDENT_F7FB52501DB0,3A124DB,COURSE_3A124DB43FF4
STUDENT_F7FB52501DB0,4F8DAE0,COURSE_4F8DAE02A7A0
STUDENT_F7FB52501DB0,383B616,COURSE_383B6165A0C6
STUDENT_3588BF9C711A,645A680,COURSE_645A680E52B7
STUDENT_3588BF9C711A,A419E04,COURSE_A419E04C917F
STUDENT_3588BF9C711A,69DBF44,COURSE_69DBF44B3D90
STUDENT_3588BF9C711A,258D4B8,COURSE_258D4B85BE0B
STUDENT_3588BF9C711A,9316CD4,COURSE_9316CD4D881E
STUDENT_CC3829818794,6E363D6,COURSE_6E363D600BA1
STUDENT_CC3829818794,8928BF4,COURSE_8928BF411C22
STUDENT_CC3829818794,342173B,COURSE_342173B29394
STUDENT_CC3829818794,9772A41,COURSE_9772A418992F
STUDENT_CC3829818794,C40C59E,COURSE_C40C59E77909
STUDENT_C74170A302C8,258D4B8,COURSE_258D4B85BE0B
STUDENT_C74170A302C8,9316CD4,COURSE_9316CD4D881E
STUDENT_5BD2A28D9952,FF52A45,COURSE_FF52A456A828
STUDENT_5BD2A28D9952,AFFC57F,COURSE_AFFC57FABE98
STUDENT_5BD2A28D9952,9E6B1F1,COURSE_9E6B1F18531F
STUDENT_5BD2A28D9952,AFF1D77,COURSE_AFF1D77BF8D8
STUDENT_5BD2A28D9952,3A566B2,COURSE_3A566B2FDF91
STUDENT_E259751E7EFF,2272A89,COURSE_2272A89A56F1
STUDENT_E259751E7EFF,47E4DB4,COURSE_47E4DB4D9F6E
STUDENT_E259751E7EFF,28DA87B,COURSE_28DA87BD0111
STUDENT_E259751E7EFF,3A124DB,COURSE_3A124DB43FF4
STUDENT_E259751E7EFF,5DB4771,COURSE_5DB4771B0A79
STUDENT_8F26BCFC1025,190013B,COURSE_190013BFF7C1
STUDENT_8F26BCFC1025,2272A89,COURSE_2272A89A56F1
STUDENT_8F26BCFC1025,DF6FC47,COURSE_DF6FC470A7CD
STUDENT_8F26BCFC1025,DBC12C3,COURSE_DBC12C371F89
STUDENT_8F26BCFC1025,5CB16CB,COURSE_5CB16CB795C3
STUDENT_8F26BCFC1025,66A6CAF,COURSE_66A6CAFEFBDE
STUDENT_8F26BCFC1025,07FFBA6,COURSE_07FFBA646CB9
STUDENT_8F720C73F354,157E49E,COURSE_157E49E5EB6E
STUDENT_8F720C73F354,190013B,COURSE_190013BFF7C1
STUDENT_8F720C73F354,3A566B2,COURSE_3A566B2FDF91
STUDENT_8F720C73F354,61C7475,COURSE_61C74758B507
STUDENT_8F720C73F354,2272A89,COURSE_2272A89A56F1
STUDENT_323B42FFF981,258D4B8,COURSE_258D4B85BE0B
STUDENT_323B42FFF981,81A8D50,COURSE_81A8D508C067
STUDENT_323B42FFF981,6913DA1,COURSE_6913DA13F5CD
STUDENT_323B42FFF981,2271E57,COURSE_2271E57A6113
STUDENT_323B42FFF981,9057D89,COURSE_9057D894165E
STUDENT_EB41C2FAB8A9,9057D89,COURSE_9057D894165E
STUDENT_1C7C63CB19FC,80EAE88,COURSE_80EAE885256A
STUDENT_1C7C63CB19FC,250D49A,COURSE_250D49A6137B
STUDENT_1C7C63CB19FC,32D5691,COURSE_32D569186237
STUDENT_1C7C63CB19FC,24A18A5,COURSE_24A18A5B3FF2
STUDENT_1C7C63CB19FC,F2EB940,COURSE_F2EB940C16DE
STUDENT_249643DB7154,258D4B8,COURSE_258D4B85BE0B
STUDENT_249643DB7154,81A8D50,COURSE_81A8D508C067
STUDENT_249643DB7154,6913DA1,COURSE_6913DA13F5CD
STUDENT_249643DB7154,2271E57,COURSE_2271E57A6113
STUDENT_249643DB7154,9057D89,COURSE_9057D894165E
STUDENT_1D291D7A4FAA,9316CD4,COURSE_9316CD4D881E
STUDENT_1D291D7A4FAA,500C8E8,COURSE_500C8E8E485C
STUDENT_1D291D7A4FAA,88A5BB2,COURSE_88A5BB2A9E50
STUDENT_1D291D7A4FAA,2A9F863,COURSE_2A9F8630D88C
STUDENT_1D291D7A4FAA,BAFD130,COURSE_BAFD130A3032
STUDENT_1D291D7A4FAA,07FFBA6,COURSE_07FFBA646CB9
STUDENT_6E3AB7EB051A,6F2977C,COURSE_6F2977CBA34F
STUDENT_6E3AB7EB051A,CE06967,COURSE_CE06967084F9
STUDENT_1ACBE06331D6,258D4B8,COURSE_258D4B85BE0B
STUDENT_1ACBE06331D6,250D49A,COURSE_250D49A6137B
STUDENT_1ACBE06331D6,32D5691,COURSE_32D569186237
STUDENT_1ACBE06331D6,24A18A5,COURSE_24A18A5B3FF2
STUDENT_1ACBE06331D6,F2EB940,COURSE_F2EB940C16DE
STUDENT_FDDFA73B2A4A,DF6FC47,COURSE_DF6FC470A7CD
STUDENT_FDDFA73B2A4A,99173EC,COURSE_99173EC7A0C3
STUDENT_FDDFA73B2A4A,8702F1E,COURSE_8702F1EA55DA
STUDENT_D332A0FFF5C5,258D4B8,COURSE_258D4B85BE0B
STUDENT_D332A0FFF5C5,81A8D50,COURSE_81A8D508C067
STUDENT_D332A0FFF5C5,6913DA1,COURSE_6913DA13F5CD
STUDENT_D332A0FFF5C5,2271E57,COURSE_2271E57A6113
STUDENT_D332A0FFF5C5,9057D89,COURSE_9057D894165E
STUDENT_7165ADC574D5,4DFDBD5,COURSE_4DFDBD5A1EAB
STUDENT_7165ADC574D5,6913DA1,COURSE_6913DA13F5CD
STUDENT_7165ADC574D5,2271E57,COURSE_2271E57A6113
STUDENT_7165ADC574D5,D5557C5,COURSE_D5557C5D2419
STUDENT_7165ADC574D5,9057D89,COURSE_9057D894165E
STUDENT_E17DDD5F124E,258D4B8,COURSE_258D4B85BE0B
STUDENT_E17DDD5F124E,FF52A45,COURSE_FF52A456A828
STUDENT_E17DDD5F124E,AFFC57F,COURSE_AFFC57FABE98
STUDENT_E17DDD5F124E,9E6B1F1,COURSE_9E6B1F18531F
STUDENT_E17DDD5F124E,AFF1D77,COURSE_AFF1D77BF8D8
STUDENT_EFA8B21017E3,C40C59E,COURSE_C40C59E77909
STUDENT_EFA8B21017E3,58B4C36,COURSE_58B4C3685A81
STUDENT_EFA8B21017E3,F911ACE,COURSE_F911ACEAA7B5
STUDENT_93450177D3A0,258D4B8,COURSE_258D4B85BE0B
STUDENT_93450177D3A0,81A8D50,COURSE_81A8D508C067
STUDENT_93450177D3A0,6913DA1,COURSE_6913DA13F5CD
STUDENT_93450177D3A0,2271E57,COURSE_2271E57A6113
STUDENT_93450177D3A0,9057D89,COURSE_9057D894165E
STUDENT_5864DE683B9A,2AB210B,COURSE_2AB210BBEC8C
STUDENT_178262352086,121C1E5,COURSE_121C1E5CA81A
STUDENT_178262352086,6F2977C,COURSE_6F2977CBA34F
STUDENT_178262352086,C0809A7,COURSE_C0809A768480
STUDENT_178262352086,6913DA1,COURSE_6913DA13F5CD
STUDENT_178262352086,2271E57,COURSE_2271E57A6113
STUDENT_178262352086,D5557C5,COURSE_D5557C5D2419
STUDENT_B254C55C578F,A419E04,COURSE_A419E04C917F
STUDENT_B254C55C578F,69DBF44,COURSE_69DBF44B3D90
STUDENT_B254C55C578F,258D4B8,COURSE_258D4B85BE0B
STUDENT_B254C55C578F,9316CD4,COURSE_9316CD4D881E
STUDENT_B254C55C578F,BAFD130,COURSE_BAFD130A3032
STUDENT_019EE43424C8,2271E57,COURSE_2271E57A6113
STUDENT_019EE43424C8,653E100,COURSE_653E100DE826
STUDENT_019EE43424C8,6513E08,COURSE_6513E08F6B17
STUDENT_28C6AF4BEEF6,FF52A45,COURSE_FF52A456A828
STUDENT_28C6AF4BEEF6,AFFC57F,COURSE_AFFC57FABE98
STUDENT_28C6AF4BEEF6,9E6B1F1,COURSE_9E6B1F18531F
STUDENT_28C6AF4BEEF6,AFF1D77,COURSE_AFF1D77BF8D8
STUDENT_28C6AF4BEEF6,BAFD130,COURSE_BAFD130A3032
STUDENT_E6619C0C7E6B,A419E04,COURSE_A419E04C917F
STUDENT_E6619C0C7E6B,69DBF44,COURSE_69DBF44B3D90
STUDENT_E6619C0C7E6B,258D4B8,COURSE_258D4B85BE0B
STUDENT_E6619C0C7E6B,9316CD4,COURSE_9316CD4D881E
STUDENT_E6619C0C7E6B,BAFD130,COURSE_BAFD130A3032
STUDENT_0A72F61C05BA,90C1B72,COURSE_90C1B7254FDD
STUDENT_0A72F61C05BA,FCF20E6,COURSE_FCF20E6D19D8
STUDENT_2E6E4A9B849A,BB7F370,COURSE_BB7F370548AA
STUDENT_26E08427705C,DF6FC47,COURSE_DF6FC470A7CD
STUDENT_26E08427705C,DBC12C3,COURSE_DBC12C371F89
STUDENT_26E08427705C,5CB16CB,COURSE_5CB16CB795C3
STUDENT_26E08427705C,66A6CAF,COURSE_66A6CAFEFBDE
STUDENT_26E08427705C,5DCF966,COURSE_5DCF966FA1E3
STUDENT_843229494C42,4DFDBD5,COURSE_4DFDBD5A1EAB
STUDENT_843229494C42,C0809A7,COURSE_C0809A768480
STUDENT_843229494C42,6913DA1,COURSE_6913DA13F5CD
STUDENT_843229494C42,2271E57,COURSE_2271E57A6113
STUDENT_843229494C42,9057D89,COURSE_9057D894165E
STUDENT_EB9AFB4B5E47,64056FA,COURSE_64056FA06151
STUDENT_EB9AFB4B5E47,BB7F370,COURSE_BB7F370548AA
STUDENT_EB9AFB4B5E47,0173213,COURSE_0173213F93B6
STUDENT_EB9AFB4B5E47,F34ADCC,COURSE_F34ADCCF6010
STUDENT_EB9AFB4B5E47,6BF0AA9,COURSE_6BF0AA9F243F
STUDENT_D03615BBBB97,90C1B72,COURSE_90C1B7254FDD
STUDENT_D03615BBBB97,645A680,COURSE_645A680E52B7
STUDENT_D03615BBBB97,0186BC3,COURSE_0186BC3B6640
STUDENT_D03615BBBB97,32D5691,COURSE_32D569186237
STUDENT_BEDE7A02EFC7,3444FA0,COURSE_3444FA0063FE
STUDENT_BEDE7A02EFC7,6B4B9A8,COURSE_6B4B9A851F21
STUDENT_42780A1D48BD,28DA87B,COURSE_28DA87BD0111
STUDENT_42780A1D48BD,383B616,COURSE_383B6165A0C6
STUDENT_42780A1D48BD,81F8284,COURSE_81F8284E70A1
STUDENT_42780A1D48BD,8702F1E,COURSE_8702F1EA55DA
STUDENT_42780A1D48BD,195AC94,COURSE_195AC942FF0E
STUDENT_FADBFD88B035,0186BC3,COURSE_0186BC3B6640
STUDENT_FADBFD88B035,A419E04,COURSE_A419E04C917F
STUDENT_FADBFD88B035,69DBF44,COURSE_69DBF44B3D90
STUDENT_FADBFD88B035,258D4B8,COURSE_258D4B85BE0B
STUDENT_FADBFD88B035,9316CD4,COURSE_9316CD4D881E
STUDENT_FFC83EAD4875,88A5BB2,COURSE_88A5BB2A9E50
STUDENT_FFC83EAD4875,3A566B2,COURSE_3A566B2FDF91
STUDENT_C6CD868B531B,9031CED,COURSE_9031CEDB50FD
STUDENT_C6CD868B531B,58B4C36,COURSE_58B4C3685A81
STUDENT_C6CD868B531B,B4B5B8E,COURSE_B4B5B8E85C6D
STUDENT_C6CD868B531B,F911ACE,COURSE_F911ACEAA7B5
STUDENT_C6CD868B531B,91BFF3B,COURSE_91BFF3B09E00
STUDENT_C6CD868B531B,80EAE88,COURSE_80EAE885256A
STUDENT_A30136C0310F,190013B,COURSE_190013BFF7C1
STUDENT_A30136C0310F,3A566B2,COURSE_3A566B2FDF91
STUDENT_A30136C0310F,2962003,COURSE_2962003E8EB8
STUDENT_A30136C0310F,47E4DB4,COURSE_47E4DB4D9F6E
STUDENT_A30136C0310F,28DA87B,COURSE_28DA87BD0111
STUDENT_A30136C0310F,3A124DB,COURSE_3A124DB43FF4
STUDENT_A30136C0310F,5DB4771,COURSE_5DB4771B0A79
STUDENT_C2B8981D1893,A419E04,COURSE_A419E04C917F
STUDENT_C2B8981D1893,69DBF44,COURSE_69DBF44B3D90
STUDENT_C2B8981D1893,258D4B8,COURSE_258D4B85BE0B
STUDENT_C2B8981D1893,9316CD4,COURSE_9316CD4D881E
STUDENT_C2B8981D1893,F2EB940,COURSE_F2EB940C16DE
STUDENT_B3E792BF11DE,2B7ADA6,COURSE_2B7ADA67C898
STUDENT_B3E792BF11DE,64056FA,COURSE_64056FA06151
STUDENT_B3E792BF11DE,BB7F370,COURSE_BB7F370548AA
STUDENT_B3E792BF11DE,0173213,COURSE_0173213F93B6
STUDENT_B3E792BF11DE,D5957F4,COURSE_D5957F457326
STUDENT_B3E792BF11DE,F34ADCC,COURSE_F34ADCCF6010
STUDENT_054C5A6DA045,28DA87B,COURSE_28DA87BD0111
STUDENT_054C5A6DA045,383B616,COURSE_383B6165A0C6
STUDENT_054C5A6DA045,81F8284,COURSE_81F8284E70A1
STUDENT_054C5A6DA045,847CF53,COURSE_847CF537763E
STUDENT_054C5A6DA045,6B4B9A8,COURSE_6B4B9A851F21
STUDENT_2942A32ACC32,81F8284,COURSE_81F8284E70A1
STUDENT_2942A32ACC32,81AC608,COURSE_81AC608D129E
STUDENT_2942A32ACC32,847CF53,COURSE_847CF537763E
STUDENT_2942A32ACC32,6B4B9A8,COURSE_6B4B9A851F21
STUDENT_412169EDD8A2,383B616,COURSE_383B6165A0C6
STUDENT_412169EDD8A2,81F8284,COURSE_81F8284E70A1
STUDENT_412169EDD8A2,6BF0AA9,COURSE_6BF0AA9F243F
STUDENT_412169EDD8A2,6B4B9A8,COURSE_6B4B9A851F21
STUDENT_FDE9CD3325C8,258D4B8,COURSE_258D4B85BE0B
STUDENT_FDE9CD3325C8,FF52A45,COURSE_FF52A456A828
STUDENT_FDE9CD3325C8,AFFC57F,COURSE_AFFC57FABE98
STUDENT_FDE9CD3325C8,9E6B1F1,COURSE_9E6B1F18531F
STUDENT_FDE9CD3325C8,AFF1D77,COURSE_AFF1D77BF8D8
STUDENT_A809B6BC1B5B,157E49E,COURSE_157E49E5EB6E
STUDENT_A809B6BC1B5B,A419E04,COURSE_A419E04C917F
STUDENT_A809B6BC1B5B,9316CD4,COURSE_9316CD4D881E
STUDENT_A809B6BC1B5B,30902F4,COURSE_30902F436CC4
STUDENT_89CD2D89326B,BB7F370,COURSE_BB7F370548AA
STUDENT_89CD2D89326B,EB9466F,COURSE_EB9466FE229C
STUDENT_C753FC16C3D9,C40C59E,COURSE_C40C59E77909
STUDENT_C753FC16C3D9,9031CED,COURSE_9031CEDB50FD
STUDENT_C753FC16C3D9,F911ACE,COURSE_F911ACEAA7B5
STUDENT_C753FC16C3D9,4457B1D,COURSE_4457B1DB75EA
STUDENT_AB0014E7072B,C40C59E,COURSE_C40C59E77909
STUDENT_AB0014E7072B,9031CED,COURSE_9031CEDB50FD
STUDENT_AB0014E7072B,F911ACE,COURSE_F911ACEAA7B5
STUDENT_AB0014E7072B,4457B1D,COURSE_4457B1DB75EA
STUDENT_A6A05A53CE5A,D83CCF6,COURSE_D83CCF67F12C
STUDENT_A6A05A53CE5A,1955497,COURSE_19554970F628
STUDENT_A6A05A53CE5A,500C8E8,COURSE_500C8E8E485C
STUDENT_A6A05A53CE5A,47510C7,COURSE_47510C7D6B2A
STUDENT_A6A05A53CE5A,5DB4771,COURSE_5DB4771B0A79
STUDENT_A6A05A53CE5A,165B6EC,COURSE_165B6EC64386
STUDENT_CD089BAAA7F7,47E4DB4,COURSE_47E4DB4D9F6E
STUDENT_CD089BAAA7F7,28DA87B,COURSE_28DA87BD0111
STUDENT_CD089BAAA7F7,3A124DB,COURSE_3A124DB43FF4
STUDENT_CD089BAAA7F7,4F8DAE0,COURSE_4F8DAE02A7A0
STUDENT_CD089BAAA7F7,5DB4771,COURSE_5DB4771B0A79
STUDENT_96CDB62685C7,0186BC3,COURSE_0186BC3B6640
STUDENT_96CDB62685C7,691E308,COURSE_691E308022A0
STUDENT_97CCFF9D1C70,6E363D6,COURSE_6E363D600BA1
STUDENT_97CCFF9D1C70,9772A41,COURSE_9772A418992F
STUDENT_97CCFF9D1C70,C40C59E,COURSE_C40C59E77909
STUDENT_97CCFF9D1C70,91BFF3B,COURSE_91BFF3B09E00
STUDENT_231B32CA0D75,EB9466F,COURSE_EB9466FE229C
STUDENT_AA3E6FD35CC8,CCB0EDD,COURSE_CCB0EDDCF252
STUDENT_AA3E6FD35CC8,D83CCF6,COURSE_D83CCF67F12C
STUDENT_AA3E6FD35CC8,1955497,COURSE_19554970F628
STUDENT_AA3E6FD35CC8,500C8E8,COURSE_500C8E8E485C
STUDENT_AA3E6FD35CC8,4E4632B,COURSE_4E4632BBE56E
STUDENT_AA3E6FD35CC8,165B6EC,COURSE_165B6EC64386
STUDENT_A8009E11332B,3444FA0,COURSE_3444FA0063FE
STUDENT_A8009E11332B,9F8E751,COURSE_9F8E7511D62C
STUDENT_EC1578BEB875,121C1E5,COURSE_121C1E5CA81A
STUDENT_EC1578BEB875,4DFDBD5,COURSE_4DFDBD5A1EAB
STUDENT_EC1578BEB875,6F2977C,COURSE_6F2977CBA34F
STUDENT_EC1578BEB875,C0809A7,COURSE_C0809A768480
STUDENT_EC1578BEB875,653E100,COURSE_653E100DE826
STUDENT_EC1578BEB875,9057D89,COURSE_9057D894165E
STUDENT_1B1DD2B831DB,DF6FC47,COURSE_DF6FC470A7CD
STUDENT_1B1DD2B831DB,DBC12C3,COURSE_DBC12C371F89
STUDENT_1B1DD2B831DB,5CB16CB,COURSE_5CB16CB795C3
STUDENT_1B1DD2B831DB,66A6CAF,COURSE_66A6CAFEFBDE
STUDENT_1B1DD2B831DB,07FFBA6,COURSE_07FFBA646CB9
STUDENT_C1AB97838BEA,DF6FC47,COURSE_DF6FC470A7CD
STUDENT_C1AB97838BEA,DBC12C3,COURSE_DBC12C371F89
STUDENT_C1AB97838BEA,5CB16CB,COURSE_5CB16CB795C3
STUDENT_C1AB97838BEA,66A6CAF,COURSE_66A6CAFEFBDE
STUDENT_C1AB97838BEA,1330BF6,COURSE_1330BF611256
STUDENT_EB50E99FAADD,190013B,COURSE_190013BFF7C1
STUDENT_EB50E99FAADD,DF6FC47,COURSE_DF6FC470A7CD
STUDENT_EB50E99FAADD,DBC12C3,COURSE_DBC12C371F89
STUDENT_EB50E99FAADD,5CB16CB,COURSE_5CB16CB795C3
STUDENT_EB50E99FAADD,66A6CAF,COURSE_66A6CAFEFBDE
STUDENT_EB50E99FAADD,07FFBA6,COURSE_07FFBA646CB9
STUDENT_35726A130971,24A18A5,COURSE_24A18A5B3FF2
STUDENT_02AE4A5B195A,258D4B8,COURSE_258D4B85BE0B
STUDENT_02AE4A5B195A,9316CD4,COURSE_9316CD4D881E
STUDENT_02AE4A5B195A,653E100,COURSE_653E100DE826
STUDENT_02AE4A5B195A,157E49E,COURSE_157E49E5EB6E
STUDENT_871DBFF28920,DF6FC47,COURSE_DF6FC470A7CD
STUDENT_871DBFF28920,DBC12C3,COURSE_DBC12C371F89
STUDENT_871DBFF28920,5CB16CB,COURSE_5CB16CB795C3
STUDENT_871DBFF28920,66A6CAF,COURSE_66A6CAFEFBDE
STUDENT_871DBFF28920,5DCF966,COURSE_5DCF966FA1E3
STUDENT_871DBFF28920,1330BF6,COURSE_1330BF611256
STUDENT_7CF36CAF3F4B,3444FA0,COURSE_3444FA0063FE
STUDENT_7CF36CAF3F4B,88B5D98,COURSE_88B5D984C554
STUDENT_7CF36CAF3F4B,6B4B9A8,COURSE_6B4B9A851F21
STUDENT_D32B9CF34984,D83CCF6,COURSE_D83CCF67F12C
STUDENT_D32B9CF34984,1955497,COURSE_19554970F628
STUDENT_D32B9CF34984,500C8E8,COURSE_500C8E8E485C
STUDENT_D32B9CF34984,47510C7,COURSE_47510C7D6B2A
STUDENT_D32B9CF34984,5DB4771,COURSE_5DB4771B0A79
STUDENT_D32B9CF34984,165B6EC,COURSE_165B6EC64386
STUDENT_B61BCFBAFCD2,258D4B8,COURSE_258D4B85BE0B
STUDENT_B61BCFBAFCD2,9C6DF31,COURSE_9C6DF318F006
STUDENT_B61BCFBAFCD2,1EB8DAB,COURSE_1EB8DABCEE22
STUDENT_EB978F875101,1EB8DAB,COURSE_1EB8DABCEE22
STUDENT_EB978F875101,EC38A74,COURSE_EC38A741879B
STUDENT_EB978F875101,6AE5916,COURSE_6AE5916D0725
STUDENT_EB978F875101,D60A15E,COURSE_D60A15E39D9C
STUDENT_EB978F875101,9F8E751,COURSE_9F8E7511D62C
STUDENT_EB978F875101,62AD5B8,COURSE_62AD5B8ACE1A
STUDENT_1B1E38D1E6C8,BB7F370,COURSE_BB7F370548AA
STUDENT_1B1E38D1E6C8,78104A3,COURSE_78104A3E8A10
STUDENT_1B1E38D1E6C8,2AB210B,COURSE_2AB210BBEC8C
STUDENT_FC3DE48042B7,BB7F370,COURSE_BB7F370548AA
STUDENT_FC3DE48042B7,78104A3,COURSE_78104A3E8A10
STUDENT_FC3DE48042B7,2AB210B,COURSE_2AB210BBEC8C
STUDENT_DCB2D4569152,88B5D98,COURSE_88B5D984C554
STUDENT_DCB2D4569152,81AC608,COURSE_81AC608D129E
STUDENT_DCB2D4569152,847CF53,COURSE_847CF537763E
STUDENT_BB1AA3724395,D83CCF6,COURSE_D83CCF67F12C
STUDENT_BB1AA3724395,1955497,COURSE_19554970F628
STUDENT_BB1AA3724395,500C8E8,COURSE_500C8E8E485C
STUDENT_BB1AA3724395,47510C7,COURSE_47510C7D6B2A
STUDENT_BB1AA3724395,5DB4771,COURSE_5DB4771B0A79
STUDENT_BB1AA3724395,165B6EC,COURSE_165B6EC64386
STUDENT_4798AE20C46E,6AEB855,COURSE_6AEB8553B28E
STUDENT_4798AE20C46E,28DA87B,COURSE_28DA87BD0111
STUDENT_4798AE20C46E,383B616,COURSE_383B6165A0C6
STUDENT_4798AE20C46E,81F8284,COURSE_81F8284E70A1
STUDENT_4798AE20C46E,6BF0AA9,COURSE_6BF0AA9F243F
STUDENT_28F1302F0E91,9C6DF31,COURSE_9C6DF318F006
STUDENT_28F1302F0E91,1EB8DAB,COURSE_1EB8DABCEE22
STUDENT_D922ED850217,9316CD4,COURSE_9316CD4D881E
STUDENT_D922ED850217,81A8D50,COURSE_81A8D508C067
STUDENT_D922ED850217,88A5BB2,COURSE_88A5BB2A9E50
STUDENT_D922ED850217,2A9F863,COURSE_2A9F8630D88C
STUDENT_D922ED850217,BAFD130,COURSE_BAFD130A3032
STUDENT_00658BF053E5,28DA87B,COURSE_28DA87BD0111
STUDENT_00658BF053E5,383B616,COURSE_383B6165A0C6
STUDENT_00658BF053E5,81F8284,COURSE_81F8284E70A1
STUDENT_00658BF053E5,6BF0AA9,COURSE_6BF0AA9F243F
STUDENT_00658BF053E5,6B4B9A8,COURSE_6B4B9A851F21
STUDENT_562B23035BAC,5DCF966,COURSE_5DCF966FA1E3
STUDENT_562B23035BAC,07FFBA6,COURSE_07FFBA646CB9
STUDENT_5EAF666EC80C,2271E57,COURSE_2271E57A6113
STUDENT_5EAF666EC80C,653E100,COURSE_653E100DE826
STUDENT_5EAF666EC80C,691E308,COURSE_691E308022A0
STUDENT_DA6597BC16A4,258D4B8,COURSE_258D4B85BE0B
STUDENT_DA6597BC16A4,DF6FC47,COURSE_DF6FC470A7CD
STUDENT_DA6597BC16A4,DBC12C3,COURSE_DBC12C371F89
STUDENT_DA6597BC16A4,5CB16CB,COURSE_5CB16CB795C3
STUDENT_DA6597BC16A4,66A6CAF,COURSE_66A6CAFEFBDE
STUDENT_C45A71044537,5DCF966,COURSE_5DCF966FA1E3
STUDENT_C45A71044537,07FFBA6,COURSE_07FFBA646CB9
STUDENT_8D7FC5DC1BB2,9772A41,COURSE_9772A418992F
STUDENT_8D7FC5DC1BB2,F911ACE,COURSE_F911ACEAA7B5
STUDENT_64E83D617FE2,190013B,COURSE_190013BFF7C1
STUDENT_64E83D617FE2,3A566B2,COURSE_3A566B2FDF91
STUDENT_64E83D617FE2,DF6FC47,COURSE_DF6FC470A7CD
STUDENT_64E83D617FE2,DBC12C3,COURSE_DBC12C371F89
STUDENT_64E83D617FE2,5CB16CB,COURSE_5CB16CB795C3
STUDENT_64E83D617FE2,66A6CAF,COURSE_66A6CAFEFBDE
STUDENT_64E83D617FE2,07FFBA6,COURSE_07FFBA646CB9
STUDENT_4FD46D2D46D6,0173213,COURSE_0173213F93B6
STUDENT_C6E29D1B496F,A419E04,COURSE_A419E04C917F
STUDENT_C6E29D1B496F,69DBF44,COURSE_69DBF44B3D90
STUDENT_C6E29D1B496F,258D4B8,COURSE_258D4B85BE0B
STUDENT_C6E29D1B496F,9316CD4,COURSE_9316CD4D881E
STUDENT_C6E29D1B496F,F2EB940,COURSE_F2EB940C16DE
STUDENT_C697C24AE943,4DFDBD5,COURSE_4DFDBD5A1EAB
STUDENT_C697C24AE943,F8FF4AF,COURSE_F8FF4AFC0BCD
STUDENT_C697C24AE943,2271E57,COURSE_2271E57A6113
STUDENT_C697C24AE943,D5557C5,COURSE_D5557C5D2419
STUDENT_E1DD15DF5B31,6E363D6,COURSE_6E363D600BA1
STUDENT_E1DD15DF5B31,8928BF4,COURSE_8928BF411C22
STUDENT_E1DD15DF5B31,91BFF3B,COURSE_91BFF3B09E00
STUDENT_E1DD15DF5B31,80EAE88,COURSE_80EAE885256A
STUDENT_E1DD15DF5B31,9772A41,COURSE_9772A418992F
STUDENT_26BAE5CC5D88,1EB8DAB,COURSE_1EB8DABCEE22
STUDENT_26BAE5CC5D88,EC38A74,COURSE_EC38A741879B
STUDENT_26BAE5CC5D88,6AE5916,COURSE_6AE5916D0725
STUDENT_26BAE5CC5D88,9F8E751,COURSE_9F8E7511D62C
STUDENT_26BAE5CC5D88,62AD5B8,COURSE_62AD5B8ACE1A
STUDENT_26BAE5CC5D88,9C6DF31,COURSE_9C6DF318F006
STUDENT_3718C66522E4,1EB8DAB,COURSE_1EB8DABCEE22
STUDENT_3718C66522E4,EC38A74,COURSE_EC38A741879B
STUDENT_2ED4B77CB25C,6E363D6,COURSE_6E363D600BA1
STUDENT_2ED4B77CB25C,9772A41,COURSE_9772A418992F
STUDENT_523BCDAA6CE6,99173EC,COURSE_99173EC7A0C3
STUDENT_523BCDAA6CE6,8E37B74,COURSE_8E37B7465CFD
STUDENT_523BCDAA6CE6,099DA73,COURSE_099DA73E98E3
STUDENT_6CB416A7062E,AC3C396,COURSE_AC3C3967D4FC
STUDENT_6CB416A7062E,75BD307,COURSE_75BD3070F668
STUDENT_167C94035AB1,6E363D6,COURSE_6E363D600BA1
STUDENT_167C94035AB1,8928BF4,COURSE_8928BF411C22
STUDENT_167C94035AB1,342173B,COURSE_342173B29394
STUDENT_167C94035AB1,9772A41,COURSE_9772A418992F
STUDENT_167C94035AB1,C40C59E,COURSE_C40C59E77909
STUDENT_C7A584EBC32D,1AA2066,COURSE_1AA20669074A
STUDENT_C7A584EBC32D,C0809A7,COURSE_C0809A768480
STUDENT_3BDD70E56DD5,C834FC6,COURSE_C834FC623CA7
STUDENT_3BDD70E56DD5,75BD307,COURSE_75BD3070F668
STUDENT_143F3D14CE16,88B5D98,COURSE_88B5D984C554
STUDENT_143F3D14CE16,383B616,COURSE_383B6165A0C6
STUDENT_143F3D14CE16,75BD307,COURSE_75BD3070F668
STUDENT_131816AC316F,A419E04,COURSE_A419E04C917F
STUDENT_131816AC316F,69DBF44,COURSE_69DBF44B3D90
STUDENT_131816AC316F,258D4B8,COURSE_258D4B85BE0B
STUDENT_131816AC316F,9316CD4,COURSE_9316CD4D881E
STUDENT_131816AC316F,F2EB940,COURSE_F2EB940C16DE
STUDENT_C7E3601244E2,FCF20E6,COURSE_FCF20E6D19D8
STUDENT_D0F37068566E,4E2B40A,COURSE_4E2B40A02EA8
STUDENT_D0F37068566E,1C5D6A5,COURSE_1C5D6A56EC25
STUDENT_1E82C6231EA6,C0809A7,COURSE_C0809A768480
STUDENT_1E82C6231EA6,653E100,COURSE_653E100DE826
STUDENT_2FC67FD32324,3F1B128,COURSE_3F1B1281DACC
STUDENT_2FC67FD32324,250D49A,COURSE_250D49A6137B
STUDENT_2FC67FD32324,32D5691,COURSE_32D569186237
STUDENT_2FC67FD32324,24A18A5,COURSE_24A18A5B3FF2
STUDENT_2FC67FD32324,F2EB940,COURSE_F2EB940C16DE
STUDENT_2FC67FD32324,986F248,COURSE_986F248A2D8A
STUDENT_23FE066599B1,E1A4EFE,COURSE_E1A4EFE9B9B1
STUDENT_23FE066599B1,6513E08,COURSE_6513E08F6B17
STUDENT_23FE066599B1,0D5AE07,COURSE_0D5AE07010E3
STUDENT_23FE066599B1,C834FC6,COURSE_C834FC623CA7
STUDENT_23FE066599B1,D4B3043,COURSE_D4B30433AFFD
STUDENT_AE50D5333B40,B4B5B8E,COURSE_B4B5B8E85C6D
STUDENT_AE50D5333B40,FCF20E6,COURSE_FCF20E6D19D8
STUDENT_AE50D5333B40,BB7F370,COURSE_BB7F370548AA
STUDENT_40FBF2C59EA4,9F8E751,COURSE_9F8E7511D62C
STUDENT_40FBF2C59EA4,AC3C396,COURSE_AC3C3967D4FC
STUDENT_88F9FA720724,62AD5B8,COURSE_62AD5B8ACE1A
STUDENT_88F9FA720724,6AE5916,COURSE_6AE5916D0725
STUDENT_9A1BE2103281,90C1B72,COURSE_90C1B7254FDD
STUDENT_9A1BE2103281,0186BC3,COURSE_0186BC3B6640
STUDENT_9A1BE2103281,FCF20E6,COURSE_FCF20E6D19D8
STUDENT_96726EBD3FC3,D83CCF6,COURSE_D83CCF67F12C
STUDENT_96726EBD3FC3,1955497,COURSE_19554970F628
STUDENT_96726EBD3FC3,500C8E8,COURSE_500C8E8E485C
STUDENT_96726EBD3FC3,47510C7,COURSE_47510C7D6B2A
STUDENT_96726EBD3FC3,5DB4771,COURSE_5DB4771B0A79
STUDENT_96726EBD3FC3,165B6EC,COURSE_165B6EC64386
STUDENT_E50827953B1C,3444FA0,COURSE_3444FA0063FE
STUDENT_E50827953B1C,3A124DB,COURSE_3A124DB43FF4
STUDENT_E50827953B1C,383B616,COURSE_383B6165A0C6
STUDENT_E50827953B1C,81F8284,COURSE_81F8284E70A1
STUDENT_E50827953B1C,6B4B9A8,COURSE_6B4B9A851F21
STUDENT_2DA52F77F763,BB7F370,COURSE_BB7F370548AA
STUDENT_6FC84F725A16,90C1B72,COURSE_90C1B7254FDD
STUDENT_6FC84F725A16,645A680,COURSE_645A680E52B7
STUDENT_6FC84F725A16,0186BC3,COURSE_0186BC3B6640
STUDENT_6FC84F725A16,F2EB940,COURSE_F2EB940C16DE
STUDENT_B493643C80D8,99173EC,COURSE_99173EC7A0C3
STUDENT_B493643C80D8,07FFBA6,COURSE_07FFBA646CB9
STUDENT_473EAB2DFA27,64056FA,COURSE_64056FA06151
STUDENT_473EAB2DFA27,BB7F370,COURSE_BB7F370548AA
STUDENT_473EAB2DFA27,0173213,COURSE_0173213F93B6
STUDENT_473EAB2DFA27,F34ADCC,COURSE_F34ADCCF6010
STUDENT_473EAB2DFA27,3444FA0,COURSE_3444FA0063FE
STUDENT_3E4583E65EEE,9316CD4,COURSE_9316CD4D881E
STUDENT_3E4583E65EEE,CE06967,COURSE_CE06967084F9
STUDENT_3E4583E65EEE,6AE5916,COURSE_6AE5916D0725
STUDENT_407434A288C1,64056FA,COURSE_64056FA06151
STUDENT_407434A288C1,BB7F370,COURSE_BB7F370548AA
STUDENT_407434A288C1,9A1418F,COURSE_9A1418F9C846
STUDENT_407434A288C1,C79A295,COURSE_C79A295DA02B
STUDENT_31B3D505EA87,BB7F370,COURSE_BB7F370548AA
STUDENT_560C60993B5E,BB7F370,COURSE_BB7F370548AA
STUDENT_F61DC2D7B706,C79A295,COURSE_C79A295DA02B
STUDENT_F61DC2D7B706,2962003,COURSE_2962003E8EB8
STUDENT_F61DC2D7B706,47E4DB4,COURSE_47E4DB4D9F6E
STUDENT_F61DC2D7B706,28DA87B,COURSE_28DA87BD0111
STUDENT_F61DC2D7B706,3A124DB,COURSE_3A124DB43FF4
STUDENT_F61DC2D7B706,5DB4771,COURSE_5DB4771B0A79
STUDENT_01A2CBA83A25,157E49E,COURSE_157E49E5EB6E
STUDENT_01A2CBA83A25,69DBF44,COURSE_69DBF44B3D90
STUDENT_01A2CBA83A25,83D7482,COURSE_83D748271771
STUDENT_01A2CBA83A25,B936E4C,COURSE_B936E4CB244C
STUDENT_4BB16B1EDDA5,CE06967,COURSE_CE06967084F9
STUDENT_4BB16B1EDDA5,EC38A74,COURSE_EC38A741879B
STUDENT_6273EAEBCFB7,A419E04,COURSE_A419E04C917F
STUDENT_059C1C565B73,9316CD4,COURSE_9316CD4D881E
STUDENT_059C1C565B73,47E4DB4,COURSE_47E4DB4D9F6E
STUDENT_059C1C565B73,28DA87B,COURSE_28DA87BD0111
STUDENT_059C1C565B73,3A124DB,COURSE_3A124DB43FF4
STUDENT_059C1C565B73,5DB4771,COURSE_5DB4771B0A79
STUDENT_723CE2085F11,88B5D98,COURSE_88B5D984C554
STUDENT_723CE2085F11,383B616,COURSE_383B6165A0C6
STUDENT_723CE2085F11,6BF0AA9,COURSE_6BF0AA9F243F
STUDENT_63655D6A53D9,58B4C36,COURSE_58B4C3685A81
STUDENT_63655D6A53D9,B4B5B8E,COURSE_B4B5B8E85C6D
STUDENT_63655D6A53D9,F911ACE,COURSE_F911ACEAA7B5
STUDENT_63655D6A53D9,4457B1D,COURSE_4457B1DB75EA
STUDENT_63655D6A53D9,91BFF3B,COURSE_91BFF3B09E00
STUDENT_63655D6A53D9,80EAE88,COURSE_80EAE885256A
STUDENT_78339B5BE82E,80EAE88,COURSE_80EAE885256A
STUDENT_78339B5BE82E,9B598F9,COURSE_9B598F9EC811
STUDENT_78339B5BE82E,6913DA1,COURSE_6913DA13F5CD
STUDENT_78339B5BE82E,2271E57,COURSE_2271E57A6113
STUDENT_78339B5BE82E,691E308,COURSE_691E308022A0
STUDENT_6FF2B4C69C15,80EAE88,COURSE_80EAE885256A
STUDENT_6FF2B4C69C15,250D49A,COURSE_250D49A6137B
STUDENT_6FF2B4C69C15,32D5691,COURSE_32D569186237
STUDENT_6FF2B4C69C15,24A18A5,COURSE_24A18A5B3FF2
STUDENT_6FF2B4C69C15,F2EB940,COURSE_F2EB940C16DE
STUDENT_58665C068218,157E49E,COURSE_157E49E5EB6E
STUDENT_58665C068218,A419E04,COURSE_A419E04C917F
STUDENT_58665C068218,9316CD4,COURSE_9316CD4D881E
STUDENT_58665C068218,69DBF44,COURSE_69DBF44B3D90
STUDENT_50169314D607,90C1B72,COURSE_90C1B7254FDD
STUDENT_50169314D607,0186BC3,COURSE_0186BC3B6640
STUDENT_50169314D607,FCF20E6,COURSE_FCF20E6D19D8
STUDENT_F8110A02C5AD,D83CCF6,COURSE_D83CCF67F12C
STUDENT_F8110A02C5AD,1955497,COURSE_19554970F628
STUDENT_F8110A02C5AD,500C8E8,COURSE_500C8E8E485C
STUDENT_F8110A02C5AD,47510C7,COURSE_47510C7D6B2A
STUDENT_F8110A02C5AD,5DB4771,COURSE_5DB4771B0A79
STUDENT_F8110A02C5AD,165B6EC,COURSE_165B6EC64386
STUDENT_65334354791A,90C1B72,COURSE_90C1B7254FDD
STUDENT_65334354791A,0186BC3,COURSE_0186BC3B6640
STUDENT_65334354791A,FCF20E6,COURSE_FCF20E6D19D8
STUDENT_D04FF41741D7,90C1B72,COURSE_90C1B7254FDD
STUDENT_D04FF41741D7,0186BC3,COURSE_0186BC3B6640
STUDENT_D04FF41741D7,F1CDD3F,COURSE_F1CDD3F613DA
STUDENT_D04FF41741D7,F34ADCC,COURSE_F34ADCCF6010
STUDENT_C6AF34855A8F,B2EED57,COURSE_B2EED574D766
STUDENT_C6AF34855A8F,1955497,COURSE_19554970F628
STUDENT_C6AF34855A8F,500C8E8,COURSE_500C8E8E485C
STUDENT_C6AF34855A8F,5DB4771,COURSE_5DB4771B0A79
STUDENT_C6AF34855A8F,4E4632B,COURSE_4E4632BBE56E
STUDENT_C6AF34855A8F,165B6EC,COURSE_165B6EC64386
STUDENT_094FAE73C781,C79A295,COURSE_C79A295DA02B
STUDENT_094FAE73C781,3F1B128,COURSE_3F1B1281DACC
STUDENT_094FAE73C781,E00D025,COURSE_E00D02523E87
STUDENT_094FAE73C781,64056FA,COURSE_64056FA06151
STUDENT_094FAE73C781,BA20CD1,COURSE_BA20CD16DF25
STUDENT_4BBCC211F6A0,FF52A45,COURSE_FF52A456A828
STUDENT_4BBCC211F6A0,9E6B1F1,COURSE_9E6B1F18531F
STUDENT_4BBCC211F6A0,BAFD130,COURSE_BAFD130A3032
STUDENT_427FDAF08E07,4DFDBD5,COURSE_4DFDBD5A1EAB
STUDENT_427FDAF08E07,157E49E,COURSE_157E49E5EB6E
STUDENT_5F27E44EDCEA,9316CD4,COURSE_9316CD4D881E
STUDENT_5F27E44EDCEA,157E49E,COURSE_157E49E5EB6E
STUDENT_5F27E44EDCEA,30902F4,COURSE_30902F436CC4
STUDENT_5F27E44EDCEA,83D7482,COURSE_83D748271771
STUDENT_5F27E44EDCEA,B936E4C,COURSE_B936E4CB244C
STUDENT_93D806627629,80EAE88,COURSE_80EAE885256A
STUDENT_93D806627629,250D49A,COURSE_250D49A6137B
STUDENT_93D806627629,32D5691,COURSE_32D569186237
STUDENT_93D806627629,24A18A5,COURSE_24A18A5B3FF2
STUDENT_93D806627629,F2EB940,COURSE_F2EB940C16DE
STUDENT_BE8B8019108A,C79A295,COURSE_C79A295DA02B
STUDENT_BE8B8019108A,3F1B128,COURSE_3F1B1281DACC
STUDENT_BE8B8019108A,E00D025,COURSE_E00D02523E87
STUDENT_BE8B8019108A,64056FA,COURSE_64056FA06151
STUDENT_BE8B8019108A,BA20CD1,COURSE_BA20CD16DF25
STUDENT_2E86113BC025,58B4C36,COURSE_58B4C3685A81
STUDENT_2E86113BC025,B4B5B8E,COURSE_B4B5B8E85C6D
STUDENT_2E86113BC025,F911ACE,COURSE_F911ACEAA7B5
STUDENT_2E86113BC025,4457B1D,COURSE_4457B1DB75EA
STUDENT_2E86113BC025,91BFF3B,COURSE_91BFF3B09E00
STUDENT_2E86113BC025,80EAE88,COURSE_80EAE885256A
STUDENT_DA5E1F9905B1,C79A295,COURSE_C79A295DA02B
STUDENT_DA5E1F9905B1,3F1B128,COURSE_3F1B1281DACC
STUDENT_DA5E1F9905B1,E00D025,COURSE_E00D02523E87
STUDENT_DA5E1F9905B1,64056FA,COURSE_64056FA06151
STUDENT_DA5E1F9905B1,BA20CD1,COURSE_BA20CD16DF25
STUDENT_CC8A07A154E5,CCB0EDD,COURSE_CCB0EDDCF252
STUDENT_CC8A07A154E5,3895DF1,COURSE_3895DF1B2396
STUDENT_CC8A07A154E5,6C418F3,COURSE_6C418F3F4ACC
STUDENT_CC8A07A154E5,2962003,COURSE_2962003E8EB8
STUDENT_CC8A07A154E5,986F248,COURSE_986F248A2D8A
STUDENT_B11BD19916CC,F2EB940,COURSE_F2EB940C16DE
STUDENT_B11BD19916CC,190013B,COURSE_190013BFF7C1
STUDENT_B11BD19916CC,3A566B2,COURSE_3A566B2FDF91
STUDENT_B11BD19916CC,61C7475,COURSE_61C74758B507
STUDENT_B11BD19916CC,2272A89,COURSE_2272A89A56F1
STUDENT_136154CB5010,6E363D6,COURSE_6E363D600BA1
STUDENT_136154CB5010,9031CED,COURSE_9031CEDB50FD
STUDENT_136154CB5010,B4B5B8E,COURSE_B4B5B8E85C6D
STUDENT_136154CB5010,4457B1D,COURSE_4457B1DB75EA
STUDENT_EA69EE3DF028,190013B,COURSE_190013BFF7C1
STUDENT_EA69EE3DF028,3A566B2,COURSE_3A566B2FDF91
STUDENT_EA69EE3DF028,61C7475,COURSE_61C74758B507
STUDENT_EA69EE3DF028,2272A89,COURSE_2272A89A56F1
STUDENT_EA69EE3DF028,49EFDEC,COURSE_49EFDEC4AD22
STUDENT_E250F3624079,D5557C5,COURSE_D5557C5D2419
STUDENT_E250F3624079,157E49E,COURSE_157E49E5EB6E
STUDENT_E250F3624079,8702F1E,COURSE_8702F1EA55DA
STUDENT_E250F3624079,195AC94,COURSE_195AC942FF0E
STUDENT_40B3DF3D18C2,58B4C36,COURSE_58B4C3685A81
STUDENT_40B3DF3D18C2,B4B5B8E,COURSE_B4B5B8E85C6D
STUDENT_40B3DF3D18C2,F911ACE,COURSE_F911ACEAA7B5
STUDENT_40B3DF3D18C2,4457B1D,COURSE_4457B1DB75EA
STUDENT_40B3DF3D18C2,91BFF3B,COURSE_91BFF3B09E00
STUDENT_40B3DF3D18C2,24A18A5,COURSE_24A18A5B3FF2
STUDENT_D7F7850F5E76,190013B,COURSE_190013BFF7C1
STUDENT_D7F7850F5E76,3A566B2,COURSE_3A566B2FDF91
STUDENT_D7F7850F5E76,61C7475,COURSE_61C74758B507
STUDENT_D7F7850F5E76,2272A89,COURSE_2272A89A56F1
STUDENT_D7F7850F5E76,66A6CAF,COURSE_66A6CAFEFBDE
STUDENT_B636024ABDEC,FF52A45,COURSE_FF52A456A828
STUDENT_B636024ABDEC,88A5BB2,COURSE_88A5BB2A9E50
STUDENT_B636024ABDEC,2A9F863,COURSE_2A9F8630D88C
STUDENT_B636024ABDEC,BAFD130,COURSE_BAFD130A3032
STUDENT_B636024ABDEC,9F8E751,COURSE_9F8E7511D62C
STUDENT_B636024ABDEC,D4B3043,COURSE_D4B30433AFFD
STUDENT_85F324B1759C,9F8E751,COURSE_9F8E7511D62C
STUDENT_85F324B1759C,C834FC6,COURSE_C834FC623CA7
STUDENT_D18E336D2508,383B616,COURSE_383B6165A0C6
STUDENT_D18E336D2508,81F8284,COURSE_81F8284E70A1
STUDENT_D18E336D2508,6BF0AA9,COURSE_6BF0AA9F243F
STUDENT_D18E336D2508,6B4B9A8,COURSE_6B4B9A851F21
STUDENT_D82BA3FF2DB3,157E49E,COURSE_157E49E5EB6E
STUDENT_D82BA3FF2DB3,A419E04,COURSE_A419E04C917F
STUDENT_D82BA3FF2DB3,9316CD4,COURSE_9316CD4D881E
STUDENT_D82BA3FF2DB3,69DBF44,COURSE_69DBF44B3D90
STUDENT_A50C0B5159B2,383B616,COURSE_383B6165A0C6
STUDENT_A50C0B5159B2,81F8284,COURSE_81F8284E70A1
STUDENT_A50C0B5159B2,847CF53,COURSE_847CF537763E
STUDENT_A50C0B5159B2,75BD307,COURSE_75BD3070F668
STUDENT_62ADBBD5757D,6913DA1,COURSE_6913DA13F5CD
STUDENT_62ADBBD5757D,2271E57,COURSE_2271E57A6113
STUDENT_62ADBBD5757D,653E100,COURSE_653E100DE826
STUDENT_62ADBBD5757D,9057D89,COURSE_9057D894165E
STUDENT_62ADBBD5757D,9F8E751,COURSE_9F8E7511D62C
STUDENT_62ADBBD5757D,A9C3CE0,COURSE_A9C3CE099531
STUDENT_FEA2FA8D86D9,81A8D50,COURSE_81A8D508C067
STUDENT_FEA2FA8D86D9,121C1E5,COURSE_121C1E5CA81A
STUDENT_FEA2FA8D86D9,6913DA1,COURSE_6913DA13F5CD
STUDENT_FEA2FA8D86D9,2271E57,COURSE_2271E57A6113
STUDENT_FEA2FA8D86D9,653E100,COURSE_653E100DE826
STUDENT_81354CEA7D6A,DF6FC47,COURSE_DF6FC470A7CD
STUDENT_81354CEA7D6A,DBC12C3,COURSE_DBC12C371F89
STUDENT_81354CEA7D6A,5CB16CB,COURSE_5CB16CB795C3
STUDENT_81354CEA7D6A,66A6CAF,COURSE_66A6CAFEFBDE
STUDENT_81354CEA7D6A,07FFBA6,COURSE_07FFBA646CB9
STUDENT_A356CFF45E0D,47E4DB4,COURSE_47E4DB4D9F6E
STUDENT_A356CFF45E0D,28DA87B,COURSE_28DA87BD0111
STUDENT_A356CFF45E0D,3A124DB,COURSE_3A124DB43FF4
STUDENT_A356CFF45E0D,4F8DAE0,COURSE_4F8DAE02A7A0
STUDENT_A356CFF45E0D,5DB4771,COURSE_5DB4771B0A79
STUDENT_CB57A7A68D0C,C79A295,COURSE_C79A295DA02B
STUDENT_CB57A7A68D0C,3F1B128,COURSE_3F1B1281DACC
STUDENT_CB57A7A68D0C,2B7ADA6,COURSE_2B7ADA67C898
STUDENT_CB57A7A68D0C,355947D,COURSE_355947D15102
STUDENT_CB57A7A68D0C,9316CD4,COURSE_9316CD4D881E
STUDENT_F73EB7EFEEDD,5D48D2E,COURSE_5D48D2E51549
STUDENT_F73EB7EFEEDD,383B616,COURSE_383B6165A0C6
STUDENT_FA414A595C6C,6F2977C,COURSE_6F2977CBA34F
STUDENT_FA414A595C6C,4E2B40A,COURSE_4E2B40A02EA8
STUDENT_FA414A595C6C,1C5D6A5,COURSE_1C5D6A56EC25
STUDENT_FA414A595C6C,E1A4EFE,COURSE_E1A4EFE9B9B1
STUDENT_FA414A595C6C,C834FC6,COURSE_C834FC623CA7
STUDENT_FA414A595C6C,D4B3043,COURSE_D4B30433AFFD
STUDENT_0F5CB18F8F64,190013B,COURSE_190013BFF7C1
STUDENT_0F5CB18F8F64,3A566B2,COURSE_3A566B2FDF91
STUDENT_0F5CB18F8F64,61C7475,COURSE_61C74758B507
STUDENT_0F5CB18F8F64,2272A89,COURSE_2272A89A56F1
STUDENT_0F5CB18F8F64,49EFDEC,COURSE_49EFDEC4AD22
STUDENT_5F346D1DE6F9,190013B,COURSE_190013BFF7C1
STUDENT_5F346D1DE6F9,383B616,COURSE_383B6165A0C6
STUDENT_5F346D1DE6F9,81F8284,COURSE_81F8284E70A1
STUDENT_5F346D1DE6F9,6BF0AA9,COURSE_6BF0AA9F243F
STUDENT_B945F614AAD6,190013B,COURSE_190013BFF7C1
STUDENT_B945F614AAD6,DF6FC47,COURSE_DF6FC470A7CD
STUDENT_B945F614AAD6,DBC12C3,COURSE_DBC12C371F89
STUDENT_B945F614AAD6,5CB16CB,COURSE_5CB16CB795C3
STUDENT_B945F614AAD6,66A6CAF,COURSE_66A6CAFEFBDE
STUDENT_B945F614AAD6,07FFBA6,COURSE_07FFBA646CB9
STUDENT_B800DDFF5805,258D4B8,COURSE_258D4B85BE0B
STUDENT_B800DDFF5805,FF52A45,COURSE_FF52A456A828
STUDENT_B800DDFF5805,AFFC57F,COURSE_AFFC57FABE98
STUDENT_B800DDFF5805,9E6B1F1,COURSE_9E6B1F18531F
STUDENT_B800DDFF5805,AFF1D77,COURSE_AFF1D77BF8D8
STUDENT_B800DDFF5805,165B6EC,COURSE_165B6EC64386
STUDENT_2E1DADD4B316,64056FA,COURSE_64056FA06151
STUDENT_2E1DADD4B316,BB7F370,COURSE_BB7F370548AA
STUDENT_2E1DADD4B316,0173213,COURSE_0173213F93B6
STUDENT_2E1DADD4B316,78104A3,COURSE_78104A3E8A10
STUDENT_2E1DADD4B316,2AB210B,COURSE_2AB210BBEC8C
STUDENT_93FCFED7CC94,88B5D98,COURSE_88B5D984C554
STUDENT_93FCFED7CC94,383B616,COURSE_383B6165A0C6
STUDENT_93FCFED7CC94,6BF0AA9,COURSE_6BF0AA9F243F
STUDENT_99F5E38DF9FF,3F1B128,COURSE_3F1B1281DACC
STUDENT_99F5E38DF9FF,64056FA,COURSE_64056FA06151
STUDENT_99F5E38DF9FF,BB7F370,COURSE_BB7F370548AA
STUDENT_99F5E38DF9FF,0173213,COURSE_0173213F93B6
STUDENT_99F5E38DF9FF,D5957F4,COURSE_D5957F457326
STUDENT_99F5E38DF9FF,6BF0AA9,COURSE_6BF0AA9F243F
STUDENT_2B9BFDA0BBF6,1EB8DAB,COURSE_1EB8DABCEE22
STUDENT_2B9BFDA0BBF6,EC38A74,COURSE_EC38A741879B
STUDENT_2B9BFDA0BBF6,6AE5916,COURSE_6AE5916D0725
STUDENT_2B9BFDA0BBF6,9F8E751,COURSE_9F8E7511D62C
STUDENT_2B9BFDA0BBF6,62AD5B8,COURSE_62AD5B8ACE1A
STUDENT_2B9BFDA0BBF6,CE06967,COURSE_CE06967084F9
STUDENT_4C42A19BB66A,D83CCF6,COURSE_D83CCF67F12C
STUDENT_4C42A19BB66A,1955497,COURSE_19554970F628
STUDENT_4C42A19BB66A,500C8E8,COURSE_500C8E8E485C
STUDENT_4C42A19BB66A,47510C7,COURSE_47510C7D6B2A
STUDENT_4C42A19BB66A,5DB4771,COURSE_5DB4771B0A79
STUDENT_4C42A19BB66A,165B6EC,COURSE_165B6EC64386
STUDENT_0946AB3351B4,6E363D6,COURSE_6E363D600BA1
STUDENT_0946AB3351B4,8928BF4,COURSE_8928BF411C22
STUDENT_0946AB3351B4,91BFF3B,COURSE_91BFF3B09E00
STUDENT_0946AB3351B4,80EAE88,COURSE_80EAE885256A
STUDENT_0946AB3351B4,9772A41,COURSE_9772A418992F
STUDENT_6AB538B2B007,47E4DB4,COURSE_47E4DB4D9F6E
STUDENT_6AB538B2B007,28DA87B,COURSE_28DA87BD0111
STUDENT_6AB538B2B007,3A124DB,COURSE_3A124DB43FF4
STUDENT_6AB538B2B007,4F8DAE0,COURSE_4F8DAE02A7A0
STUDENT_6AB538B2B007,383B616,COURSE_383B6165A0C6
STUDENT_D6E44E36EFDA,62AD5B8,COURSE_62AD5B8ACE1A
STUDENT_D6E44E36EFDA,9C6DF31,COURSE_9C6DF318F006
STUDENT_D6E44E36EFDA,CE06967,COURSE_CE06967084F9
STUDENT_D6E44E36EFDA,6AE5916,COURSE_6AE5916D0725
STUDENT_CA842F145E59,FF52A45,COURSE_FF52A456A828
STUDENT_CA842F145E59,88A5BB2,COURSE_88A5BB2A9E50
STUDENT_CA842F145E59,2A9F863,COURSE_2A9F8630D88C
STUDENT_CA842F145E59,BAFD130,COURSE_BAFD130A3032
STUDENT_CA842F145E59,9F8E751,COURSE_9F8E7511D62C
STUDENT_CA842F145E59,D4B3043,COURSE_D4B30433AFFD
STUDENT_DBF3C5F6042E,190013B,COURSE_190013BFF7C1
STUDENT_DBF3C5F6042E,3A566B2,COURSE_3A566B2FDF91
STUDENT_DBF3C5F6042E,61C7475,COURSE_61C74758B507
STUDENT_DBF3C5F6042E,2272A89,COURSE_2272A89A56F1
STUDENT_DBF3C5F6042E,986F248,COURSE_986F248A2D8A
STUDENT_DBF3C5F6042E,5DB4771,COURSE_5DB4771B0A79
STUDENT_EEB38FD85098,1955497,COURSE_19554970F628
STUDENT_EEB38FD85098,500C8E8,COURSE_500C8E8E485C
STUDENT_EEB38FD85098,47510C7,COURSE_47510C7D6B2A
STUDENT_EEB38FD85098,5DB4771,COURSE_5DB4771B0A79
STUDENT_EEB38FD85098,4E4632B,COURSE_4E4632BBE56E
STUDENT_EEB38FD85098,165B6EC,COURSE_165B6EC64386
STUDENT_B5548298B37D,9E6B1F1,COURSE_9E6B1F18531F
STUDENT_B5548298B37D,CE06967,COURSE_CE06967084F9
STUDENT_F72846244E71,1955497,COURSE_19554970F628
STUDENT_F72846244E71,500C8E8,COURSE_500C8E8E485C
STUDENT_F72846244E71,47510C7,COURSE_47510C7D6B2A
STUDENT_F72846244E71,5DB4771,COURSE_5DB4771B0A79
STUDENT_F72846244E71,165B6EC,COURSE_165B6EC64386
STUDENT_F72846244E71,A9C3CE0,COURSE_A9C3CE099531
STUDENT_E9EC50E6FB41,C0809A7,COURSE_C0809A768480
STUDENT_E9EC50E6FB41,A419E04,COURSE_A419E04C917F
STUDENT_E9EC50E6FB41,6913DA1,COURSE_6913DA13F5CD
STUDENT_E9EC50E6FB41,2271E57,COURSE_2271E57A6113
STUDENT_E9EC50E6FB41,653E100,COURSE_653E100DE826
STUDENT_E9EC50E6FB41,9057D89,COURSE_9057D894165E
STUDENT_55C0F1E20F45,0D5AE07,COURSE_0D5AE07010E3
STUDENT_55C0F1E20F45,DF6FC47,COURSE_DF6FC470A7CD
STUDENT_55C0F1E20F45,DBC12C3,COURSE_DBC12C371F89
STUDENT_55C0F1E20F45,5CB16CB,COURSE_5CB16CB795C3
STUDENT_55C0F1E20F45,66A6CAF,COURSE_66A6CAFEFBDE
STUDENT_1B26269E9445,9316CD4,COURSE_9316CD4D881E
STUDENT_1B26269E9445,88A5BB2,COURSE_88A5BB2A9E50
STUDENT_1B26269E9445,2A9F863,COURSE_2A9F8630D88C
STUDENT_1B26269E9445,BAFD130,COURSE_BAFD130A3032
STUDENT_1B26269E9445,9F8E751,COURSE_9F8E7511D62C
STUDENT_0369EBFBB0BF,6913DA1,COURSE_6913DA13F5CD
STUDENT_0369EBFBB0BF,691E308,COURSE_691E308022A0
STUDENT_0369EBFBB0BF,91D9143,COURSE_91D914364C5C
STUDENT_0369EBFBB0BF,9F8E751,COURSE_9F8E7511D62C
STUDENT_0369EBFBB0BF,CE06967,COURSE_CE06967084F9
STUDENT_B3E6E970F4C1,9772A41,COURSE_9772A418992F
STUDENT_B3E6E970F4C1,C40C59E,COURSE_C40C59E77909
STUDENT_B3E6E970F4C1,9031CED,COURSE_9031CEDB50FD
STUDENT_B3E6E970F4C1,F911ACE,COURSE_F911ACEAA7B5
STUDENT_C0B8F10C3C6A,C79A295,COURSE_C79A295DA02B
STUDENT_C0B8F10C3C6A,3F1B128,COURSE_3F1B1281DACC
STUDENT_C0B8F10C3C6A,E00D025,COURSE_E00D02523E87
STUDENT_C0B8F10C3C6A,64056FA,COURSE_64056FA06151
STUDENT_C0B8F10C3C6A,BA20CD1,COURSE_BA20CD16DF25
STUDENT_5D311D90182B,691E308,COURSE_691E308022A0
STUDENT_5D311D90182B,B936E4C,COURSE_B936E4CB244C
STUDENT_5D311D90182B,383B616,COURSE_383B6165A0C6
STUDENT_D9943C40330D,80EAE88,COURSE_80EAE885256A
STUDENT_D9943C40330D,250D49A,COURSE_250D49A6137B
STUDENT_D9943C40330D,32D5691,COURSE_32D569186237
STUDENT_D9943C40330D,24A18A5,COURSE_24A18A5B3FF2
STUDENT_D9943C40330D,F2EB940,COURSE_F2EB940C16DE
STUDENT_2882012EF987,DF6FC47,COURSE_DF6FC470A7CD
STUDENT_2882012EF987,DBC12C3,COURSE_DBC12C371F89
STUDENT_2882012EF987,5CB16CB,COURSE_5CB16CB795C3
STUDENT_2882012EF987,1330BF6,COURSE_1330BF611256
STUDENT_8E850973B360,6E363D6,COURSE_6E363D600BA1
STUDENT_8E850973B360,8928BF4,COURSE_8928BF411C22
STUDENT_8E850973B360,342173B,COURSE_342173B29394
STUDENT_8E850973B360,9772A41,COURSE_9772A418992F
STUDENT_8E850973B360,E00D025,COURSE_E00D02523E87
STUDENT_B6665212E7F2,48F4CC0,COURSE_48F4CC02AA5A
STUDENT_ECF6680AE3DD,4E4632B,COURSE_4E4632BBE56E
STUDENT_75359CBD9EB8,4DFDBD5,COURSE_4DFDBD5A1EAB
STUDENT_75359CBD9EB8,6913DA1,COURSE_6913DA13F5CD
STUDENT_75359CBD9EB8,F8FF4AF,COURSE_F8FF4AFC0BCD
STUDENT_75359CBD9EB8,2271E57,COURSE_2271E57A6113
STUDENT_75359CBD9EB8,9F8E751,COURSE_9F8E7511D62C
STUDENT_88736E650824,C40C59E,COURSE_C40C59E77909
STUDENT_88736E650824,9031CED,COURSE_9031CEDB50FD
STUDENT_88736E650824,F911ACE,COURSE_F911ACEAA7B5
STUDENT_88736E650824,91BFF3B,COURSE_91BFF3B09E00
STUDENT_CDFA070AD030,BAFD130,COURSE_BAFD130A3032
STUDENT_8FE25472B721,48F4CC0,COURSE_48F4CC02AA5A
STUDENT_F1F09E048BC7,258D4B8,COURSE_258D4B85BE0B
STUDENT_F1F09E048BC7,9316CD4,COURSE_9316CD4D881E
STUDENT_F1F09E048BC7,2271E57,COURSE_2271E57A6113
STUDENT_F1F09E048BC7,653E100,COURSE_653E100DE826
STUDENT_A7678B7E8985,24A18A5,COURSE_24A18A5B3FF2
STUDENT_A7678B7E8985,CE06967,COURSE_CE06967084F9
STUDENT_840EADD78D11,E1A4EFE,COURSE_E1A4EFE9B9B1
STUDENT_840EADD78D11,6513E08,COURSE_6513E08F6B17
STUDENT_840EADD78D11,0D5AE07,COURSE_0D5AE07010E3
STUDENT_840EADD78D11,C834FC6,COURSE_C834FC623CA7
STUDENT_840EADD78D11,D4B3043,COURSE_D4B30433AFFD
STUDENT_FCF13019FDA8,121C1E5,COURSE_121C1E5CA81A
STUDENT_FCF13019FDA8,C0809A7,COURSE_C0809A768480
STUDENT_FCF13019FDA8,6913DA1,COURSE_6913DA13F5CD
STUDENT_FCF13019FDA8,2271E57,COURSE_2271E57A6113
STUDENT_FCF13019FDA8,9057D89,COURSE_9057D894165E
STUDENT_6E3CFEBD7769,D83CCF6,COURSE_D83CCF67F12C
STUDENT_6E3CFEBD7769,1955497,COURSE_19554970F628
STUDENT_6E3CFEBD7769,500C8E8,COURSE_500C8E8E485C
STUDENT_6E3CFEBD7769,47510C7,COURSE_47510C7D6B2A
STUDENT_6E3CFEBD7769,5DB4771,COURSE_5DB4771B0A79
STUDENT_6E3CFEBD7769,165B6EC,COURSE_165B6EC64386
STUDENT_6ED46FFDE0FA,80EAE88,COURSE_80EAE885256A
STUDENT_6ED46FFDE0FA,250D49A,COURSE_250D49A6137B
STUDENT_6ED46FFDE0FA,32D5691,COURSE_32D569186237
STUDENT_6ED46FFDE0FA,24A18A5,COURSE_24A18A5B3FF2
STUDENT_6ED46FFDE0FA,F2EB940,COURSE_F2EB940C16DE
STUDENT_41D1528383B2,D5557C5,COURSE_D5557C5D2419
STUDENT_CC9655530937,A419E04,COURSE_A419E04C917F
STUDENT_CC9655530937,69DBF44,COURSE_69DBF44B3D90
STUDENT_CC9655530937,258D4B8,COURSE_258D4B85BE0B
STUDENT_CC9655530937,9316CD4,COURSE_9316CD4D881E
STUDENT_CC9655530937,30902F4,COURSE_30902F436CC4
STUDENT_D9758132817C,E1A4EFE,COURSE_E1A4EFE9B9B1
STUDENT_D9758132817C,6513E08,COURSE_6513E08F6B17
STUDENT_D9758132817C,0D5AE07,COURSE_0D5AE07010E3
STUDENT_D9758132817C,C834FC6,COURSE_C834FC623CA7
STUDENT_D9758132817C,D4B3043,COURSE_D4B30433AFFD
STUDENT_DDAE2B15CA92,0186BC3,COURSE_0186BC3B6640
STUDENT_DDAE2B15CA92,A419E04,COURSE_A419E04C917F
STUDENT_DDAE2B15CA92,69DBF44,COURSE_69DBF44B3D90
STUDENT_DDAE2B15CA92,258D4B8,COURSE_258D4B85BE0B
STUDENT_DDAE2B15CA92,9316CD4,COURSE_9316CD4D881E
STUDENT_B7807DB72827,9057D89,COURSE_9057D894165E
STUDENT_B7807DB72827,D5557C5,COURSE_D5557C5D2419
STUDENT_C0A9232DF2EB,C79A295,COURSE_C79A295DA02B
STUDENT_C0A9232DF2EB,3F1B128,COURSE_3F1B1281DACC
STUDENT_C0A9232DF2EB,E00D025,COURSE_E00D02523E87
STUDENT_C0A9232DF2EB,64056FA,COURSE_64056FA06151
STUDENT_C0A9232DF2EB,BA20CD1,COURSE_BA20CD16DF25
STUDENT_CADDDF306612,9C6DF31,COURSE_9C6DF318F006
STUDENT_CADDDF306612,6AE5916,COURSE_6AE5916D0725
STUDENT_79405778EAB6,69DBF44,COURSE_69DBF44B3D90
STUDENT_79405778EAB6,30902F4,COURSE_30902F436CC4
STUDENT_79405778EAB6,83D7482,COURSE_83D748271771
STUDENT_79405778EAB6,B936E4C,COURSE_B936E4CB244C
STUDENT_EFEC2ADBA6F4,90C1B72,COURSE_90C1B7254FDD
STUDENT_EFEC2ADBA6F4,645A680,COURSE_645A680E52B7
STUDENT_EFEC2ADBA6F4,0186BC3,COURSE_0186BC3B6640
STUDENT_EFEC2ADBA6F4,32D5691,COURSE_32D569186237
STUDENT_6A578197F0D8,91BFF3B,COURSE_91BFF3B09E00
STUDENT_6A578197F0D8,64056FA,COURSE_64056FA06151
STUDENT_6A578197F0D8,BB7F370,COURSE_BB7F370548AA
STUDENT_6A578197F0D8,0173213,COURSE_0173213F93B6
STUDENT_6A578197F0D8,2AB210B,COURSE_2AB210BBEC8C
STUDENT_91517B5D7F4D,2272A89,COURSE_2272A89A56F1
STUDENT_91517B5D7F4D,28DA87B,COURSE_28DA87BD0111
STUDENT_91517B5D7F4D,383B616,COURSE_383B6165A0C6
STUDENT_91517B5D7F4D,81F8284,COURSE_81F8284E70A1
STUDENT_91517B5D7F4D,8702F1E,COURSE_8702F1EA55DA
STUDENT_CB889A0DD717,258D4B8,COURSE_258D4B85BE0B
STUDENT_CB889A0DD717,691E308,COURSE_691E308022A0
STUDENT_CB889A0DD717,28DA87B,COURSE_28DA87BD0111
STUDENT_D0911ED5E7BF,190013B,COURSE_190013BFF7C1
STUDENT_D0911ED5E7BF,3A566B2,COURSE_3A566B2FDF91
STUDENT_D0911ED5E7BF,61C7475,COURSE_61C74758B507
STUDENT_D0911ED5E7BF,2272A89,COURSE_2272A89A56F1
STUDENT_D0911ED5E7BF,49EFDEC,COURSE_49EFDEC4AD22
STUDENT_3AEF636F7722,58B4C36,COURSE_58B4C3685A81
STUDENT_3AEF636F7722,B4B5B8E,COURSE_B4B5B8E85C6D
STUDENT_3AEF636F7722,F911ACE,COURSE_F911ACEAA7B5
STUDENT_3AEF636F7722,4457B1D,COURSE_4457B1DB75EA
STUDENT_3AEF636F7722,91BFF3B,COURSE_91BFF3B09E00
STUDENT_3AEF636F7722,2AB210B,COURSE_2AB210BBEC8C
STUDENT_56F8EC994E5C,121C1E5,COURSE_121C1E5CA81A
STUDENT_56F8EC994E5C,4DFDBD5,COURSE_4DFDBD5A1EAB
STUDENT_56F8EC994E5C,C0809A7,COURSE_C0809A768480
STUDENT_56F8EC994E5C,2271E57,COURSE_2271E57A6113
STUDENT_56F8EC994E5C,653E100,COURSE_653E100DE826
STUDENT_56F8EC994E5C,D4B3043,COURSE_D4B30433AFFD
STUDENT_6ACF1E204120,157E49E,COURSE_157E49E5EB6E
STUDENT_6ACF1E204120,A419E04,COURSE_A419E04C917F
STUDENT_6ACF1E204120,9316CD4,COURSE_9316CD4D881E
STUDENT_6ACF1E204120,69DBF44,COURSE_69DBF44B3D90
STUDENT_E8DC0335A90F,A419E04,COURSE_A419E04C917F
STUDENT_E8DC0335A90F,258D4B8,COURSE_258D4B85BE0B
STUDENT_E8DC0335A90F,AFFC57F,COURSE_AFFC57FABE98
STUDENT_E8DC0335A90F,88A5BB2,COURSE_88A5BB2A9E50
STUDENT_E8DC0335A90F,2A9F863,COURSE_2A9F8630D88C
STUDENT_E8DC0335A90F,BAFD130,COURSE_BAFD130A3032
STUDENT_9330F942E30A,190013B,COURSE_190013BFF7C1
STUDENT_9330F942E30A,3A566B2,COURSE_3A566B2FDF91
STUDENT_9330F942E30A,61C7475,COURSE_61C74758B507
STUDENT_9330F942E30A,2272A89,COURSE_2272A89A56F1
STUDENT_9330F942E30A,49EFDEC,COURSE_49EFDEC4AD22
STUDENT_36386C4C4959,D83CCF6,COURSE_D83CCF67F12C
STUDENT_36386C4C4959,1955497,COURSE_19554970F628
STUDENT_36386C4C4959,500C8E8,COURSE_500C8E8E485C
STUDENT_36386C4C4959,47510C7,COURSE_47510C7D6B2A
STUDENT_36386C4C4959,5DB4771,COURSE_5DB4771B0A79
STUDENT_36386C4C4959,165B6EC,COURSE_165B6EC64386
STUDENT_8CE61F469F20,80EAE88,COURSE_80EAE885256A
STUDENT_8CE61F469F20,F911ACE,COURSE_F911ACEAA7B5
STUDENT_A3FCAF98E255,EC38A74,COURSE_EC38A741879B
STUDENT_A3FCAF98E255,EE22381,COURSE_EE2238133323
STUDENT_A3FCAF98E255,6AE5916,COURSE_6AE5916D0725
STUDENT_A3FCAF98E255,D60A15E,COURSE_D60A15E39D9C
STUDENT_A3FCAF98E255,9C6DF31,COURSE_9C6DF318F006
STUDENT_A3FCAF98E255,BF0C1E7,COURSE_BF0C1E79B695
STUDENT_1A5D1328C1A8,6E363D6,COURSE_6E363D600BA1
STUDENT_1A5D1328C1A8,8928BF4,COURSE_8928BF411C22
STUDENT_1A5D1328C1A8,342173B,COURSE_342173B29394
STUDENT_1A5D1328C1A8,9772A41,COURSE_9772A418992F
STUDENT_1A5D1328C1A8,C40C59E,COURSE_C40C59E77909
STUDENT_9C0665D4F600,6E363D6,COURSE_6E363D600BA1
STUDENT_9C0665D4F600,8928BF4,COURSE_8928BF411C22
STUDENT_9C0665D4F600,342173B,COURSE_342173B29394
STUDENT_9C0665D4F600,80EAE88,COURSE_80EAE885256A
STUDENT_9C0665D4F600,9772A41,COURSE_9772A418992F
STUDENT_3BCADA75BA72,258D4B8,COURSE_258D4B85BE0B
STUDENT_3BCADA75BA72,FF52A45,COURSE_FF52A456A828
STUDENT_3BCADA75BA72,AFFC57F,COURSE_AFFC57FABE98
STUDENT_3BCADA75BA72,9E6B1F1,COURSE_9E6B1F18531F
STUDENT_3BCADA75BA72,AFF1D77,COURSE_AFF1D77BF8D8
STUDENT_B908FF51EC95,6AE5916,COURSE_6AE5916D0725
STUDENT_BF29B890E6C8,6E363D6,COURSE_6E363D600BA1
STUDENT_BF29B890E6C8,8928BF4,COURSE_8928BF411C22
STUDENT_BF29B890E6C8,91BFF3B,COURSE_91BFF3B09E00
STUDENT_BF29B890E6C8,342173B,COURSE_342173B29394
STUDENT_BF29B890E6C8,4457B1D,COURSE_4457B1DB75EA
STUDENT_56C932BCF805,121C1E5,COURSE_121C1E5CA81A
STUDENT_56C932BCF805,4DFDBD5,COURSE_4DFDBD5A1EAB
STUDENT_56C932BCF805,6F2977C,COURSE_6F2977CBA34F
STUDENT_56C932BCF805,1C5D6A5,COURSE_1C5D6A56EC25
STUDENT_56C932BCF805,6913DA1,COURSE_6913DA13F5CD
STUDENT_56C932BCF805,C834FC6,COURSE_C834FC623CA7
STUDENT_27F68A3E4BA8,81A8D50,COURSE_81A8D508C067
STUDENT_27F68A3E4BA8,195AC94,COURSE_195AC942FF0E
STUDENT_9F6048530960,4E2B40A,COURSE_4E2B40A02EA8
STUDENT_9F6048530960,9F8E751,COURSE_9F8E7511D62C
STUDENT_123659C026B8,190013B,COURSE_190013BFF7C1
STUDENT_123659C026B8,3A566B2,COURSE_3A566B2FDF91
STUDENT_123659C026B8,61C7475,COURSE_61C74758B507
STUDENT_123659C026B8,2272A89,COURSE_2272A89A56F1
STUDENT_123659C026B8,49EFDEC,COURSE_49EFDEC4AD22
STUDENT_0FE6AEDD743C,1955497,COURSE_19554970F628
STUDENT_0FE6AEDD743C,500C8E8,COURSE_500C8E8E485C
STUDENT_0FE6AEDD743C,5DB4771,COURSE_5DB4771B0A79
STUDENT_0FE6AEDD743C,48F4CC0,COURSE_48F4CC02AA5A
STUDENT_0FE6AEDD743C,165B6EC,COURSE_165B6EC64386
STUDENT_0FE6AEDD743C,A9C3CE0,COURSE_A9C3CE099531
STUDENT_44C645FF691A,258D4B8,COURSE_258D4B85BE0B
STUDENT_44C645FF691A,383B616,COURSE_383B6165A0C6
STUDENT_44C645FF691A,81F8284,COURSE_81F8284E70A1
STUDENT_44C645FF691A,847CF53,COURSE_847CF537763E
STUDENT_76BFBBE0A5EE,58B4C36,COURSE_58B4C3685A81
STUDENT_76BFBBE0A5EE,B4B5B8E,COURSE_B4B5B8E85C6D
STUDENT_76BFBBE0A5EE,F911ACE,COURSE_F911ACEAA7B5
STUDENT_76BFBBE0A5EE,4457B1D,COURSE_4457B1DB75EA
STUDENT_76BFBBE0A5EE,91BFF3B,COURSE_91BFF3B09E00
STUDENT_76BFBBE0A5EE,C40C59E,COURSE_C40C59E77909
STUDENT_AFC60524CFC4,2271E57,COURSE_2271E57A6113
STUDENT_AFC60524CFC4,653E100,COURSE_653E100DE826
STUDENT_EAD1D3051967,69DBF44,COURSE_69DBF44B3D90
STUDENT_EAD1D3051967,258D4B8,COURSE_258D4B85BE0B
STUDENT_EAD1D3051967,9316CD4,COURSE_9316CD4D881E
STUDENT_EAD1D3051967,6F2977C,COURSE_6F2977CBA34F
STUDENT_F0A0CA31A25D,6E363D6,COURSE_6E363D600BA1
STUDENT_F0A0CA31A25D,8928BF4,COURSE_8928BF411C22
STUDENT_F0A0CA31A25D,342173B,COURSE_342173B29394
STUDENT_F0A0CA31A25D,9772A41,COURSE_9772A418992F
STUDENT_F0A0CA31A25D,C40C59E,COURSE_C40C59E77909
STUDENT_42670B7DA24C,9031CED,COURSE_9031CEDB50FD
STUDENT_42670B7DA24C,4457B1D,COURSE_4457B1DB75EA
STUDENT_C394C83B5E13,6E363D6,COURSE_6E363D600BA1
STUDENT_C394C83B5E13,9772A41,COURSE_9772A418992F
STUDENT_C394C83B5E13,58B4C36,COURSE_58B4C3685A81
STUDENT_410FD9816FDF,847CF53,COURSE_847CF537763E
STUDENT_4D7CA06F5370,3444FA0,COURSE_3444FA0063FE
STUDENT_4D7CA06F5370,88B5D98,COURSE_88B5D984C554
STUDENT_4D7CA06F5370,6B4B9A8,COURSE_6B4B9A851F21
STUDENT_45E6D60B6076,69DBF44,COURSE_69DBF44B3D90
STUDENT_45E6D60B6076,1AA2066,COURSE_1AA20669074A
STUDENT_45E6D60B6076,258D4B8,COURSE_258D4B85BE0B
STUDENT_45E6D60B6076,9316CD4,COURSE_9316CD4D881E
STUDENT_31D1AA4D7D0D,88A5BB2,COURSE_88A5BB2A9E50
STUDENT_31D1AA4D7D0D,2A9F863,COURSE_2A9F8630D88C
STUDENT_31D1AA4D7D0D,BAFD130,COURSE_BAFD130A3032
STUDENT_31D1AA4D7D0D,E1A4EFE,COURSE_E1A4EFE9B9B1
STUDENT_31D1AA4D7D0D,D4B3043,COURSE_D4B30433AFFD
STUDENT_14FB33EAC2B4,28DA87B,COURSE_28DA87BD0111
STUDENT_14FB33EAC2B4,383B616,COURSE_383B6165A0C6
STUDENT_14FB33EAC2B4,81F8284,COURSE_81F8284E70A1
STUDENT_14FB33EAC2B4,8702F1E,COURSE_8702F1EA55DA
STUDENT_14FB33EAC2B4,6B4B9A8,COURSE_6B4B9A851F21
STUDENT_ABD28A7E30CB,80EAE88,COURSE_80EAE885256A
STUDENT_ABD28A7E30CB,F911ACE,COURSE_F911ACEAA7B5
STUDENT_7909A25EE41F,69DBF44,COURSE_69DBF44B3D90
STUDENT_7909A25EE41F,258D4B8,COURSE_258D4B85BE0B
STUDENT_7909A25EE41F,9316CD4,COURSE_9316CD4D881E
STUDENT_43EDFCCA0772,0186BC3,COURSE_0186BC3B6640
STUDENT_43EDFCCA0772,FCF20E6,COURSE_FCF20E6D19D8
STUDENT_43EDFCCA0772,BB7F370,COURSE_BB7F370548AA
STUDENT_43EDFCCA0772,BA20CD1,COURSE_BA20CD16DF25
STUDENT_9011560A620F,C0809A7,COURSE_C0809A768480
STUDENT_9011560A620F,F8FF4AF,COURSE_F8FF4AFC0BCD
STUDENT_9011560A620F,653E100,COURSE_653E100DE826
STUDENT_EFAC17D370F8,D83CCF6,COURSE_D83CCF67F12C
STUDENT_EFAC17D370F8,1955497,COURSE_19554970F628
STUDENT_EFAC17D370F8,500C8E8,COURSE_500C8E8E485C
STUDENT_EFAC17D370F8,47510C7,COURSE_47510C7D6B2A
STUDENT_EFAC17D370F8,5DB4771,COURSE_5DB4771B0A79
STUDENT_EFAC17D370F8,165B6EC,COURSE_165B6EC64386
STUDENT_5526179D18A7,99173EC,COURSE_99173EC7A0C3
STUDENT_5526179D18A7,8E37B74,COURSE_8E37B7465CFD
STUDENT_1A9A51328D4D,FF52A45,COURSE_FF52A456A828
STUDENT_1A9A51328D4D,AFF1D77,COURSE_AFF1D77BF8D8
STUDENT_1A9A51328D4D,88A5BB2,COURSE_88A5BB2A9E50
STUDENT_1A9A51328D4D,2A9F863,COURSE_2A9F8630D88C
STUDENT_1A9A51328D4D,BAFD130,COURSE_BAFD130A3032
STUDENT_1A9A51328D4D,0D5AE07,COURSE_0D5AE07010E3
STUDENT_1A9A51328D4D,C834FC6,COURSE_C834FC623CA7
STUDENT_BE12653F952D,64056FA,COURSE_64056FA06151
STUDENT_BE12653F952D,BB7F370,COURSE_BB7F370548AA
STUDENT_BE12653F952D,0173213,COURSE_0173213F93B6
STUDENT_EB0B9743C89E,190013B,COURSE_190013BFF7C1
STUDENT_EB0B9743C89E,3A566B2,COURSE_3A566B2FDF91
STUDENT_EB0B9743C89E,61C7475,COURSE_61C74758B507
STUDENT_EB0B9743C89E,2272A89,COURSE_2272A89A56F1
STUDENT_EB0B9743C89E,49EFDEC,COURSE_49EFDEC4AD22
STUDENT_8643D276FC66,190013B,COURSE_190013BFF7C1
STUDENT_8643D276FC66,3A566B2,COURSE_3A566B2FDF91
STUDENT_8643D276FC66,61C7475,COURSE_61C74758B507
STUDENT_8643D276FC66,2272A89,COURSE_2272A89A56F1
STUDENT_8643D276FC66,49EFDEC,COURSE_49EFDEC4AD22
STUDENT_832D9AEF6347,3A566B2,COURSE_3A566B2FDF91
STUDENT_832D9AEF6347,DF6FC47,COURSE_DF6FC470A7CD
STUDENT_832D9AEF6347,DBC12C3,COURSE_DBC12C371F89
STUDENT_832D9AEF6347,5CB16CB,COURSE_5CB16CB795C3
STUDENT_832D9AEF6347,66A6CAF,COURSE_66A6CAFEFBDE
STUDENT_832D9AEF6347,07FFBA6,COURSE_07FFBA646CB9
STUDENT_189F05484604,1EB8DAB,COURSE_1EB8DABCEE22
STUDENT_189F05484604,EC38A74,COURSE_EC38A741879B
STUDENT_189F05484604,6AE5916,COURSE_6AE5916D0725
STUDENT_189F05484604,9F8E751,COURSE_9F8E7511D62C
STUDENT_189F05484604,62AD5B8,COURSE_62AD5B8ACE1A
STUDENT_189F05484604,CE06967,COURSE_CE06967084F9
STUDENT_EFE86DBEAEB2,258D4B8,COURSE_258D4B85BE0B
STUDENT_EFE86DBEAEB2,4DFDBD5,COURSE_4DFDBD5A1EAB
STUDENT_EFE86DBEAEB2,9057D89,COURSE_9057D894165E
STUDENT_EFE86DBEAEB2,157E49E,COURSE_157E49E5EB6E
STUDENT_B2FE5899CC2B,F911ACE,COURSE_F911ACEAA7B5
STUDENT_B0D6E380FBD4,157E49E,COURSE_157E49E5EB6E
STUDENT_B0D6E380FBD4,A419E04,COURSE_A419E04C917F
STUDENT_B0D6E380FBD4,9316CD4,COURSE_9316CD4D881E
STUDENT_B0D6E380FBD4,69DBF44,COURSE_69DBF44B3D90
STUDENT_944D5055C88A,C79A295,COURSE_C79A295DA02B
STUDENT_944D5055C88A,3F1B128,COURSE_3F1B1281DACC
STUDENT_944D5055C88A,E00D025,COURSE_E00D02523E87
STUDENT_944D5055C88A,64056FA,COURSE_64056FA06151
STUDENT_944D5055C88A,BA20CD1,COURSE_BA20CD16DF25
STUDENT_BD550348EFB3,190013B,COURSE_190013BFF7C1
STUDENT_BD550348EFB3,3A566B2,COURSE_3A566B2FDF91
STUDENT_BD550348EFB3,61C7475,COURSE_61C74758B507
STUDENT_BD550348EFB3,2272A89,COURSE_2272A89A56F1
STUDENT_BD550348EFB3,28DA87B,COURSE_28DA87BD0111
STUDENT_2594BB43CCBD,A419E04,COURSE_A419E04C917F
STUDENT_2594BB43CCBD,69DBF44,COURSE_69DBF44B3D90
STUDENT_2594BB43CCBD,258D4B8,COURSE_258D4B85BE0B
STUDENT_2594BB43CCBD,9316CD4,COURSE_9316CD4D881E
STUDENT_2594BB43CCBD,F2EB940,COURSE_F2EB940C16DE
STUDENT_89C3CCBE9C28,6C418F3,COURSE_6C418F3F4ACC
STUDENT_89C3CCBE9C28,500C8E8,COURSE_500C8E8E485C
STUDENT_89C3CCBE9C28,5DB4771,COURSE_5DB4771B0A79
STUDENT_89C3CCBE9C28,4E4632B,COURSE_4E4632BBE56E
STUDENT_89C3CCBE9C28,165B6EC,COURSE_165B6EC64386
STUDENT_89C3CCBE9C28,986F248,COURSE_986F248A2D8A
STUDENT_FD982EF2213B,AFF1D77,COURSE_AFF1D77BF8D8
STUDENT_FD982EF2213B,88A5BB2,COURSE_88A5BB2A9E50
STUDENT_FD982EF2213B,2A9F863,COURSE_2A9F8630D88C
STUDENT_FD982EF2213B,BAFD130,COURSE_BAFD130A3032
STUDENT_FD982EF2213B,C834FC6,COURSE_C834FC623CA7
STUDENT_FD982EF2213B,D4B3043,COURSE_D4B30433AFFD
STUDENT_1FD90CBC8302,3A566B2,COURSE_3A566B2FDF91
STUDENT_1FD90CBC8302,99173EC,COURSE_99173EC7A0C3
STUDENT_1FD90CBC8302,49EFDEC,COURSE_49EFDEC4AD22
STUDENT_9098BE4297BF,DF6FC47,COURSE_DF6FC470A7CD
STUDENT_9098BE4297BF,DBC12C3,COURSE_DBC12C371F89
STUDENT_9098BE4297BF,5CB16CB,COURSE_5CB16CB795C3
STUDENT_9098BE4297BF,66A6CAF,COURSE_66A6CAFEFBDE
STUDENT_9098BE4297BF,07FFBA6,COURSE_07FFBA646CB9
STUDENT_9098BE4297BF,A50759E,COURSE_A50759E88C40
STUDENT_A721DEEBCBEE,500C8E8,COURSE_500C8E8E485C
STUDENT_A721DEEBCBEE,6913DA1,COURSE_6913DA13F5CD
STUDENT_A721DEEBCBEE,5D48D2E,COURSE_5D48D2E51549
STUDENT_A721DEEBCBEE,691E308,COURSE_691E308022A0
STUDENT_A721DEEBCBEE,91D9143,COURSE_91D914364C5C
STUDENT_A721DEEBCBEE,383B616,COURSE_383B6165A0C6
STUDENT_63C924B8F646,69DBF44,COURSE_69DBF44B3D90
STUDENT_63C924B8F646,1AA2066,COURSE_1AA20669074A
STUDENT_63C924B8F646,258D4B8,COURSE_258D4B85BE0B
STUDENT_63C924B8F646,9316CD4,COURSE_9316CD4D881E
STUDENT_2DBDB7B6830C,F2EB940,COURSE_F2EB940C16DE
STUDENT_2DBDB7B6830C,190013B,COURSE_190013BFF7C1
STUDENT_2DBDB7B6830C,3A566B2,COURSE_3A566B2FDF91
STUDENT_2DBDB7B6830C,61C7475,COURSE_61C74758B507
STUDENT_2DBDB7B6830C,2272A89,COURSE_2272A89A56F1
STUDENT_26FE47BEA59B,9316CD4,COURSE_9316CD4D881E
STUDENT_26FE47BEA59B,30902F4,COURSE_30902F436CC4
STUDENT_26FE47BEA59B,83D7482,COURSE_83D748271771
STUDENT_26FE47BEA59B,B936E4C,COURSE_B936E4CB244C
STUDENT_14BD4F87D91C,BB7F370,COURSE_BB7F370548AA
STUDENT_14BD4F87D91C,EB9466F,COURSE_EB9466FE229C
STUDENT_E4B4671B0D93,BB7F370,COURSE_BB7F370548AA
STUDENT_E4B4671B0D93,EB9466F,COURSE_EB9466FE229C
STUDENT_8AB782F6DDFF,500C8E8,COURSE_500C8E8E485C
STUDENT_8AB782F6DDFF,47510C7,COURSE_47510C7D6B2A
STUDENT_8AB782F6DDFF,48F4CC0,COURSE_48F4CC02AA5A
STUDENT_8AB782F6DDFF,4E4632B,COURSE_4E4632BBE56E
STUDENT_8AB782F6DDFF,165B6EC,COURSE_165B6EC64386
STUDENT_8AB782F6DDFF,A9C3CE0,COURSE_A9C3CE099531
STUDENT_DB017CF604E2,121C1E5,COURSE_121C1E5CA81A
STUDENT_DB017CF604E2,4E2B40A,COURSE_4E2B40A02EA8
STUDENT_DB017CF604E2,1C5D6A5,COURSE_1C5D6A56EC25
STUDENT_DB017CF604E2,E1A4EFE,COURSE_E1A4EFE9B9B1
STUDENT_DB017CF604E2,C834FC6,COURSE_C834FC623CA7
STUDENT_DB017CF604E2,D4B3043,COURSE_D4B30433AFFD
STUDENT_14C4D7243A44,AFFC57F,COURSE_AFFC57FABE98
STUDENT_14C4D7243A44,88A5BB2,COURSE_88A5BB2A9E50
STUDENT_14C4D7243A44,2A9F863,COURSE_2A9F8630D88C
STUDENT_14C4D7243A44,BAFD130,COURSE_BAFD130A3032
STUDENT_14C4D7243A44,C834FC6,COURSE_C834FC623CA7
STUDENT_14C4D7243A44,D4B3043,COURSE_D4B30433AFFD
STUDENT_53991F05876E,6F2977C,COURSE_6F2977CBA34F
STUDENT_53991F05876E,4E2B40A,COURSE_4E2B40A02EA8
STUDENT_53991F05876E,1C5D6A5,COURSE_1C5D6A56EC25
STUDENT_53991F05876E,190013B,COURSE_190013BFF7C1
STUDENT_53991F05876E,2272A89,COURSE_2272A89A56F1
STUDENT_53991F05876E,66A6CAF,COURSE_66A6CAFEFBDE
STUDENT_45BF9DA921B9,48F4CC0,COURSE_48F4CC02AA5A
STUDENT_45BF9DA921B9,4E4632B,COURSE_4E4632BBE56E
STUDENT_61E814B23933,C79A295,COURSE_C79A295DA02B
STUDENT_61E814B23933,3F1B128,COURSE_3F1B1281DACC
STUDENT_61E814B23933,E00D025,COURSE_E00D02523E87
STUDENT_61E814B23933,64056FA,COURSE_64056FA06151
STUDENT_61E814B23933,BA20CD1,COURSE_BA20CD16DF25
STUDENT_09BE99D9A116,121C1E5,COURSE_121C1E5CA81A
STUDENT_09BE99D9A116,6F2977C,COURSE_6F2977CBA34F
STUDENT_F43E6FA94273,80EAE88,COURSE_80EAE885256A
STUDENT_F43E6FA94273,6C418F3,COURSE_6C418F3F4ACC
STUDENT_F43E6FA94273,250D49A,COURSE_250D49A6137B
STUDENT_F43E6FA94273,32D5691,COURSE_32D569186237
STUDENT_F43E6FA94273,24A18A5,COURSE_24A18A5B3FF2
STUDENT_F43E6FA94273,F2EB940,COURSE_F2EB940C16DE
STUDENT_CEA0C137001C,EC38A74,COURSE_EC38A741879B
STUDENT_CEA0C137001C,EE22381,COURSE_EE2238133323
STUDENT_CEA0C137001C,6AE5916,COURSE_6AE5916D0725
STUDENT_CEA0C137001C,D60A15E,COURSE_D60A15E39D9C
STUDENT_CEA0C137001C,9C6DF31,COURSE_9C6DF318F006
STUDENT_CEA0C137001C,BF0C1E7,COURSE_BF0C1E79B695
STUDENT_B10166E6F7A3,C79A295,COURSE_C79A295DA02B
STUDENT_B10166E6F7A3,3F1B128,COURSE_3F1B1281DACC
STUDENT_B10166E6F7A3,E00D025,COURSE_E00D02523E87
STUDENT_B10166E6F7A3,64056FA,COURSE_64056FA06151
STUDENT_B10166E6F7A3,BA20CD1,COURSE_BA20CD16DF25
STUDENT_436FA5F2A014,C79A295,COURSE_C79A295DA02B
STUDENT_436FA5F2A014,3F1B128,COURSE_3F1B1281DACC
STUDENT_436FA5F2A014,E00D025,COURSE_E00D02523E87
STUDENT_436FA5F2A014,64056FA,COURSE_64056FA06151
STUDENT_436FA5F2A014,BA20CD1,COURSE_BA20CD16DF25
STUDENT_52618856F404,A419E04,COURSE_A419E04C917F
STUDENT_52618856F404,69DBF44,COURSE_69DBF44B3D90
STUDENT_52618856F404,258D4B8,COURSE_258D4B85BE0B
STUDENT_52618856F404,9316CD4,COURSE_9316CD4D881E
STUDENT_52618856F404,F2EB940,COURSE_F2EB940C16DE
STUDENT_802793397D71,D83CCF6,COURSE_D83CCF67F12C
STUDENT_802793397D71,1955497,COURSE_19554970F628
STUDENT_802793397D71,500C8E8,COURSE_500C8E8E485C
STUDENT_802793397D71,5DB4771,COURSE_5DB4771B0A79
STUDENT_802793397D71,4E4632B,COURSE_4E4632BBE56E
STUDENT_802793397D71,165B6EC,COURSE_165B6EC64386
STUDENT_00CFBCBCF13F,190013B,COURSE_190013BFF7C1
STUDENT_00CFBCBCF13F,3A566B2,COURSE_3A566B2FDF91
STUDENT_00CFBCBCF13F,61C7475,COURSE_61C74758B507
STUDENT_00CFBCBCF13F,2272A89,COURSE_2272A89A56F1
STUDENT_00CFBCBCF13F,49EFDEC,COURSE_49EFDEC4AD22
STUDENT_125221B68EBD,DF6FC47,COURSE_DF6FC470A7CD
STUDENT_21FF2FE79D54,1955497,COURSE_19554970F628
STUDENT_21FF2FE79D54,500C8E8,COURSE_500C8E8E485C
STUDENT_21FF2FE79D54,5DB4771,COURSE_5DB4771B0A79
STUDENT_21FF2FE79D54,4E4632B,COURSE_4E4632BBE56E
STUDENT_21FF2FE79D54,165B6EC,COURSE_165B6EC64386
STUDENT_21FF2FE79D54,2962003,COURSE_2962003E8EB8
STUDENT_3261F5838013,BB7F370,COURSE_BB7F370548AA
STUDENT_3261F5838013,0173213,COURSE_0173213F93B6
STUDENT_3261F5838013,2AB210B,COURSE_2AB210BBEC8C
STUDENT_3261F5838013,6AEB855,COURSE_6AEB8553B28E
STUDENT_3261F5838013,F34ADCC,COURSE_F34ADCCF6010
STUDENT_87911DF31D64,6E363D6,COURSE_6E363D600BA1
STUDENT_87911DF31D64,8928BF4,COURSE_8928BF411C22
STUDENT_87911DF31D64,342173B,COURSE_342173B29394
STUDENT_87911DF31D64,80EAE88,COURSE_80EAE885256A
STUDENT_87911DF31D64,F2EB940,COURSE_F2EB940C16DE
STUDENT_2287D2AEED10,C79A295,COURSE_C79A295DA02B
STUDENT_2287D2AEED10,3F1B128,COURSE_3F1B1281DACC
STUDENT_2287D2AEED10,E00D025,COURSE_E00D02523E87
STUDENT_2287D2AEED10,64056FA,COURSE_64056FA06151
STUDENT_2287D2AEED10,BA20CD1,COURSE_BA20CD16DF25
STUDENT_24A21F671DEA,0D5AE07,COURSE_0D5AE07010E3
STUDENT_890EF789B812,258D4B8,COURSE_258D4B85BE0B
STUDENT_1FAEFCD40496,90C1B72,COURSE_90C1B7254FDD
STUDENT_1FAEFCD40496,645A680,COURSE_645A680E52B7
STUDENT_1FAEFCD40496,0186BC3,COURSE_0186BC3B6640
STUDENT_1FAEFCD40496,9E6B1F1,COURSE_9E6B1F18531F
STUDENT_1FAEFCD40496,165B6EC,COURSE_165B6EC64386
STUDENT_5F52C240DFAF,C79A295,COURSE_C79A295DA02B
STUDENT_5F52C240DFAF,3F1B128,COURSE_3F1B1281DACC
STUDENT_5F52C240DFAF,E00D025,COURSE_E00D02523E87
STUDENT_5F52C240DFAF,64056FA,COURSE_64056FA06151
STUDENT_5F52C240DFAF,BA20CD1,COURSE_BA20CD16DF25
STUDENT_82F212956F87,190013B,COURSE_190013BFF7C1
STUDENT_82F212956F87,3A566B2,COURSE_3A566B2FDF91
STUDENT_82F212956F87,61C7475,COURSE_61C74758B507
STUDENT_82F212956F87,2272A89,COURSE_2272A89A56F1
STUDENT_82F212956F87,66A6CAF,COURSE_66A6CAFEFBDE
STUDENT_69AB93D44250,190013B,COURSE_190013BFF7C1
STUDENT_69AB93D44250,3A566B2,COURSE_3A566B2FDF91
STUDENT_69AB93D44250,61C7475,COURSE_61C74758B507
STUDENT_69AB93D44250,2272A89,COURSE_2272A89A56F1
STUDENT_69AB93D44250,49EFDEC,COURSE_49EFDEC4AD22
STUDENT_230904801972,258D4B8,COURSE_258D4B85BE0B
STUDENT_230904801972,FF52A45,COURSE_FF52A456A828
STUDENT_230904801972,AFFC57F,COURSE_AFFC57FABE98
STUDENT_230904801972,9E6B1F1,COURSE_9E6B1F18531F
STUDENT_230904801972,AFF1D77,COURSE_AFF1D77BF8D8
STUDENT_230904801972,165B6EC,COURSE_165B6EC64386
STUDENT_E12DFA730BB1,157E49E,COURSE_157E49E5EB6E
STUDENT_E12DFA730BB1,A419E04,COURSE_A419E04C917F
STUDENT_E12DFA730BB1,9316CD4,COURSE_9316CD4D881E
STUDENT_E12DFA730BB1,83D7482,COURSE_83D748271771
STUDENT_FA2EC17645B9,C79A295,COURSE_C79A295DA02B
STUDENT_FA2EC17645B9,3F1B128,COURSE_3F1B1281DACC
STUDENT_FA2EC17645B9,E00D025,COURSE_E00D02523E87
STUDENT_FA2EC17645B9,64056FA,COURSE_64056FA06151
STUDENT_FA2EC17645B9,BA20CD1,COURSE_BA20CD16DF25
STUDENT_8C9FB7358FD1,C79A295,COURSE_C79A295DA02B
STUDENT_8C9FB7358FD1,3F1B128,COURSE_3F1B1281DACC
STUDENT_8C9FB7358FD1,E00D025,COURSE_E00D02523E87
STUDENT_8C9FB7358FD1,64056FA,COURSE_64056FA06151
STUDENT_8C9FB7358FD1,BA20CD1,COURSE_BA20CD16DF25
STUDENT_7A855509200B,C79A295,COURSE_C79A295DA02B
STUDENT_7A855509200B,3F1B128,COURSE_3F1B1281DACC
STUDENT_7A855509200B,E00D025,COURSE_E00D02523E87
STUDENT_7A855509200B,64056FA,COURSE_64056FA06151
STUDENT_7A855509200B,BA20CD1,COURSE_BA20CD16DF25
STUDENT_60BF6E1CEE29,C79A295,COURSE_C79A295DA02B
STUDENT_60BF6E1CEE29,3F1B128,COURSE_3F1B1281DACC
STUDENT_60BF6E1CEE29,E00D025,COURSE_E00D02523E87
STUDENT_60BF6E1CEE29,64056FA,COURSE_64056FA06151
STUDENT_60BF6E1CEE29,BA20CD1,COURSE_BA20CD16DF25
STUDENT_B4A94107D6FD,47E4DB4,COURSE_47E4DB4D9F6E
STUDENT_B4A94107D6FD,28DA87B,COURSE_28DA87BD0111
STUDENT_B4A94107D6FD,3A124DB,COURSE_3A124DB43FF4
STUDENT_B4A94107D6FD,4F8DAE0,COURSE_4F8DAE02A7A0
STUDENT_B4A94107D6FD,5DB4771,COURSE_5DB4771B0A79
STUDENT_79040DEC47D3,D83CCF6,COURSE_D83CCF67F12C
STUDENT_79040DEC47D3,1955497,COURSE_19554970F628
STUDENT_79040DEC47D3,500C8E8,COURSE_500C8E8E485C
STUDENT_79040DEC47D3,47510C7,COURSE_47510C7D6B2A
STUDENT_79040DEC47D3,5DB4771,COURSE_5DB4771B0A79
STUDENT_79040DEC47D3,165B6EC,COURSE_165B6EC64386
STUDENT_C18AF07EBB5B,64056FA,COURSE_64056FA06151
STUDENT_C18AF07EBB5B,BB7F370,COURSE_BB7F370548AA
STUDENT_C18AF07EBB5B,0173213,COURSE_0173213F93B6
STUDENT_C18AF07EBB5B,2AB210B,COURSE_2AB210BBEC8C
STUDENT_C18AF07EBB5B,D4B3043,COURSE_D4B30433AFFD
STUDENT_99D5D6BB4C0F,6E363D6,COURSE_6E363D600BA1
STUDENT_99D5D6BB4C0F,9772A41,COURSE_9772A418992F
STUDENT_99D5D6BB4C0F,4457B1D,COURSE_4457B1DB75EA
STUDENT_A1C77D813B83,9031CED,COURSE_9031CEDB50FD
STUDENT_A1C77D813B83,58B4C36,COURSE_58B4C3685A81
STUDENT_A1C77D813B83,B4B5B8E,COURSE_B4B5B8E85C6D
STUDENT_A1C77D813B83,F911ACE,COURSE_F911ACEAA7B5
STUDENT_A1C77D813B83,4457B1D,COURSE_4457B1DB75EA
STUDENT_A1C77D813B83,91BFF3B,COURSE_91BFF3B09E00
STUDENT_289F1A69E3B4,DF6FC47,COURSE_DF6FC470A7CD
STUDENT_289F1A69E3B4,DBC12C3,COURSE_DBC12C371F89
STUDENT_289F1A69E3B4,5CB16CB,COURSE_5CB16CB795C3
STUDENT_289F1A69E3B4,1330BF6,COURSE_1330BF611256
STUDENT_C269DF9BA6B0,1AA2066,COURSE_1AA20669074A
STUDENT_C269DF9BA6B0,4DFDBD5,COURSE_4DFDBD5A1EAB
STUDENT_C269DF9BA6B0,6F2977C,COURSE_6F2977CBA34F
STUDENT_C269DF9BA6B0,E1A4EFE,COURSE_E1A4EFE9B9B1
STUDENT_C269DF9BA6B0,C834FC6,COURSE_C834FC623CA7
STUDENT_C269DF9BA6B0,D4B3043,COURSE_D4B30433AFFD
STUDENT_17964C8FA5AB,258D4B8,COURSE_258D4B85BE0B
STUDENT_17964C8FA5AB,88A5BB2,COURSE_88A5BB2A9E50
STUDENT_17964C8FA5AB,2A9F863,COURSE_2A9F8630D88C
STUDENT_17964C8FA5AB,BAFD130,COURSE_BAFD130A3032
STUDENT_17964C8FA5AB,9F8E751,COURSE_9F8E7511D62C
STUDENT_0DCE4CE7F95E,9C6DF31,COURSE_9C6DF318F006
STUDENT_0DCE4CE7F95E,CE06967,COURSE_CE06967084F9
STUDENT_744B37674FC2,6E363D6,COURSE_6E363D600BA1
STUDENT_744B37674FC2,8928BF4,COURSE_8928BF411C22
STUDENT_744B37674FC2,342173B,COURSE_342173B29394
STUDENT_744B37674FC2,9772A41,COURSE_9772A418992F
STUDENT_744B37674FC2,C40C59E,COURSE_C40C59E77909
STUDENT_744B37674FC2,3895DF1,COURSE_3895DF1B2396
STUDENT_8DA2DE0CEE1C,C79A295,COURSE_C79A295DA02B
STUDENT_8DA2DE0CEE1C,3F1B128,COURSE_3F1B1281DACC
STUDENT_8DA2DE0CEE1C,E00D025,COURSE_E00D02523E87
STUDENT_8DA2DE0CEE1C,64056FA,COURSE_64056FA06151
STUDENT_8DA2DE0CEE1C,BA20CD1,COURSE_BA20CD16DF25
STUDENT_D919F0FBBED3,258D4B8,COURSE_258D4B85BE0B
STUDENT_D919F0FBBED3,FF52A45,COURSE_FF52A456A828
STUDENT_D919F0FBBED3,88A5BB2,COURSE_88A5BB2A9E50
STUDENT_D919F0FBBED3,2A9F863,COURSE_2A9F8630D88C
STUDENT_D919F0FBBED3,BAFD130,COURSE_BAFD130A3032
STUDENT_D919F0FBBED3,9F8E751,COURSE_9F8E7511D62C
STUDENT_A0D0470D211A,C79A295,COURSE_C79A295DA02B
STUDENT_A0D0470D211A,3F1B128,COURSE_3F1B1281DACC
STUDENT_A0D0470D211A,E00D025,COURSE_E00D02523E87
STUDENT_A0D0470D211A,64056FA,COURSE_64056FA06151
STUDENT_A0D0470D211A,BA20CD1,COURSE_BA20CD16DF25
STUDENT_5F169EF4009B,A419E04,COURSE_A419E04C917F
STUDENT_5F169EF4009B,69DBF44,COURSE_69DBF44B3D90
STUDENT_5F169EF4009B,9316CD4,COURSE_9316CD4D881E
STUDENT_5F169EF4009B,30902F4,COURSE_30902F436CC4
STUDENT_F66CF736C3F5,C79A295,COURSE_C79A295DA02B
STUDENT_F66CF736C3F5,3F1B128,COURSE_3F1B1281DACC
STUDENT_F66CF736C3F5,2B7ADA6,COURSE_2B7ADA67C898
STUDENT_F66CF736C3F5,355947D,COURSE_355947D15102
STUDENT_F66CF736C3F5,3544086,COURSE_354408622855
STUDENT_F66CF736C3F5,E00D025,COURSE_E00D02523E87
STUDENT_EA6DC5DB22A5,A419E04,COURSE_A419E04C917F
STUDENT_EA6DC5DB22A5,69DBF44,COURSE_69DBF44B3D90
STUDENT_EA6DC5DB22A5,258D4B8,COURSE_258D4B85BE0B
STUDENT_EA6DC5DB22A5,9316CD4,COURSE_9316CD4D881E
STUDENT_EA6DC5DB22A5,BAFD130,COURSE_BAFD130A3032
STUDENT_101E652D771B,58B4C36,COURSE_58B4C3685A81
STUDENT_101E652D771B,B4B5B8E,COURSE_B4B5B8E85C6D
STUDENT_101E652D771B,F911ACE,COURSE_F911ACEAA7B5
STUDENT_101E652D771B,4457B1D,COURSE_4457B1DB75EA
STUDENT_101E652D771B,91BFF3B,COURSE_91BFF3B09E00
STUDENT_101E652D771B,C40C59E,COURSE_C40C59E77909
STUDENT_EDDD1A30D162,B4B5B8E,COURSE_B4B5B8E85C6D
STUDENT_EDDD1A30D162,C0809A7,COURSE_C0809A768480
STUDENT_1B5E8ABEC586,80EAE88,COURSE_80EAE885256A
STUDENT_1B5E8ABEC586,88A5BB2,COURSE_88A5BB2A9E50
STUDENT_1B5E8ABEC586,2A9F863,COURSE_2A9F8630D88C
STUDENT_1B5E8ABEC586,BAFD130,COURSE_BAFD130A3032
STUDENT_1B5E8ABEC586,D4B3043,COURSE_D4B30433AFFD
STUDENT_96E60280B49B,D83CCF6,COURSE_D83CCF67F12C
STUDENT_96E60280B49B,1955497,COURSE_19554970F628
STUDENT_96E60280B49B,500C8E8,COURSE_500C8E8E485C
STUDENT_96E60280B49B,47510C7,COURSE_47510C7D6B2A
STUDENT_96E60280B49B,5DB4771,COURSE_5DB4771B0A79
STUDENT_96E60280B49B,165B6EC,COURSE_165B6EC64386
STUDENT_36D83F8B90F9,FF52A45,COURSE_FF52A456A828
STUDENT_36D83F8B90F9,AFFC57F,COURSE_AFFC57FABE98
STUDENT_36D83F8B90F9,9E6B1F1,COURSE_9E6B1F18531F
STUDENT_36D83F8B90F9,AFF1D77,COURSE_AFF1D77BF8D8
STUDENT_36D83F8B90F9,BAFD130,COURSE_BAFD130A3032
STUDENT_0471E47EBACA,64056FA,COURSE_64056FA06151
STUDENT_0471E47EBACA,D5957F4,COURSE_D5957F457326
STUDENT_0471E47EBACA,C79A295,COURSE_C79A295DA02B
STUDENT_828A8B7C14C6,DF6FC47,COURSE_DF6FC470A7CD
STUDENT_828A8B7C14C6,DBC12C3,COURSE_DBC12C371F89
STUDENT_828A8B7C14C6,5CB16CB,COURSE_5CB16CB795C3
STUDENT_828A8B7C14C6,66A6CAF,COURSE_66A6CAFEFBDE
STUDENT_828A8B7C14C6,1330BF6,COURSE_1330BF611256
STUDENT_FF2249E7C402,81AC608,COURSE_81AC608D129E
STUDENT_FF2249E7C402,AC3C396,COURSE_AC3C3967D4FC
STUDENT_FF2249E7C402,75BD307,COURSE_75BD3070F668
STUDENT_DFEA7316D9F0,4F3752C,COURSE_4F3752CD456B
STUDENT_DFEA7316D9F0,B9EED81,COURSE_B9EED8153A7D
STUDENT_DFEA7316D9F0,099DA73,COURSE_099DA73E98E3
STUDENT_DFEA7316D9F0,1330BF6,COURSE_1330BF611256
STUDENT_A6D728A9820C,A419E04,COURSE_A419E04C917F
STUDENT_A6D728A9820C,69DBF44,COURSE_69DBF44B3D90
STUDENT_A6D728A9820C,258D4B8,COURSE_258D4B85BE0B
STUDENT_A6D728A9820C,9316CD4,COURSE_9316CD4D881E
STUDENT_A6D728A9820C,BAFD130,COURSE_BAFD130A3032
STUDENT_B4C9E42AC33B,6E363D6,COURSE_6E363D600BA1
STUDENT_B4C9E42AC33B,9772A41,COURSE_9772A418992F
STUDENT_B4C9E42AC33B,F911ACE,COURSE_F911ACEAA7B5
STUDENT_B4C9E42AC33B,91BFF3B,COURSE_91BFF3B09E00
STUDENT_2468CC61531D,80EAE88,COURSE_80EAE885256A
STUDENT_2468CC61531D,88A5BB2,COURSE_88A5BB2A9E50
STUDENT_2468CC61531D,2A9F863,COURSE_2A9F8630D88C
STUDENT_2468CC61531D,BAFD130,COURSE_BAFD130A3032
STUDENT_2468CC61531D,D4B3043,COURSE_D4B30433AFFD
STUDENT_EE382F045EF7,4F8DAE0,COURSE_4F8DAE02A7A0
STUDENT_73EE9BAF32B9,9031CED,COURSE_9031CEDB50FD
STUDENT_73EE9BAF32B9,58B4C36,COURSE_58B4C3685A81
STUDENT_73EE9BAF32B9,B4B5B8E,COURSE_B4B5B8E85C6D
STUDENT_73EE9BAF32B9,F911ACE,COURSE_F911ACEAA7B5
STUDENT_73EE9BAF32B9,91BFF3B,COURSE_91BFF3B09E00
STUDENT_73EE9BAF32B9,24A18A5,COURSE_24A18A5B3FF2
STUDENT_48C1F9AD221B,190013B,COURSE_190013BFF7C1
STUDENT_48C1F9AD221B,3A566B2,COURSE_3A566B2FDF91
STUDENT_48C1F9AD221B,61C7475,COURSE_61C74758B507
STUDENT_48C1F9AD221B,2272A89,COURSE_2272A89A56F1
STUDENT_48C1F9AD221B,49EFDEC,COURSE_49EFDEC4AD22
STUDENT_B84BE1FD4030,6E363D6,COURSE_6E363D600BA1
STUDENT_B84BE1FD4030,8928BF4,COURSE_8928BF411C22
STUDENT_B84BE1FD4030,91BFF3B,COURSE_91BFF3B09E00
STUDENT_B84BE1FD4030,9772A41,COURSE_9772A418992F
STUDENT_B84BE1FD4030,4457B1D,COURSE_4457B1DB75EA
STUDENT_4A2EA39B0137,9316CD4,COURSE_9316CD4D881E
STUDENT_4A2EA39B0137,30902F4,COURSE_30902F436CC4
STUDENT_4A2EA39B0137,83D7482,COURSE_83D748271771
STUDENT_4A2EA39B0137,B936E4C,COURSE_B936E4CB244C
STUDENT_C30BB0B09A10,FF52A45,COURSE_FF52A456A828
STUDENT_C30BB0B09A10,AFFC57F,COURSE_AFFC57FABE98
STUDENT_C30BB0B09A10,9E6B1F1,COURSE_9E6B1F18531F
STUDENT_C30BB0B09A10,AFF1D77,COURSE_AFF1D77BF8D8
STUDENT_C30BB0B09A10,BAFD130,COURSE_BAFD130A3032
STUDENT_7E2C8D3C27C6,190013B,COURSE_190013BFF7C1
STUDENT_7E2C8D3C27C6,3A566B2,COURSE_3A566B2FDF91
STUDENT_7E2C8D3C27C6,61C7475,COURSE_61C74758B507
STUDENT_7E2C8D3C27C6,2272A89,COURSE_2272A89A56F1
STUDENT_7E2C8D3C27C6,49EFDEC,COURSE_49EFDEC4AD22
STUDENT_CB90F3334A61,CCB0EDD,COURSE_CCB0EDDCF252
STUDENT_CB90F3334A61,B2EED57,COURSE_B2EED574D766
STUDENT_CB90F3334A61,48F4CC0,COURSE_48F4CC02AA5A
STUDENT_CB90F3334A61,4E4632B,COURSE_4E4632BBE56E
STUDENT_CB90F3334A61,2962003,COURSE_2962003E8EB8
STUDENT_CB90F3334A61,986F248,COURSE_986F248A2D8A
STUDENT_6BE22D841E06,0186BC3,COURSE_0186BC3B6640
STUDENT_6BE22D841E06,F1CDD3F,COURSE_F1CDD3F613DA
STUDENT_6BE22D841E06,FCF20E6,COURSE_FCF20E6D19D8
STUDENT_6BE22D841E06,2AB210B,COURSE_2AB210BBEC8C
STUDENT_28631A4DC059,BB7F370,COURSE_BB7F370548AA
STUDENT_28631A4DC059,6AEB855,COURSE_6AEB8553B28E
STUDENT_28631A4DC059,F34ADCC,COURSE_F34ADCCF6010
STUDENT_F22D9784C92B,BB7F370,COURSE_BB7F370548AA
STUDENT_F22D9784C92B,9A1418F,COURSE_9A1418F9C846
STUDENT_F22D9784C92B,C79A295,COURSE_C79A295DA02B
STUDENT_2CDE3E13E674,90C1B72,COURSE_90C1B7254FDD
STUDENT_2CDE3E13E674,645A680,COURSE_645A680E52B7
STUDENT_2CDE3E13E674,0186BC3,COURSE_0186BC3B6640
STUDENT_2CDE3E13E674,30902F4,COURSE_30902F436CC4
STUDENT_4D0357BF0553,90C1B72,COURSE_90C1B7254FDD
STUDENT_4D0357BF0553,0186BC3,COURSE_0186BC3B6640
STUDENT_4D0357BF0553,FCF20E6,COURSE_FCF20E6D19D8
STUDENT_3806FB890F5D,47E4DB4,COURSE_47E4DB4D9F6E
STUDENT_3806FB890F5D,28DA87B,COURSE_28DA87BD0111
STUDENT_3806FB890F5D,3A124DB,COURSE_3A124DB43FF4
STUDENT_3806FB890F5D,4F8DAE0,COURSE_4F8DAE02A7A0
STUDENT_3806FB890F5D,383B616,COURSE_383B6165A0C6
STUDENT_F6B611A7B9F1,3F1B128,COURSE_3F1B1281DACC
STUDENT_F6B611A7B9F1,BB7F370,COURSE_BB7F370548AA
STUDENT_F6B611A7B9F1,0173213,COURSE_0173213F93B6
STUDENT_F6B611A7B9F1,2AB210B,COURSE_2AB210BBEC8C
STUDENT_F6B611A7B9F1,6AEB855,COURSE_6AEB8553B28E
STUDENT_F6B611A7B9F1,3444FA0,COURSE_3444FA0063FE
STUDENT_CA5FEE6AB327,C834FC6,COURSE_C834FC623CA7
STUDENT_CA5FEE6AB327,383B616,COURSE_383B6165A0C6
STUDENT_CA5FEE6AB327,81AC608,COURSE_81AC608D129E
STUDENT_CA5FEE6AB327,195AC94,COURSE_195AC942FF0E
STUDENT_323A8BE27440,64056FA,COURSE_64056FA06151
STUDENT_323A8BE27440,F34ADCC,COURSE_F34ADCCF6010
STUDENT_0E488E976FC3,4E4632B,COURSE_4E4632BBE56E
STUDENT_0E488E976FC3,F2EB940,COURSE_F2EB940C16DE
STUDENT_138325694929,342173B,COURSE_342173B29394
STUDENT_138325694929,3895DF1,COURSE_3895DF1B2396
STUDENT_138325694929,48F4CC0,COURSE_48F4CC02AA5A
STUDENT_138325694929,1EB8DAB,COURSE_1EB8DABCEE22
STUDENT_138325694929,EC38A74,COURSE_EC38A741879B
STUDENT_138325694929,6AE5916,COURSE_6AE5916D0725
STUDENT_138325694929,9F8E751,COURSE_9F8E7511D62C
STUDENT_138325694929,CE06967,COURSE_CE06967084F9
STUDENT_CA618275971C,383B616,COURSE_383B6165A0C6
STUDENT_CA618275971C,81F8284,COURSE_81F8284E70A1
STUDENT_CA618275971C,81AC608,COURSE_81AC608D129E
STUDENT_CA618275971C,847CF53,COURSE_847CF537763E
STUDENT_5B4295520BB8,E1A4EFE,COURSE_E1A4EFE9B9B1
STUDENT_5B4295520BB8,6513E08,COURSE_6513E08F6B17
STUDENT_5B4295520BB8,0D5AE07,COURSE_0D5AE07010E3
STUDENT_5B4295520BB8,C834FC6,COURSE_C834FC623CA7
STUDENT_5B4295520BB8,D4B3043,COURSE_D4B30433AFFD
STUDENT_03A54B627F04,258D4B8,COURSE_258D4B85BE0B
STUDENT_03A54B627F04,FF52A45,COURSE_FF52A456A828
STUDENT_03A54B627F04,AFFC57F,COURSE_AFFC57FABE98
STUDENT_03A54B627F04,9E6B1F1,COURSE_9E6B1F18531F
STUDENT_03A54B627F04,AFF1D77,COURSE_AFF1D77BF8D8
STUDENT_E88DEF40E3E4,FF52A45,COURSE_FF52A456A828
STUDENT_E88DEF40E3E4,AFF1D77,COURSE_AFF1D77BF8D8
STUDENT_E88DEF40E3E4,88A5BB2,COURSE_88A5BB2A9E50
STUDENT_E88DEF40E3E4,2A9F863,COURSE_2A9F8630D88C
STUDENT_E88DEF40E3E4,BAFD130,COURSE_BAFD130A3032
STUDENT_E88DEF40E3E4,9F8E751,COURSE_9F8E7511D62C
STUDENT_E88DEF40E3E4,C834FC6,COURSE_C834FC623CA7
STUDENT_916F71A18EC7,BB7F370,COURSE_BB7F370548AA
STUDENT_916F71A18EC7,6AEB855,COURSE_6AEB8553B28E
STUDENT_2993703C39B7,195AC94,COURSE_195AC942FF0E
STUDENT_2993703C39B7,75BD307,COURSE_75BD3070F668
STUDENT_1DFD88D42BCE,9E6B1F1,COURSE_9E6B1F18531F
STUDENT_1DFD88D42BCE,88A5BB2,COURSE_88A5BB2A9E50
STUDENT_5CD71BBC5DAE,4F3752C,COURSE_4F3752CD456B
STUDENT_5CD71BBC5DAE,B9EED81,COURSE_B9EED8153A7D
STUDENT_5CD71BBC5DAE,99173EC,COURSE_99173EC7A0C3
STUDENT_5CD71BBC5DAE,1330BF6,COURSE_1330BF611256
STUDENT_E49E4DBD2B33,88B5D98,COURSE_88B5D984C554
STUDENT_E49E4DBD2B33,847CF53,COURSE_847CF537763E
STUDENT_E49E4DBD2B33,75BD307,COURSE_75BD3070F668
STUDENT_1690116CB131,47E4DB4,COURSE_47E4DB4D9F6E
STUDENT_1690116CB131,28DA87B,COURSE_28DA87BD0111
STUDENT_1690116CB131,3A124DB,COURSE_3A124DB43FF4
STUDENT_1690116CB131,4F8DAE0,COURSE_4F8DAE02A7A0
STUDENT_1690116CB131,383B616,COURSE_383B6165A0C6
STUDENT_6667F62FAE6C,C79A295,COURSE_C79A295DA02B
STUDENT_6667F62FAE6C,3F1B128,COURSE_3F1B1281DACC
STUDENT_6667F62FAE6C,E00D025,COURSE_E00D02523E87
STUDENT_6667F62FAE6C,64056FA,COURSE_64056FA06151
STUDENT_6667F62FAE6C,BA20CD1,COURSE_BA20CD16DF25
STUDENT_0F792CDBC6BC,EC38A74,COURSE_EC38A741879B
STUDENT_0F792CDBC6BC,EE22381,COURSE_EE2238133323
STUDENT_0F792CDBC6BC,6AE5916,COURSE_6AE5916D0725
STUDENT_0F792CDBC6BC,D60A15E,COURSE_D60A15E39D9C
STUDENT_0F792CDBC6BC,9C6DF31,COURSE_9C6DF318F006
STUDENT_0F792CDBC6BC,BF0C1E7,COURSE_BF0C1E79B695
STUDENT_907793E40CC8,9772A41,COURSE_9772A418992F
STUDENT_907793E40CC8,3895DF1,COURSE_3895DF1B2396
STUDENT_907793E40CC8,6C418F3,COURSE_6C418F3F4ACC
STUDENT_907793E40CC8,250D49A,COURSE_250D49A6137B
STUDENT_907793E40CC8,24A18A5,COURSE_24A18A5B3FF2
STUDENT_907793E40CC8,F2EB940,COURSE_F2EB940C16DE
STUDENT_81770916BAF7,6E363D6,COURSE_6E363D600BA1
STUDENT_81770916BAF7,8928BF4,COURSE_8928BF411C22
STUDENT_81770916BAF7,91BFF3B,COURSE_91BFF3B09E00
STUDENT_81770916BAF7,342173B,COURSE_342173B29394
STUDENT_81770916BAF7,4457B1D,COURSE_4457B1DB75EA
STUDENT_E4FAC4A5F681,90C1B72,COURSE_90C1B7254FDD
STUDENT_E4FAC4A5F681,0186BC3,COURSE_0186BC3B6640
STUDENT_E4FAC4A5F681,FCF20E6,COURSE_FCF20E6D19D8
STUDENT_DA97E132B859,3895DF1,COURSE_3895DF1B2396
STUDENT_DA97E132B859,48F4CC0,COURSE_48F4CC02AA5A
STUDENT_DA97E132B859,4E4632B,COURSE_4E4632BBE56E
STUDENT_6ACFD930F993,A419E04,COURSE_A419E04C917F
STUDENT_6ACFD930F993,69DBF44,COURSE_69DBF44B3D90
STUDENT_6ACFD930F993,258D4B8,COURSE_258D4B85BE0B
STUDENT_6ACFD930F993,9316CD4,COURSE_9316CD4D881E
STUDENT_6ACFD930F993,F2EB940,COURSE_F2EB940C16DE
STUDENT_2292A7A3075C,190013B,COURSE_190013BFF7C1
STUDENT_2292A7A3075C,3A566B2,COURSE_3A566B2FDF91
STUDENT_2292A7A3075C,61C7475,COURSE_61C74758B507
STUDENT_2292A7A3075C,2272A89,COURSE_2272A89A56F1
STUDENT_2292A7A3075C,49EFDEC,COURSE_49EFDEC4AD22
STUDENT_023D06B9584B,6E363D6,COURSE_6E363D600BA1
STUDENT_023D06B9584B,8928BF4,COURSE_8928BF411C22
STUDENT_023D06B9584B,91BFF3B,COURSE_91BFF3B09E00
STUDENT_023D06B9584B,80EAE88,COURSE_80EAE885256A
STUDENT_023D06B9584B,9772A41,COURSE_9772A418992F
STUDENT_739BCEF7C69D,6E363D6,COURSE_6E363D600BA1
STUDENT_739BCEF7C69D,8928BF4,COURSE_8928BF411C22
STUDENT_739BCEF7C69D,91BFF3B,COURSE_91BFF3B09E00
STUDENT_739BCEF7C69D,80EAE88,COURSE_80EAE885256A
STUDENT_739BCEF7C69D,9772A41,COURSE_9772A418992F
STUDENT_E1D24B823FE1,6E363D6,COURSE_6E363D600BA1
STUDENT_E1D24B823FE1,8928BF4,COURSE_8928BF411C22
STUDENT_E1D24B823FE1,91BFF3B,COURSE_91BFF3B09E00
STUDENT_E1D24B823FE1,342173B,COURSE_342173B29394
STUDENT_E1D24B823FE1,4457B1D,COURSE_4457B1DB75EA
STUDENT_815480CF1913,190013B,COURSE_190013BFF7C1
STUDENT_815480CF1913,3A566B2,COURSE_3A566B2FDF91
STUDENT_815480CF1913,61C7475,COURSE_61C74758B507
STUDENT_815480CF1913,2272A89,COURSE_2272A89A56F1
STUDENT_815480CF1913,49EFDEC,COURSE_49EFDEC4AD22
STUDENT_96E33BF480DE,6E363D6,COURSE_6E363D600BA1
STUDENT_96E33BF480DE,8928BF4,COURSE_8928BF411C22
STUDENT_96E33BF480DE,91BFF3B,COURSE_91BFF3B09E00
STUDENT_96E33BF480DE,342173B,COURSE_342173B29394
STUDENT_96E33BF480DE,80EAE88,COURSE_80EAE885256A
STUDENT_35A42354740A,BF0C1E7,COURSE_BF0C1E79B695
STUDENT_35A42354740A,EC38A74,COURSE_EC38A741879B
STUDENT_35A42354740A,6AE5916,COURSE_6AE5916D0725
STUDENT_6AE0EBDC244B,383B616,COURSE_383B6165A0C6
STUDENT_6AE0EBDC244B,81F8284,COURSE_81F8284E70A1
STUDENT_F61E1BA24BC2,6E363D6,COURSE_6E363D600BA1
STUDENT_F61E1BA24BC2,8928BF4,COURSE_8928BF411C22
STUDENT_F61E1BA24BC2,91BFF3B,COURSE_91BFF3B09E00
STUDENT_F61E1BA24BC2,342173B,COURSE_342173B29394
STUDENT_F61E1BA24BC2,4457B1D,COURSE_4457B1DB75EA
STUDENT_55EE778A08F2,CE06967,COURSE_CE06967084F9
STUDENT_55EE778A08F2,D4B3043,COURSE_D4B30433AFFD
STUDENT_2EB571E7A169,6E363D6,COURSE_6E363D600BA1
STUDENT_2EB571E7A169,8928BF4,COURSE_8928BF411C22
STUDENT_2EB571E7A169,91BFF3B,COURSE_91BFF3B09E00
STUDENT_2EB571E7A169,342173B,COURSE_342173B29394
STUDENT_2EB571E7A169,4457B1D,COURSE_4457B1DB75EA
STUDENT_BF9F3A5D12CC,6E363D6,COURSE_6E363D600BA1
STUDENT_BF9F3A5D12CC,8928BF4,COURSE_8928BF411C22
STUDENT_BF9F3A5D12CC,91BFF3B,COURSE_91BFF3B09E00
STUDENT_BF9F3A5D12CC,342173B,COURSE_342173B29394
STUDENT_BF9F3A5D12CC,4457B1D,COURSE_4457B1DB75EA
STUDENT_74BF94F693CC,9C6DF31,COURSE_9C6DF318F006
STUDENT_74BF94F693CC,CE06967,COURSE_CE06967084F9
STUDENT_59E534EC89B2,6E363D6,COURSE_6E363D600BA1
STUDENT_59E534EC89B2,8928BF4,COURSE_8928BF411C22
STUDENT_59E534EC89B2,91BFF3B,COURSE_91BFF3B09E00
STUDENT_59E534EC89B2,9772A41,COURSE_9772A418992F
STUDENT_59E534EC89B2,4457B1D,COURSE_4457B1DB75EA
STUDENT_04CDAE4A3F1D,64056FA,COURSE_64056FA06151
STUDENT_04CDAE4A3F1D,BB7F370,COURSE_BB7F370548AA
STUDENT_04CDAE4A3F1D,0173213,COURSE_0173213F93B6
STUDENT_04CDAE4A3F1D,D5957F4,COURSE_D5957F457326
STUDENT_04CDAE4A3F1D,9A1418F,COURSE_9A1418F9C846
STUDENT_04CDAE4A3F1D,F34ADCC,COURSE_F34ADCCF6010
STUDENT_8831FCD88B1A,E1A4EFE,COURSE_E1A4EFE9B9B1
STUDENT_8831FCD88B1A,6513E08,COURSE_6513E08F6B17
STUDENT_8831FCD88B1A,0D5AE07,COURSE_0D5AE07010E3
STUDENT_8831FCD88B1A,C834FC6,COURSE_C834FC623CA7
STUDENT_8831FCD88B1A,D4B3043,COURSE_D4B30433AFFD
STUDENT_36214BBAA027,4E2B40A,COURSE_4E2B40A02EA8
STUDENT_2ABB9D0CA1DF,2272A89,COURSE_2272A89A56F1
STUDENT_2ABB9D0CA1DF,07FFBA6,COURSE_07FFBA646CB9
STUDENT_9748D2A0CC6A,58B4C36,COURSE_58B4C3685A81
STUDENT_9748D2A0CC6A,F911ACE,COURSE_F911ACEAA7B5
STUDENT_3F3783F54B6B,6E363D6,COURSE_6E363D600BA1
STUDENT_3F3783F54B6B,8928BF4,COURSE_8928BF411C22
STUDENT_3F3783F54B6B,91BFF3B,COURSE_91BFF3B09E00
STUDENT_3F3783F54B6B,80EAE88,COURSE_80EAE885256A
STUDENT_3F3783F54B6B,9772A41,COURSE_9772A418992F
STUDENT_A56094FFFA97,6E363D6,COURSE_6E363D600BA1
STUDENT_A56094FFFA97,8928BF4,COURSE_8928BF411C22
STUDENT_A56094FFFA97,91BFF3B,COURSE_91BFF3B09E00
STUDENT_A56094FFFA97,9772A41,COURSE_9772A418992F
STUDENT_A56094FFFA97,4457B1D,COURSE_4457B1DB75EA
